timestamp,lidars_0,lidars_1,lidars_2,lidars_3,lidars_4,lidars_5,lidars_6,lidars_7,coords,wheels_0,wheels_1
2026-08-24 11:09:06.731191,0.1,0.1,0.079,0.1,0.1,0.1,0.1,0.1,,0.0,0.0
2026-08-24 11:09:06.762165,0.1,0.1,0.079,0.1,0.1,0.1,0.1,0.1,,0.0,0.0
2026-08-24 11:09:06.786184,0.1,0.1,0.079,0.1,0.1,0.1,0.1,0.1,,0.0,0.0
2026-08-24 11:09:06.809158,0.1,0.1,0.079,0.1,0.1,0.1,0.1,0.1,,0.0,0.0
2026-08-24 11:09:06.827088,0.1,0.1,0.079,0.1,0.1,0.1,0.1,0.1,,0.0,0.0
2026-08-24 11:09:06.847032,0.1,0.1,0.079,0.1,0.1,0.1,0.1,0.1,,0.0,0.0
2026-08-24 11:09:06.860081,0.1,0.1,0.079,0.1,0.1,0.1,0.1,0.1,,0.0,0.0
2026-08-24 11:09:06.873797,0.1,0.1,0.079,0.1,0.1,0.1,0.1,0.1,,0.0,0.0
2026-08-24 11:09:06.930015,0.1,0.1,0.07900000000000001,0.1,0.1,0.1,0.1,0.1,False,0.0,0.0
2026-08-24 11:09:07.003058,0.1,0.1,0.079,0.1,0.1,0.1,0.1,0.1,False,10,10
2026-08-24 11:09:07.024257,0.1,0.1,0.079,0.1,0.1,0.1,0.1,0.1,False,10,10
2026-08-24 11:09:07.049996,0.1,0.1,0.079,0.1,0.1,0.1,0.1,0.1,False,10,10
2026-08-24 11:09:07.063526,0.1,0.1,0.079,0.1,0.1,0.1,0.1,0.1,False,10,10
2026-08-24 11:09:07.083396,0.1,0.1,0.079,0.1,0.1,0.1,0.1,0.1,False,10,10
2026-08-24 11:09:07.115384,0.1,0.1,0.079,0.1,0.1,0.1,0.1,0.1,False,10,10
2026-08-24 11:09:07.148815,0.1,0.1,0.079,0.1,0.1,0.1,0.1,0.1,False,10,10
2026-08-24 11:09:07.175756,0.1,0.1,0.079,0.1,0.1,0.1,0.1,0.1,False,10,10
2026-08-24 11:09:07.186677,0.1,0.1,0.079,0.1,0.1,0.1,0.1,0.1,False,10,10
2026-08-24 11:09:07.204394,0.1,0.1,0.079,0.1,0.1,0.1,0.1,0.1,False,10,10
2026-08-24 11:09:07.219656,0.1,0.1,0.079,0.1,0.1,0.1,0.1,0.1,False,10,10
2026-08-24 11:09:07.233727,0.1,0.1,0.079,0.1,0.1,0.1,0.1,0.1,False,10,10
2026-08-24 11:09:07.257218,0.1,0.1,0.079,0.1,0.1,0.1,0.1,0.1,False,10,10
2026-08-24 11:09:07.283282,0.1,0.1,0.079,0.1,0.1,0.1,0.1,0.1,False,10,10
2026-08-24 11:09:07.296345,0.1,0.1,0.079,0.1,0.1,0.1,0.1,0.1,False,10,10
2026-08-24 11:09:07.311309,0.1,0.1,0.079,0.1,0.1,0.1,0.1,0.1,False,10,10
2026-08-24 11:09:07.327200,0.1,0.1,0.079,0.1,0.1,0.1,0.1,0.1,False,10,10
2026-08-24 11:09:07.345094,0.1,0.1,0.079,0.1,0.1,0.1,0.1,0.1,False,10,10
2026-08-24 11:09:07.358968,0.1,0.1,0.079,0.1,0.1,0.1,0.1,0.1,False,10,10
2026-08-24 11:09:07.374102,0.1,0.1,0.079,0.1,0.1,0.1,0.1,0.1,False,10,10
2026-08-24 11:09:07.390297,0.1,0.1,0.079,0.1,0.1,0.1,0.1,0.1,False,10,10
2026-08-24 11:09:07.406325,0.1,0.1,0.079,0.1,0.1,0.1,0.1,0.1,False,10,10
2026-08-24 11:09:07.422265,0.1,0.1,0.079,0.1,0.1,0.1,0.1,0.1,False,10,10
2026-08-24 11:09:07.438127,0.1,0.1,0.079,0.1,0.1,0.1,0.1,0.1,False,10,10
2026-08-24 11:09:07.460203,0.1,0.1,0.079,0.1,0.1,0.1,0.1,0.1,False,10,10
2026-08-24 11:09:07.470045,0.1,0.1,0.079,0.1,0.1,0.1,0.1,0.1,False,10,10
2026-08-24 11:09:07.485939,0.1,0.1,0.079,0.1,0.1,0.1,0.1,0.1,False,10,10
2026-08-24 11:09:07.501820,0.1,0.1,0.079,0.1,0.1,0.1,0.1,0.1,False,10,10
2026-08-24 11:09:07.517689,0.1,0.1,0.079,0.1,0.1,0.1,0.1,0.1,False,10,10
2026-08-24 11:09:07.533652,0.1,0.1,0.079,0.1,0.1,0.1,0.1,0.1,False,10,10
2026-08-24 11:09:07.551559,0.1,0.1,0.079,0.1,0.1,0.1,0.1,0.1,False,10,10
2026-08-24 11:09:07.565440,0.1,0.1,0.079,0.1,0.1,0.1,0.1,0.1,False,10,10
2026-08-24 11:09:07.579539,0.1,0.1,0.079,0.1,0.1,0.1,0.1,0.1,False,10,10
2026-08-24 11:09:07.597303,0.1,0.1,0.079,0.1,0.1,0.1,0.1,0.1,False,10,10
2026-08-24 11:09:07.613238,0.1,0.1,0.079,0.1,0.1,0.1,0.1,0.1,False,10,10
2026-08-24 11:09:07.629113,0.1,0.1,0.079,0.1,0.1,0.1,0.1,0.1,False,10,10
2026-08-24 11:09:07.644999,0.1,0.1,0.079,0.1,0.1,0.1,0.1,0.1,False,10,10
2026-08-24 11:09:07.660931,0.1,0.1,0.079,0.1,0.1,0.1,0.1,0.1,False,10,10
2026-08-24 11:09:07.676152,0.1,0.1,0.079,0.1,0.1,0.1,0.1,0.1,False,10,10
2026-08-24 11:09:07.690554,0.1,0.1,0.079,0.1,0.1,0.1,0.1,0.1,False,10,10
2026-08-24 11:09:07.708415,0.1,0.1,0.079,0.1,0.1,0.1,0.1,0.1,False,10,10
2026-08-24 11:09:07.724914,0.1,0.1,0.079,0.1,0.1,0.1,0.1,0.1,False,10,10
2026-08-24 11:09:07.738552,0.1,0.1,0.079,0.1,0.1,0.1,0.1,0.1,False,10,10
2026-08-24 11:09:07.756056,0.1,0.1,0.079,0.1,0.1,0.1,0.1,0.1,False,10,10
2026-08-24 11:09:07.771202,0.1,0.1,0.079,0.1,0.1,0.1,0.1,0.1,False,10,10
2026-08-24 11:09:07.787897,0.1,0.1,0.079,0.1,0.1,0.1,0.1,0.1,False,10,10
2026-08-24 11:09:07.805032,0.1,0.1,0.079,0.1,0.1,0.1,0.1,0.1,False,10,10
2026-08-24 11:09:07.820837,0.1,0.1,0.079,0.1,0.1,0.1,0.1,0.1,False,10,10
2026-08-24 11:09:07.832707,0.1,0.1,0.079,0.1,0.1,0.1,0.1,0.1,False,10,10
2026-08-24 11:09:07.850436,0.1,0.1,0.079,0.1,0.1,0.1,0.1,0.1,False,10,10
2026-08-24 11:09:07.864326,0.1,0.1,0.079,0.1,0.1,0.1,0.1,0.1,False,10,10
2026-08-24 11:09:07.880077,0.1,0.1,0.079,0.1,0.1,0.1,0.1,0.1,False,10,10
2026-08-24 11:09:07.897698,0.1,0.1,0.079,0.1,0.1,0.1,0.1,0.1,False,10,10
2026-08-24 11:09:07.911695,0.1,0.1,0.079,0.1,0.1,0.1,0.1,0.1,False,10,10
2026-08-24 11:09:07.928499,0.1,0.1,0.079,0.1,0.1,0.1,0.1,0.1,False,10,10
2026-08-24 11:09:07.944169,0.1,0.1,0.079,0.1,0.1,0.1,0.1,0.1,False,10,10
2026-08-24 11:09:07.958124,0.1,0.1,0.079,0.1,0.1,0.1,0.1,0.1,False,10,10
2026-08-24 11:09:07.973783,0.1,0.1,0.079,0.1,0.1,0.1,0.1,0.1,False,10,10
2026-08-24 11:09:07.989624,0.1,0.1,0.079,0.1,0.1,0.1,0.1,0.1,False,10,10
2026-08-24 11:09:08.007390,0.1,0.1,0.079,0.1,0.1,0.1,0.1,0.1,False,10,10
2026-08-24 11:09:08.023275,0.1,0.1,0.079,0.1,0.1,0.1,0.1,0.1,False,10,10
2026-08-24 11:09:08.039151,0.1,0.1,0.079,0.1,0.1,0.1,0.1,0.1,False,10,10
2026-08-24 11:09:08.055207,0.1,0.1,0.079,0.1,0.1,0.1,0.1,0.1,False,10,10
2026-08-24 11:09:08.070908,0.1,0.1,0.079,0.1,0.1,0.1,0.1,0.1,False,10,10
2026-08-24 11:09:08.088034,0.1,0.1,0.079,0.1,0.1,0.1,0.1,0.1,False,10,10
2026-08-24 11:09:08.102764,0.1,0.1,0.079,0.1,0.1,0.1,0.1,0.1,False,10,10
2026-08-24 11:09:08.118758,0.1,0.1,0.079,0.1,0.1,0.1,0.1,0.1,False,10,10
2026-08-24 11:09:08.134714,0.1,0.1,0.079,0.1,0.1,0.1,0.1,0.1,False,10,10
2026-08-24 11:09:08.154434,0.1,0.1,0.079,0.1,0.1,0.1,0.1,0.1,False,10,10
2026-08-24 11:09:08.172330,0.1,0.1,0.079,0.1,0.1,0.1,0.1,0.1,False,10,10
2026-08-24 11:09:08.181511,0.1,0.1,0.079,0.1,0.1,0.1,0.1,0.1,False,10,10
2026-08-24 11:09:08.197440,0.1,0.1,0.079,0.1,0.1,0.1,0.1,0.1,False,10,10
2026-08-24 11:09:08.213360,0.1,0.1,0.079,0.1,0.1,0.1,0.1,0.1,False,10,10
2026-08-24 11:09:08.229258,0.1,0.1,0.079,0.1,0.1,0.1,0.1,0.1,False,10,10
2026-08-24 11:09:08.249162,0.1,0.1,0.079,0.1,0.1,0.1,0.1,0.1,False,10,10
2026-08-24 11:09:08.260994,0.1,0.1,0.079,0.1,0.1,0.1,0.1,0.1,False,10,10
2026-08-24 11:09:08.276797,0.1,0.1,0.079,0.1,0.1,0.1,0.1,0.1,False,10,10
2026-08-24 11:09:08.292683,0.1,0.1,0.079,0.1,0.1,0.1,0.1,0.1,False,10,10
2026-08-24 11:09:08.307866,0.1,0.1,0.079,0.1,0.1,0.1,0.1,0.1,False,10,10
2026-08-24 11:09:08.323868,0.1,0.1,0.079,0.1,0.1,0.1,0.1,0.1,False,10,10
2026-08-24 11:09:08.338910,0.1,0.1,0.079,0.1,0.1,0.1,0.1,0.1,False,10,10
2026-08-24 11:09:08.355037,0.1,0.1,0.079,0.1,0.1,0.1,0.1,0.1,False,10,10
2026-08-24 11:09:08.377043,0.1,0.1,0.079,0.1,0.1,0.1,0.1,0.1,False,10,10
2026-08-24 11:09:08.390323,0.1,0.1,0.079,0.1,0.1,0.1,0.1,0.1,False,10,10
2026-08-24 11:09:08.408448,0.1,0.1,0.079,0.1,0.1,0.1,0.1,0.1,False,10,10
2026-08-24 11:09:08.418284,0.1,0.1,0.079,0.1,0.1,0.1,0.1,0.1,False,10,10
2026-08-24 11:09:08.438273,0.1,0.1,0.079,0.1,0.1,0.1,0.1,0.1,False,10,10
2026-08-24 11:09:08.449726,0.1,0.1,0.079,0.1,0.1,0.1,0.1,0.1,False,10,10
2026-08-24 11:09:08.464431,0.1,0.1,0.079,0.1,0.1,0.1,0.1,0.1,False,10,10
2026-08-24 11:09:08.485713,0.1,0.1,0.079,0.1,0.1,0.1,0.1,0.1,False,10,10
2026-08-24 11:09:08.497582,0.1,0.1,0.079,0.1,0.1,0.1,0.1,0.1,False,10,10
2026-08-24 11:09:08.513443,0.1,0.1,0.079,0.1,0.1,0.1,0.1,0.1,False,10,10
2026-08-24 11:09:08.531378,0.1,0.1,0.079,0.1,0.1,0.1,0.1,0.1,False,10,10
2026-08-24 11:09:08.545233,0.1,0.1,0.079,0.1,0.1,0.1,0.1,0.1,False,10,10
2026-08-24 11:09:08.561152,0.1,0.1,0.079,0.1,0.1,0.1,0.1,0.1,False,10,10
2026-08-24 11:09:08.577028,0.1,0.1,0.079,0.1,0.1,0.1,0.1,0.1,False,10,10
2026-08-24 11:09:08.592910,0.1,0.1,0.079,0.1,0.1,0.1,0.1,0.1,False,10,10
2026-08-24 11:09:08.608785,0.1,0.1,0.079,0.1,0.1,0.1,0.1,0.1,False,10,10
2026-08-24 11:09:08.624702,0.1,0.1,0.079,0.1,0.1,0.1,0.1,0.1,False,10,10
2026-08-24 11:09:08.640544,0.1,0.1,0.079,0.1,0.1,0.1,0.1,0.1,False,10,10
2026-08-24 11:09:08.656481,0.1,0.1,0.079,0.1,0.1,0.1,0.1,0.1,False,10,10
2026-08-24 11:09:08.673181,0.1,0.1,0.079,0.1,0.1,0.1,0.1,0.1,False,10,10
2026-08-24 11:09:08.687402,0.1,0.1,0.079,0.1,0.1,0.1,0.1,0.1,False,10,10
2026-08-24 11:09:08.704607,0.1,0.1,0.079,0.1,0.1,0.1,0.1,0.1,False,10,10
2026-08-24 11:09:08.719957,0.1,0.1,0.079,0.1,0.1,0.1,0.1,0.1,False,10,10
2026-08-24 11:09:08.735865,0.1,0.1,0.079,0.1,0.1,0.1,0.1,0.1,False,10,10
2026-08-24 11:09:08.751328,0.1,0.1,0.079,0.1,0.1,0.1,0.1,0.1,False,10,10
2026-08-24 11:09:08.768450,0.1,0.1,0.079,0.1,0.1,0.1,0.1,0.1,False,10,10
2026-08-24 11:09:08.782371,0.1,0.1,0.079,0.1,0.1,0.1,0.1,0.1,False,10,10
2026-08-24 11:09:08.798829,0.1,0.1,0.079,0.1,0.1,0.1,0.1,0.1,False,10,10
2026-08-24 11:09:08.812516,0.1,0.1,0.079,0.1,0.1,0.1,0.1,0.1,False,10,10
2026-08-24 11:09:08.828304,0.1,0.1,0.079,0.1,0.1,0.1,0.1,0.1,False,10,10
2026-08-24 11:09:08.845464,0.1,0.1,0.079,0.1,0.1,0.1,0.1,0.1,False,10,10
2026-08-24 11:09:08.860288,0.1,0.1,0.079,0.1,0.1,0.1,0.1,0.1,False,10,10
2026-08-24 11:09:08.877118,0.1,0.1,0.079,0.1,0.1,0.1,0.1,0.1,False,10,10
2026-08-24 11:09:08.893662,0.1,0.1,0.079,0.1,0.1,0.1,0.1,0.1,False,10,10
2026-08-24 11:09:08.908116,0.1,0.1,0.079,0.1,0.1,0.1,0.1,0.1,False,10,10
2026-08-24 11:09:08.922051,0.1,0.1,0.079,0.1,0.1,0.1,0.1,0.1,False,10,10
2026-08-24 11:09:08.939639,0.1,0.1,0.079,0.1,0.1,0.1,0.1,0.1,False,10,10
2026-08-24 11:09:08.953606,0.1,0.1,0.079,0.1,0.1,0.1,0.1,0.1,False,10,10
2026-08-24 11:09:08.970524,0.1,0.1,0.079,0.1,0.1,0.1,0.1,0.1,False,10,10
2026-08-24 11:09:08.988306,0.1,0.1,0.079,0.1,0.1,0.1,0.1,0.1,False,10,10
2026-08-24 11:09:09.003627,0.1,0.1,0.079,0.1,0.1,0.1,0.1,0.1,False,10,10
2026-08-24 11:09:09.020193,0.1,0.1,0.079,0.1,0.1,0.1,0.1,0.1,False,10,10
2026-08-24 11:09:09.034959,0.1,0.1,0.079,0.1,0.1,0.1,0.1,0.1,False,10,10
2026-08-24 11:09:09.050527,0.1,0.1,0.079,0.1,0.1,0.1,0.1,0.1,False,10,10
2026-08-24 11:09:09.065095,0.1,0.1,0.079,0.1,0.1,0.1,0.1,0.1,False,10,10
2026-08-24 11:09:09.081400,0.1,0.1,0.079,0.1,0.1,0.1,0.1,0.1,False,10,10
2026-08-24 11:09:09.094870,0.1,0.1,0.079,0.1,0.1,0.1,0.1,0.1,False,10,10
2026-08-24 11:09:09.113045,0.1,0.1,0.079,0.1,0.1,0.1,0.1,0.1,False,10,10
2026-08-24 11:09:09.129100,0.1,0.1,0.079,0.1,0.1,0.1,0.1,0.1,False,10,10
2026-08-24 11:09:09.144529,0.1,0.1,0.079,0.1,0.1,0.1,0.1,0.1,False,10,10
2026-08-24 11:09:09.160262,0.1,0.1,0.079,0.1,0.1,0.1,0.1,0.1,False,10,10
2026-08-24 11:09:09.175184,0.1,0.1,0.079,0.1,0.1,0.1,0.1,0.1,False,10,10
2026-08-24 11:09:09.190922,0.1,0.1,0.079,0.1,0.1,0.1,0.1,0.1,False,10,10
2026-08-24 11:09:09.207407,0.1,0.1,0.079,0.1,0.1,0.1,0.1,0.1,False,10,10
2026-08-24 11:09:09.220894,0.1,0.1,0.079,0.1,0.1,0.1,0.1,0.1,False,10,10
2026-08-24 11:09:09.237057,0.1,0.1,0.079,0.1,0.1,0.1,0.1,0.1,False,10,10
2026-08-24 11:09:09.254782,0.1,0.1,0.079,0.1,0.1,0.1,0.1,0.1,False,10,10
2026-08-24 11:09:09.271969,0.1,0.1,0.079,0.1,0.1,0.1,0.1,0.1,False,10,10
2026-08-24 11:09:09.285459,0.1,0.1,0.079,0.1,0.1,0.1,0.1,0.1,False,10,10
2026-08-24 11:09:09.302171,0.1,0.1,0.079,0.1,0.1,0.1,0.1,0.1,False,10,10
2026-08-24 11:09:09.318062,0.1,0.1,0.079,0.1,0.1,0.1,0.1,0.1,False,10,10
2026-08-24 11:09:09.332026,0.1,0.1,0.079,0.1,0.1,0.1,0.1,0.1,False,10,10
2026-08-24 11:09:09.347999,0.1,0.1,0.079,0.1,0.1,0.1,0.1,0.1,False,10,10
2026-08-24 11:09:09.366490,0.1,0.1,0.079,0.1,0.1,0.1,0.1,0.1,False,10,10
2026-08-24 11:09:09.382132,0.1,0.1,0.079,0.1,0.1,0.1,0.1,0.1,False,10,10
2026-08-24 11:09:09.398041,0.1,0.1,0.079,0.1,0.1,0.1,0.1,0.1,False,10,10
2026-08-24 11:09:09.413991,0.1,0.1,0.079,0.1,0.1,0.1,0.1,0.1,False,10,10
2026-08-24 11:09:09.431698,0.1,0.1,0.079,0.1,0.1,0.1,0.1,0.1,False,10,10
2026-08-24 11:09:09.445610,0.1,0.1,0.079,0.1,0.1,0.1,0.1,0.1,False,10,10
2026-08-24 11:09:09.461444,0.1,0.1,0.079,0.1,0.1,0.1,0.1,0.1,False,10,10
2026-08-24 11:09:09.475113,0.1,0.1,0.079,0.1,0.1,0.1,0.1,0.1,False,10,10
2026-08-24 11:09:09.492872,0.1,0.1,0.079,0.1,0.1,0.1,0.1,0.1,False,10,10
2026-08-24 11:09:09.507259,0.1,0.1,0.079,0.1,0.1,0.1,0.1,0.1,False,10,10
2026-08-24 11:09:09.523529,0.1,0.1,0.079,0.1,0.1,0.1,0.1,0.1,False,10,10
2026-08-24 11:09:09.537960,0.1,0.1,0.079,0.1,0.1,0.1,0.1,0.1,False,10,10
2026-08-24 11:09:09.555190,0.1,0.1,0.079,0.1,0.1,0.1,0.1,0.1,False,10,10
2026-08-24 11:09:09.571971,0.1,0.1,0.079,0.1,0.1,0.1,0.1,0.1,False,10,10
2026-08-24 11:09:09.587166,0.1,0.1,0.079,0.1,0.1,0.1,0.1,0.1,False,10,10
2026-08-24 11:09:09.603505,0.1,0.1,0.079,0.1,0.1,0.1,0.1,0.1,False,10,10
2026-08-24 11:09:09.620042,0.1,0.1,0.079,0.1,0.1,0.1,0.1,0.1,False,10,10
2026-08-24 11:09:09.634374,0.1,0.1,0.079,0.1,0.1,0.1,0.1,0.1,False,10,10
2026-08-24 11:09:09.648307,0.1,0.1,0.079,0.1,0.1,0.1,0.1,0.1,False,10,10
2026-08-24 11:09:09.665896,0.1,0.1,0.079,0.1,0.1,0.1,0.1,0.1,False,10,10
2026-08-24 11:09:09.679771,0.1,0.1,0.079,0.1,0.1,0.1,0.1,0.1,False,10,10
2026-08-24 11:09:09.697722,0.1,0.1,0.079,0.1,0.1,0.1,0.1,0.1,False,10,10
2026-08-24 11:09:09.712906,0.1,0.1,0.079,0.1,0.1,0.1,0.1,0.1,False,10,10
2026-08-24 11:09:09.728284,0.1,0.1,0.079,0.1,0.1,0.1,0.1,0.1,False,10,10
2026-08-24 11:09:09.744986,0.1,0.1,0.079,0.1,0.1,0.1,0.1,0.1,False,10,10
2026-08-24 11:09:09.758576,0.1,0.1,0.079,0.1,0.1,0.1,0.1,0.1,False,10,10
2026-08-24 11:09:09.774434,0.1,0.1,0.079,0.1,0.1,0.1,0.1,0.1,False,10,10
2026-08-24 11:09:09.791819,0.1,0.1,0.079,0.1,0.1,0.1,0.1,0.1,False,10,10
2026-08-24 11:09:09.807165,0.1,0.1,0.079,0.1,0.1,0.1,0.1,0.1,False,10,10
2026-08-24 11:09:09.821661,0.1,0.1,0.079,0.1,0.1,0.1,0.1,0.1,False,10,10
2026-08-24 11:09:09.839694,0.1,0.1,0.079,0.1,0.1,0.1,0.1,0.1,False,10,10
2026-08-24 11:09:09.853148,0.1,0.1,0.079,0.1,0.1,0.1,0.1,0.1,False,10,10
2026-08-24 11:09:09.870986,0.1,0.1,0.079,0.1,0.1,0.1,0.1,0.1,False,10,10
2026-08-24 11:09:09.888292,0.1,0.1,0.079,0.1,0.1,0.1,0.1,0.1,False,10,10
2026-08-24 11:09:09.901654,0.1,0.1,0.079,0.1,0.1,0.1,0.1,0.1,False,10,10
2026-08-24 11:09:09.916347,0.1,0.1,0.079,0.1,0.1,0.1,0.1,0.1,False,10,10
2026-08-24 11:09:09.934012,0.1,0.1,0.079,0.1,0.1,0.1,0.1,0.1,False,10,10
2026-08-24 11:09:09.947850,0.1,0.1,0.079,0.1,0.1,0.1,0.1,0.1,False,10,10
2026-08-24 11:09:09.963704,0.1,0.1,0.079,0.1,0.1,0.1,0.1,0.1,False,10,10
2026-08-24 11:09:09.978409,0.1,0.1,0.079,0.1,0.1,0.1,0.1,0.1,False,10,10
2026-08-24 11:09:09.995726,0.1,0.1,0.079,0.1,0.1,0.1,0.1,0.1,False,10,10
2026-08-24 11:09:10.011590,0.1,0.1,0.079,0.1,0.1,0.1,0.1,0.1,False,10,10
2026-08-24 11:09:10.027496,0.1,0.1,0.079,0.1,0.1,0.1,0.1,0.1,False,10,10
2026-08-24 11:09:10.040691,0.09825077354722112,0.1,0.079,0.1,0.1,0.1,0.1,0.09824748316253576,False,10,10
2026-08-24 11:09:10.057371,0.09825077354722112,0.1,0.079,0.1,0.1,0.1,0.1,0.09824748316253576,False,10,10
2026-08-24 11:09:10.074435,0.09737496344473744,0.1,0.079,0.1,0.1,0.1,0.1,0.0973717958222121,False,10,10
2026-08-24 11:09:10.090364,0.09561864086413725,0.1,0.079,0.1,0.1,0.1,0.1,0.09561548595549091,False,10,10
2026-08-24 11:09:10.104949,0.09561864086413725,0.1,0.079,0.1,0.1,0.1,0.1,0.09561548595549091,False,10,10
2026-08-24 11:09:10.127631,0.09473501893194465,0.1,0.079,0.1,0.1,0.1,0.1,0.09473175855529724,False,10,10
2026-08-24 11:09:10.138108,0.0938597113239972,0.1,0.079,0.1,0.1,0.1,0.1,0.09385660195957926,False,10,10
2026-08-24 11:09:10.153804,0.09210794183924848,0.1,0.079,0.1,0.1,0.1,0.1,0.09210501837688861,False,10,10
2026-08-24 11:09:10.169415,0.09122829700287283,0.1,0.079,0.1,0.1,0.1,0.1,0.09122530636370335,False,10,10
2026-08-24 11:09:10.185161,0.09122829700287283,0.1,0.079,0.1,0.1,0.1,0.1,0.09122530636370335,False,10,10
2026-08-24 11:09:10.206266,0.08946723139136392,0.1,0.079,0.1,0.1,0.1,0.1,0.08946427824941082,False,10,10
2026-08-24 11:09:10.215322,0.08946723139136392,0.1,0.079,0.1,0.1,0.1,0.1,0.08946427824941082,False,10,10
2026-08-24 11:09:10.231187,0.08771146602940973,0.1,0.079,0.1,0.1,0.1,0.1,0.08770868312286023,False,10,10
2026-08-24 11:09:10.247776,0.08682893233101417,0.1,0.079,0.1,0.1,0.1,0.1,0.08682608087857889,False,10,10
2026-08-24 11:09:10.262933,0.08682893233101417,0.1,0.079,0.1,0.1,0.1,0.1,0.08682608087857889,False,10,10
2026-08-24 11:09:10.278259,0.08594116983162824,0.1,0.079,0.1,0.1,0.1,0.1,0.08593821616949196,False,10,10
2026-08-24 11:09:10.294980,0.08417682140579275,0.1,0.079,0.1,0.1,0.1,0.1,0.08417398264145784,False,10,10
2026-08-24 11:09:10.314558,0.08325311394433133,0.1,0.079,0.1,0.1,0.1,0.1,0.08325034581931628,False,10,10
2026-08-24 11:09:10.325545,0.08325311394433133,0.1,0.079,0.1,0.1,0.1,0.1,0.08325034581931628,False,10,10
2026-08-24 11:09:10.342914,0.08126783823426392,0.1,0.079,0.1,0.1,0.1,0.1,0.08126517765849828,False,10,10
2026-08-24 11:09:10.357973,0.08126783823426392,0.1,0.079,0.1,0.1,0.1,0.1,0.08126517765849828,False,10,10
2026-08-24 11:09:10.373364,0.08025627704930147,0.1,0.079,0.1,0.1,0.1,0.1,0.08025374265182532,False,10,10
2026-08-24 11:09:10.389319,0.07924586338442118,0.1,0.079,0.1,0.1,0.1,0.1,0.07924341027737812,False,10,10
2026-08-24 11:09:10.408264,0.07823549872424063,0.1,0.079,0.1,0.1,0.1,0.1,0.07823298882843932,False,10,10
2026-08-24 11:09:10.422420,0.0772244176976017,0.1,0.079,0.1,0.1,0.1,0.1,0.07722180217839775,False,10,10
2026-08-24 11:09:10.438156,0.07622121392376206,0.1,0.079,0.1,0.1,0.1,0.1,0.0762187337298324,False,10,10
2026-08-24 11:09:10.454361,0.07521946334118411,0.1,0.079,0.1,0.1,0.1,0.1,0.07521707211573053,False,10,10
2026-08-24 11:09:10.480398,0.07421833828326961,0.1,0.079,0.1,0.1,0.1,0.1,0.07421591156661865,False,10,10
2026-08-24 11:09:10.503156,0.07222593222755376,0.1,0.079,0.1,0.1,0.1,0.1,0.07222355590290139,False,10,10
2026-08-24 11:09:10.517657,0.07222593222755376,0.1,0.079,0.1,0.1,0.1,0.1,0.07222355590290139,False,10,10
2026-08-24 11:09:10.534135,0.07123587593341367,0.1,0.079,0.1,0.1,0.1,0.1,0.07123359815561225,False,10,10
2026-08-24 11:09:10.547885,0.06925773488317731,0.1,0.079,0.1,0.1,0.1,0.1,0.06925541809669923,False,10,10
2026-08-24 11:09:10.563891,0.06925773488317731,0.1,0.079,0.1,0.1,0.1,0.1,0.06925541809669923,False,10,10
2026-08-24 11:09:10.581908,0.06730301546507766,0.1,0.079,0.1,0.1,0.1,0.1,0.06730094385664241,False,10,10
2026-08-24 11:09:10.597122,0.06730301546507766,0.1,0.079,0.1,0.1,0.1,0.1,0.06730094385664241,False,10,10
2026-08-24 11:09:10.611851,0.0653510479336115,0.1,0.079,0.1,0.1,0.1,0.1,0.06534897742480754,False,10,10
2026-08-24 11:09:10.627937,0.0653510479336115,0.1,0.079,0.1,0.1,0.1,0.1,0.06534897742480754,False,10,10
2026-08-24 11:09:10.651496,0.06437594622849027,0.1,0.079,0.1,0.1,0.1,0.1,0.06437377017015092,False,10,10
2026-08-24 11:09:10.677102,0.0624332374447619,0.1,0.079,0.1,0.1,0.1,0.1,0.062431233656296985,False,10,10
2026-08-24 11:09:10.692978,0.061462848339409765,0.1,0.079,0.1,0.1,0.1,0.1,0.06146079196143167,False,10,10
2026-08-24 11:09:10.708901,0.061462848339409765,0.1,0.079,0.1,0.1,0.1,0.1,0.06146079196143167,False,10,10
2026-08-24 11:09:10.722628,0.060460949789442234,0.1,0.079,0.1,0.1,0.1,0.1,0.06045885648714555,False,10,10
2026-08-24 11:09:10.739938,0.05862302365179655,0.1,0.079,0.1,0.1,0.1,0.1,0.05862104121861873,False,10,10
2026-08-24 11:09:10.755321,0.057710493318688355,0.1,0.079,0.1,0.1,0.1,0.1,0.05770853617196489,False,10,10
2026-08-24 11:09:10.772322,0.056822021633730915,0.1,0.079,0.1,0.1,0.1,0.1,0.05682000263854314,False,10,10
2026-08-24 11:09:10.787922,0.0559560235527222,0.1,0.079,0.1,0.1,0.1,0.1,0.055953930649572284,False,10,10
2026-08-24 11:09:10.804655,0.0559560235527222,0.1,0.079,0.1,0.1,0.1,0.1,0.055953930649572284,False,10,10
2026-08-24 11:09:10.820030,0.0550946403202475,0.1,0.079,0.1,0.1,0.1,0.1,0.055092645835122134,False,10,10
2026-08-24 11:09:10.841173,0.05423470217280013,0.1,0.079,0.1,0.1,0.1,0.1,0.054232782186130306,False,10,10
2026-08-24 11:09:10.850729,0.05337550377201451,0.1,0.079,0.1,0.1,0.1,0.1,0.053373620699214724,False,10,10
2026-08-24 11:09:10.864989,0.051655506856608704,0.1,0.079,0.1,0.1,0.1,0.1,0.05165350797275118,False,10,10
2026-08-24 11:09:10.880869,0.05080104102754658,0.1,0.079,0.1,0.1,0.1,0.1,0.050799141404239426,False,10,10
2026-08-24 11:09:10.928366,0.0499478758643325,0.09187254249230642,0.07899240456415244,0.1,0.1,0.1,0.091861982071855,0.04994605488530315,False,0.0,0.0
2026-08-24 11:09:10.976869,0.04971116601939398,0.09152098266370226,0.0789924700499967,0.1,0.1,0.1,0.09150879673749654,0.04970906474736939,False,0.0,0.0
2026-08-24 11:09:10.992034,0.04971116601939398,0.09152098266370226,0.0789924700499967,0.1,0.1,0.1,0.09150879673749654,0.04970906474736939,False,0.0,0.0
2026-08-24 11:09:11.008186,0.04971116601939398,0.09152098266370226,0.0789924700499967,0.1,0.1,0.1,0.09150879673749654,0.04970906474736939,True,0.0,0.0
2026-08-24 11:09:11.032526,0.04971116601939398,0.09152098266370226,0.0789924700499967,0.1,0.1,0.1,0.09150879673749654,0.04970906474736939,True,0.0,0.0
2026-08-24 11:09:11.056250,0.04971116601939398,0.09152098266370226,0.0789924700499967,0.1,0.1,0.1,0.09150879673749654,0.04970906474736939,True,0.0,0.0
2026-08-24 11:09:11.072036,0.04971116601939398,0.09152098266370226,0.0789924700499967,0.1,0.1,0.1,0.09150879673749654,0.04970906474736939,True,0.0,0.0
2026-08-24 11:09:11.086010,0.04971116601939398,0.09152098266370226,0.0789924700499967,0.1,0.1,0.1,0.09150879673749654,0.04970906474736939,True,0.0,0.0
2026-08-24 11:09:11.104726,0.04971116601939398,0.09152098266370226,0.0789924700499967,0.1,0.1,0.1,0.09150879673749654,0.04970906474736939,True,0.0,0.0
2026-08-24 11:09:11.121220,0.04971116601939398,0.09152098266370226,0.0789924700499967,0.1,0.1,0.1,0.09150879673749654,0.04970906474736939,True,0.0,0.0
2026-08-24 11:09:11.135625,0.04971116601939398,0.09152098266370226,0.0789924700499967,0.1,0.1,0.1,0.09150879673749654,0.04970906474736939,True,0.0,0.0
2026-08-24 11:09:11.151682,0.04971116601939398,0.09152098266370226,0.0789924700499967,0.1,0.1,0.1,0.09150879673749654,0.04970906474736939,True,0.0,0.0
2026-08-24 11:09:11.166408,0.04971116601939398,0.09152098266370226,0.0789924700499967,0.1,0.1,0.1,0.09150879673749654,0.04970906474736939,True,0.0,0.0
2026-08-24 11:09:11.182570,0.04971116601939398,0.09152098266370226,0.0789924700499967,0.1,0.1,0.1,0.09150879673749654,0.04970906474736939,True,0.0,0.0
2026-08-24 11:09:11.198870,0.04971116601939398,0.09152098266370226,0.0789924700499967,0.1,0.1,0.1,0.09150879673749654,0.04970906474736939,True,0.0,0.0
2026-08-24 11:09:11.214868,0.04971116601939398,0.09152098266370226,0.0789924700499967,0.1,0.1,0.1,0.09150879673749654,0.04970906474736939,True,0.0,0.0
2026-08-24 11:09:11.230813,0.04971116601939398,0.09152098266370226,0.0789924700499967,0.1,0.1,0.1,0.09150879673749654,0.04970906474736939,True,0.0,0.0
2026-08-24 11:09:11.244696,0.04971116601939398,0.09152098266370226,0.0789924700499967,0.1,0.1,0.1,0.09150879673749654,0.04970906474736939,True,0.0,0.0
2026-08-24 11:09:11.263049,0.04971116601939398,0.09152098266370226,0.0789924700499967,0.1,0.1,0.1,0.09150879673749654,0.04970906474736939,True,0.0,0.0
2026-08-24 11:09:11.276399,0.04971116601939398,0.09152098266370226,0.0789924700499967,0.1,0.1,0.1,0.09150879673749654,0.04970906474736939,True,0.0,0.0
2026-08-24 11:09:11.294684,0.04971116601939398,0.09152098266370226,0.0789924700499967,0.1,0.1,0.1,0.09150879673749654,0.04970906474736939,True,0.0,0.0
2026-08-24 11:09:11.308179,0.04971116601939398,0.09152098266370226,0.0789924700499967,0.1,0.1,0.1,0.09150879673749654,0.04970906474736939,True,0.0,0.0
2026-08-24 11:09:11.355513,0.0480696577338693,0.08907846087083457,0.07899412276311472,0.1,0.1,0.1,0.08906728162279194,0.048067730047719144,True,0.0,0.0
2026-08-24 11:09:11.372680,0.0480696577338693,0.08907846087083457,0.07899412276311472,0.1,0.1,0.1,0.08906728162279194,0.048067730047719144,True,0.0,0.0
2026-08-24 11:09:11.389311,0.0480696577338693,0.08907846087083457,0.07899412276311472,0.1,0.1,0.1,0.08906728162279194,0.048067730047719144,True,-10,10
2026-08-24 11:09:11.409903,0.0480696577338693,0.08907846087083457,0.07899412276311472,0.1,0.1,0.1,0.08906728162279194,0.048067730047719144,True,-10,10
2026-08-24 11:09:11.420820,0.0480696577338693,0.08907846087083457,0.07899412276311472,0.1,0.1,0.1,0.08906728162279194,0.048067730047719144,True,-10,10
2026-08-24 11:09:11.436867,0.0480696577338693,0.08907846087083457,0.07899412276311472,0.1,0.1,0.1,0.08906728162279194,0.048067730047719144,True,-10,10
2026-08-24 11:09:11.452073,0.0480696577338693,0.08907846087083457,0.07899412276311472,0.1,0.1,0.1,0.08906728162279194,0.048067730047719144,True,-10,10
2026-08-24 11:09:11.467987,0.0480696577338693,0.08907846087083457,0.07899412276311472,0.1,0.1,0.1,0.08906728162279194,0.048067730047719144,True,-10,10
2026-08-24 11:09:11.482043,0.0480696577338693,0.08907846087083457,0.07899412276311472,0.1,0.1,0.1,0.08906728162279194,0.048067730047719144,True,-10,10
2026-08-24 11:09:11.499694,0.0480696577338693,0.08907846087083457,0.07899412276311472,0.1,0.1,0.1,0.08906728162279194,0.048067730047719144,True,-10,10
2026-08-24 11:09:11.516588,0.0480696577338693,0.08907846087083457,0.07899412276311472,0.1,0.1,0.1,0.08906728162279194,0.048067730047719144,True,-10,10
2026-08-24 11:09:11.529450,0.0480696577338693,0.08907846087083457,0.07899412276311472,0.1,0.1,0.1,0.08906728162279194,0.048067730047719144,True,-10,10
2026-08-24 11:09:11.546037,0.0480696577338693,0.08907846087083457,0.07899412276311472,0.1,0.1,0.1,0.08906728162279194,0.048067730047719144,True,-10,10
2026-08-24 11:09:11.561805,0.0480696577338693,0.08907846087083457,0.07899412276311472,0.1,0.1,0.1,0.08906728162279194,0.048067730047719144,True,-10,10
2026-08-24 11:09:11.577953,0.0480696577338693,0.08907846087083457,0.07899412276311472,0.1,0.1,0.1,0.08906728162279194,0.048067730047719144,True,-10,10
2026-08-24 11:09:11.592057,0.0480696577338693,0.08907846087083457,0.07899412276311472,0.1,0.1,0.1,0.08906728162279194,0.048067730047719144,True,-10,10
2026-08-24 11:09:11.609538,0.0480696577338693,0.08907846087083457,0.07899412276311472,0.1,0.1,0.1,0.08906728162279194,0.048067730047719144,True,-10,10
2026-08-24 11:09:11.624931,0.0480696577338693,0.08907846087083457,0.07899412276311472,0.1,0.1,0.1,0.08906728162279194,0.048067730047719144,True,-10,10
2026-08-24 11:09:11.639727,0.0480696577338693,0.08907846087083457,0.07899412276311472,0.1,0.1,0.1,0.08906728162279194,0.048067730047719144,True,-10,10
2026-08-24 11:09:11.657323,0.0480696577338693,0.08907846087083457,0.07899412276311472,0.1,0.1,0.1,0.08906728162279194,0.048067730047719144,True,-10,10
2026-08-24 11:09:11.672861,0.0480696577338693,0.08907846087083457,0.07899412276311472,0.1,0.1,0.1,0.08906728162279194,0.048067730047719144,True,-10,10
2026-08-24 11:09:11.687074,0.0480696577338693,0.08907846087083457,0.07899412276311472,0.1,0.1,0.1,0.08906728162279194,0.048067730047719144,True,-10,10
2026-08-24 11:09:11.704706,0.0480696577338693,0.08907846087083457,0.07899412276311472,0.1,0.1,0.1,0.08906728162279194,0.048067730047719144,True,-10,10
2026-08-24 11:09:11.721583,0.0480696577338693,0.08907846087083457,0.07899412276311472,0.1,0.1,0.1,0.08906728162279194,0.048067730047719144,True,-10,10
2026-08-24 11:09:11.738357,0.0480696577338693,0.08907846087083457,0.07899412276311472,0.1,0.1,0.1,0.08906728162279194,0.048067730047719144,True,-10,10
2026-08-24 11:09:11.752950,0.0480696577338693,0.08907846087083457,0.07899412276311472,0.1,0.1,0.1,0.08906728162279194,0.048067730047719144,True,-10,10
2026-08-24 11:09:11.767279,0.0480696577338693,0.08907846087083457,0.07899412276311472,0.1,0.1,0.1,0.08906728162279194,0.048067730047719144,True,-10,10
2026-08-24 11:09:11.783561,0.0480696577338693,0.08907846087083457,0.07899412276311472,0.1,0.1,0.1,0.08906728162279194,0.048067730047719144,True,-10,10
2026-08-24 11:09:11.798180,0.0480696577338693,0.08907846087083457,0.07899412276311472,0.1,0.1,0.1,0.08906728162279194,0.048067730047719144,True,-10,10
2026-08-24 11:09:11.816163,0.0480696577338693,0.08907846087083457,0.07899412276311472,0.1,0.1,0.1,0.08906728162279194,0.048067730047719144,True,-10,10
2026-08-24 11:09:11.830790,0.0480696577338693,0.08907846087083457,0.07899412276311472,0.1,0.1,0.1,0.08906728162279194,0.048067730047719144,True,-10,10
2026-08-24 11:09:11.847178,0.0480696577338693,0.08907846087083457,0.07899412276311472,0.1,0.1,0.1,0.08906728162279194,0.048067730047719144,True,-10,10
2026-08-24 11:09:11.862497,0.0480696577338693,0.08907846087083457,0.07899412276311472,0.1,0.1,0.1,0.08906728162279194,0.048067730047719144,True,-10,10
2026-08-24 11:09:11.879554,0.0480696577338693,0.08907846087083457,0.07899412276311472,0.1,0.1,0.1,0.08906728162279194,0.048067730047719144,True,-10,10
2026-08-24 11:09:11.893835,0.0480696577338693,0.08907846087083457,0.07899412276311472,0.1,0.1,0.1,0.08906728162279194,0.048067730047719144,True,-10,10
2026-08-24 11:09:11.909623,0.0480696577338693,0.08907846087083457,0.07899412276311472,0.1,0.1,0.1,0.08906728162279194,0.048067730047719144,True,-10,10
2026-08-24 11:09:11.927599,0.0480696577338693,0.08907846087083457,0.07899412276311472,0.1,0.1,0.1,0.08906728162279194,0.048067730047719144,True,-10,10
2026-08-24 11:09:11.943472,0.0480696577338693,0.08907846087083457,0.07899412276311472,0.1,0.1,0.1,0.08906728162279194,0.048067730047719144,True,-10,10
2026-08-24 11:09:11.959366,0.0480696577338693,0.08907846087083457,0.07899412276311472,0.1,0.1,0.1,0.08906728162279194,0.048067730047719144,True,-10,10
2026-08-24 11:09:11.975341,0.0480696577338693,0.08907846087083457,0.07899412276311472,0.1,0.1,0.1,0.08906728162279194,0.048067730047719144,True,-10,10
2026-08-24 11:09:11.990935,0.0480696577338693,0.08907846087083457,0.07899412276311472,0.1,0.1,0.1,0.08906728162279194,0.048067730047719144,True,-10,10
2026-08-24 11:09:12.005061,0.0480696577338693,0.08907846087083457,0.07899412276311472,0.1,0.1,0.1,0.08906728162279194,0.048067730047719144,True,-10,10
2026-08-24 11:09:12.023696,0.0480696577338693,0.08907846087083457,0.07899412276311472,0.1,0.1,0.1,0.08906728162279194,0.048067730047719144,True,-10,10
2026-08-24 11:09:12.038061,0.0480696577338693,0.08907846087083457,0.07899412276311472,0.1,0.1,0.1,0.08906728162279194,0.048067730047719144,True,-10,10
2026-08-24 11:09:12.054137,0.0480696577338693,0.08907846087083457,0.07899412276311472,0.1,0.1,0.1,0.08906728162279194,0.048067730047719144,True,-10,10
2026-08-24 11:09:12.070598,0.0480696577338693,0.08907846087083457,0.07899412276311472,0.1,0.1,0.1,0.08906728162279194,0.048067730047719144,True,-10,10
2026-08-24 11:09:12.085066,0.0480696577338693,0.08907846087083457,0.07899412276311472,0.1,0.1,0.1,0.08906728162279194,0.048067730047719144,True,-10,10
2026-08-24 11:09:12.103341,0.0480696577338693,0.08907846087083457,0.07899412276311472,0.1,0.1,0.1,0.08906728162279194,0.048067730047719144,True,-10,10
2026-08-24 11:09:12.117033,0.0480696577338693,0.08907846087083457,0.07899412276311472,0.1,0.1,0.1,0.08906728162279194,0.048067730047719144,True,-10,10
2026-08-24 11:09:12.135002,0.0480696577338693,0.08907846087083457,0.07899412276311472,0.1,0.1,0.1,0.08906728162279194,0.048067730047719144,True,-10,10
2026-08-24 11:09:12.150246,0.0480696577338693,0.08907846087083457,0.07899412276311472,0.1,0.1,0.1,0.08906728162279194,0.048067730047719144,True,-10,10
2026-08-24 11:09:12.167965,0.0480696577338693,0.08907846087083457,0.07899412276311472,0.1,0.1,0.1,0.08906728162279194,0.048067730047719144,True,-10,10
2026-08-24 11:09:12.181812,0.0480696577338693,0.08907846087083457,0.07899412276311472,0.1,0.1,0.1,0.08906728162279194,0.048067730047719144,True,-10,10
2026-08-24 11:09:12.197867,0.0480696577338693,0.08907846087083457,0.07899412276311472,0.1,0.1,0.1,0.08906728162279194,0.048067730047719144,True,-10,10
2026-08-24 11:09:12.212448,0.0480696577338693,0.08907846087083457,0.07899412276311472,0.1,0.1,0.1,0.08906728162279194,0.048067730047719144,True,-10,10
2026-08-24 11:09:12.230315,0.0480696577338693,0.08907846087083457,0.07899412276311472,0.1,0.1,0.1,0.08906728162279194,0.048067730047719144,True,-10,10
2026-08-24 11:09:12.244877,0.0480696577338693,0.08907846087083457,0.07899412276311472,0.1,0.1,0.1,0.08906728162279194,0.048067730047719144,True,-10,10
2026-08-24 11:09:12.261490,0.0480696577338693,0.08907846087083457,0.07899412276311472,0.1,0.1,0.1,0.08906728162279194,0.048067730047719144,True,-10,10
2026-08-24 11:09:12.277694,0.0480696577338693,0.08907846087083457,0.07899412276311472,0.1,0.1,0.1,0.08906728162279194,0.048067730047719144,True,-10,10
2026-08-24 11:09:12.291552,0.0480696577338693,0.08907846087083457,0.07899412276311472,0.1,0.1,0.1,0.08906728162279194,0.048067730047719144,True,-10,10
2026-08-24 11:09:12.308760,0.0480696577338693,0.08907846087083457,0.07899412276311472,0.1,0.1,0.1,0.08906728162279194,0.048067730047719144,True,-10,10
2026-08-24 11:09:12.324816,0.0480696577338693,0.08907846087083457,0.07899412276311472,0.1,0.1,0.1,0.08906728162279194,0.048067730047719144,True,-10,10
2026-08-24 11:09:12.340649,0.0480696577338693,0.08907846087083457,0.07899412276311472,0.1,0.1,0.1,0.08906728162279194,0.048067730047719144,True,-10,10
2026-08-24 11:09:12.355319,0.0480696577338693,0.08907846087083457,0.07899412276311472,0.1,0.1,0.1,0.08906728162279194,0.048067730047719144,True,-10,10
2026-08-24 11:09:12.373241,0.0480696577338693,0.08907846087083457,0.07899412276311472,0.1,0.1,0.1,0.08906728162279194,0.048067730047719144,True,-10,10
2026-08-24 11:09:12.389913,0.0480696577338693,0.08907846087083457,0.07899412276311472,0.1,0.1,0.1,0.08906728162279194,0.048067730047719144,True,-10,10
2026-08-24 11:09:12.436246,0.1,0.1,0.1,0.1,0.06292971823146794,0.05394684040821403,0.09266884575366366,0.08218341007409077,True,0.0,0.0
2026-08-24 11:09:12.452272,0.1,0.1,0.1,0.1,0.06292971823146794,0.05394684040821403,0.09266884575366366,0.08218341007409077,True,0.0,0.0
2026-08-24 11:09:12.496577,0.1,0.1,0.1,0.1,0.06284553401463354,0.05388445449450288,0.09280460923131437,0.08229529539417696,True,0.0,0.0
2026-08-24 11:09:12.515358,0.1,0.1,0.1,0.1,0.06284553401463354,0.05388445449450288,0.09280460923131437,0.08229529539417696,True,0.0,0.0
2026-08-24 11:09:12.535512,0.1,0.1,0.1,0.1,0.06284553401463354,0.05388445449450288,0.09280460923131437,0.08229529539417696,True,0.0,0.0
2026-08-24 11:09:12.547575,0.1,0.1,0.1,0.1,0.06284553401463354,0.05388445449450288,0.09280460923131437,0.08229529539417696,True,0.0,0.0
2026-08-24 11:09:12.562711,0.1,0.1,0.1,0.1,0.06284553401463354,0.05388445449450288,0.09280460923131437,0.08229529539417696,True,0.0,0.0
2026-08-24 11:09:12.579234,0.1,0.1,0.1,0.1,0.06284553401463354,0.05388445449450288,0.09280460923131437,0.08229529539417696,True,0.0,0.0
2026-08-24 11:09:12.594908,0.1,0.1,0.1,0.1,0.06284553401463354,0.05388445449450288,0.09280460923131437,0.08229529539417696,True,0.0,0.0
2026-08-24 11:09:12.610915,0.1,0.1,0.1,0.1,0.06284553401463354,0.05388445449450288,0.09280460923131437,0.08229529539417696,True,0.0,0.0
2026-08-24 11:09:12.624931,0.1,0.1,0.1,0.1,0.06284553401463354,0.05388445449450288,0.09280460923131437,0.08229529539417696,True,0.0,0.0
2026-08-24 11:09:12.641933,0.1,0.1,0.1,0.1,0.06284553401463354,0.05388445449450288,0.09280460923131437,0.08229529539417696,True,0.0,0.0
2026-08-24 11:09:12.658448,0.1,0.1,0.1,0.1,0.06284553401463354,0.05388445449450288,0.09280460923131437,0.08229529539417696,True,0.0,0.0
2026-08-24 11:09:12.674434,0.1,0.1,0.1,0.1,0.06284553401463354,0.05388445449450288,0.09280460923131437,0.08229529539417696,True,0.0,0.0
2026-08-24 11:09:12.689577,0.1,0.1,0.1,0.1,0.06284553401463354,0.05388445449450288,0.09280460923131437,0.08229529539417696,True,0.0,0.0
2026-08-24 11:09:12.707042,0.1,0.1,0.1,0.1,0.06284553401463354,0.05388445449450288,0.09280460923131437,0.08229529539417696,True,0.0,0.0
2026-08-24 11:09:12.720371,0.1,0.1,0.1,0.1,0.06284553401463354,0.05388445449450288,0.09280460923131437,0.08229529539417696,True,0.0,0.0
2026-08-24 11:09:12.735225,0.1,0.1,0.1,0.1,0.06284553401463354,0.05388445449450288,0.09280460923131437,0.08229529539417696,True,0.0,0.0
2026-08-24 11:09:12.753860,0.1,0.1,0.1,0.1,0.06284553401463354,0.05388445449450288,0.09280460923131437,0.08229529539417696,True,0.0,0.0
2026-08-24 11:09:12.767405,0.1,0.1,0.1,0.1,0.06284553401463354,0.05388445449450288,0.09280460923131437,0.08229529539417696,True,0.0,0.0
2026-08-24 11:09:12.784260,0.1,0.1,0.1,0.1,0.06284553401463354,0.05388445449450288,0.09280460923131437,0.08229529539417696,True,0.0,0.0
2026-08-24 11:09:12.799130,0.1,0.1,0.1,0.1,0.06284553401463354,0.05388445449450288,0.09280460923131437,0.08229529539417696,True,0.0,0.0
2026-08-24 11:09:12.815335,0.1,0.1,0.1,0.1,0.06284553401463354,0.05388445449450288,0.09280460923131437,0.08229529539417696,True,0.0,0.0
2026-08-24 11:09:12.831818,0.1,0.1,0.1,0.1,0.06284553401463354,0.05388445449450288,0.09280460923131437,0.08229529539417696,True,0.0,0.0
2026-08-24 11:09:12.847825,0.1,0.1,0.1,0.1,0.06284553401463354,0.05388445449450288,0.09280460923131437,0.08229529539417696,True,0.0,0.0
2026-08-24 11:09:12.892799,0.1,0.1,0.1,0.1,0.06239280070762755,0.05349172597006561,0.09367516764413847,0.08307796955023392,True,0.0,0.0
2026-08-24 11:09:12.908640,0.1,0.1,0.1,0.1,0.06239280070762755,0.05349172597006561,0.09367516764413847,0.08307796955023392,True,0.0,0.0
2026-08-24 11:09:12.924610,0.1,0.1,0.1,0.1,0.06239280070762755,0.05349172597006561,0.09367516764413847,0.08307916036626216,True,10,10
2026-08-24 11:09:12.947217,0.1,0.1,0.1,0.1,0.06239280070762755,0.05349172597006561,0.09367516764413847,0.08263032558347609,True,10,10
2026-08-24 11:09:12.973504,0.1,0.1,0.1,0.1,0.06239280070762755,0.05349172597006561,0.09367516764413847,0.08263032558347609,True,10,10
2026-08-24 11:09:12.990495,0.1,0.1,0.1,0.1,0.06239280070762755,0.05349172597006561,0.09367516764413847,0.08176145261269992,True,10,10
2026-08-24 11:09:13.004536,0.1,0.1,0.1,0.1,0.06239280070762755,0.05349172597006561,0.09367516764413847,0.08176145261269992,True,10,10
2026-08-24 11:09:13.019915,0.1,0.1,0.1,0.1,0.06239280070762755,0.05349172597006561,0.09367516764413847,0.08081542160067898,True,10,10
2026-08-24 11:09:13.037595,0.1,0.1,0.1,0.1,0.06239280070762755,0.05349172597006561,0.09367516764413847,0.08031204675068973,True,10,10
2026-08-24 11:09:13.053458,0.1,0.1,0.1,0.1,0.06239280070762755,0.05349172597006561,0.09367516764413847,0.07978895144325335,True,10,10
2026-08-24 11:09:13.069481,0.1,0.1,0.1,0.1,0.06239280070762755,0.05349172597006561,0.09367516764413847,0.07978895144325335,True,10,10
2026-08-24 11:09:13.085372,0.1,0.1,0.1,0.1,0.06239280070762755,0.05349172597006561,0.09367516764413847,0.07871049172923511,True,10,10
2026-08-24 11:09:13.099279,0.1,0.1,0.1,0.1,0.06239280070762755,0.05349172597006561,0.09367516764413847,0.07871049172923511,True,10,10
2026-08-24 11:09:13.114661,0.1,0.1,0.1,0.1,0.06239280070762755,0.05349172597006561,0.09367516764413847,0.07816548641980015,True,10,10
2026-08-24 11:09:13.131556,0.1,0.1,0.1,0.1,0.06239280070762755,0.05349172597006561,0.09367516764413847,0.07645322162997402,True,10,10
2026-08-24 11:09:13.148145,0.1,0.1,0.1,0.1,0.06239280070762755,0.05349172597006561,0.09367516764413847,0.07561927589298428,True,10,10
2026-08-24 11:09:13.163953,0.1,0.1,0.1,0.1,0.06239280070762755,0.05349172597006561,0.09367516764413847,0.07478380075351378,True,10,10
2026-08-24 11:09:13.183867,0.1,0.1,0.1,0.1,0.06239280070762755,0.05349172597006561,0.09367516764413847,0.07478380075351378,True,10,10
2026-08-24 11:09:13.196504,0.1,0.1,0.1,0.1,0.06239280070762755,0.05349172597006561,0.09367516764413847,0.07395031176703873,True,10,10
2026-08-24 11:09:13.211139,0.1,0.1,0.1,0.1,0.06239280070762755,0.05349172597006561,0.09367516764413847,0.07311591371858843,True,10,10
2026-08-24 11:09:13.227604,0.1,0.1,0.1,0.1,0.06239280070762755,0.05349172597006561,0.09367516764413847,0.07224583708246467,True,10,10
2026-08-24 11:09:13.241983,0.1,0.1,0.1,0.1,0.06239280070762755,0.05349172597006561,0.09367516764413847,0.07058045661358313,True,10,10
2026-08-24 11:09:13.256755,0.1,0.1,0.1,0.1,0.06239280070762755,0.05349172597006561,0.09367516764413847,0.06974700252039327,True,10,10
2026-08-24 11:09:13.274708,0.1,0.1,0.1,0.1,0.06239280070762755,0.05349172597006561,0.09367516764413847,0.06888658032888197,True,10,10
2026-08-24 11:09:13.291408,0.1,0.1,0.1,0.1,0.06239280070762755,0.05349172597006561,0.09367516764413847,0.06888658032888197,True,10,10
2026-08-24 11:09:13.305183,0.1,0.1,0.1,0.1,0.06239280070762755,0.05349172597006561,0.09367516764413847,0.0680578405767507,True,10,10
2026-08-24 11:09:13.322010,0.1,0.1,0.1,0.1,0.06239280070762755,0.05349172597006561,0.09367516764413847,0.06723044852242295,True,10,10
2026-08-24 11:09:13.338166,0.1,0.1,0.1,0.1,0.06239280070762755,0.05349172597006561,0.09367516764413847,0.06640110204720728,True,10,10
2026-08-24 11:09:13.353181,0.1,0.1,0.1,0.1,0.06239280070762755,0.05349172597006561,0.09367516764413847,0.06554892292341656,True,10,10
2026-08-24 11:09:13.376265,0.1,0.1,0.1,0.1,0.06239280070762755,0.05349172597006561,0.09367516764413847,0.06469567564682974,True,10,10
2026-08-24 11:09:13.402602,0.09800822668937248,0.1,0.1,0.1,0.06239280070762755,0.05349172597006561,0.09367516764413847,0.06305622729335142,True,10,10
2026-08-24 11:09:13.416524,0.0969023937470762,0.1,0.1,0.1,0.06239280070762755,0.05349172597006561,0.09367516764413847,0.062235269907477186,True,10,10
2026-08-24 11:09:13.432329,0.0969023937470762,0.1,0.1,0.1,0.06239280070762755,0.05349172597006561,0.09367516764413847,0.062235269907477186,True,10,10
2026-08-24 11:09:13.448211,0.09575793085017865,0.1,0.1,0.1,0.06239280070762755,0.05349172597006561,0.09367516764413847,0.061389546233877185,True,10,10
2026-08-24 11:09:13.471253,0.09464215492675904,0.1,0.1,0.1,0.06239280070762755,0.05349172597006561,0.09367516764413847,0.06056848697860408,True,10,10
2026-08-24 11:09:13.480359,0.09242432982284142,0.1,0.1,0.1,0.06239280070762755,0.05349172597006561,0.09367516764413847,0.05892784574069937,True,10,10
2026-08-24 11:09:13.495366,0.09129089651894208,0.1,0.1,0.1,0.06239280070762755,0.05349172597006561,0.09367516764413847,0.05808595638425036,True,10,10
2026-08-24 11:09:13.510861,0.09014599211545471,0.1,0.1,0.1,0.06239280070762755,0.05349172597006561,0.09367516764413847,0.05724286504243434,True,10,10
2026-08-24 11:09:13.527472,0.08904227801588302,0.1,0.1,0.1,0.06239280070762755,0.05349172597006561,0.09367516764413847,0.05642885960417329,True,10,10
2026-08-24 11:09:13.544452,0.08904227801588302,0.1,0.1,0.1,0.06239280070762755,0.05349172597006561,0.09367516764413847,0.05642885960417329,True,10,10
2026-08-24 11:09:13.558483,0.08794355187856696,0.1,0.1,0.1,0.06239280070762755,0.05349172597006561,0.09367516764413847,0.05561540036089581,True,10,10
2026-08-24 11:09:13.577527,0.08684729240685424,0.1,0.1,0.1,0.06239280070762755,0.05349172597006561,0.09367516764413847,0.054800637979219295,True,10,10
2026-08-24 11:09:13.588916,0.0846101368274737,0.1,0.1,0.1,0.06239280070762755,0.05349172597006561,0.09367516764413847,0.053148412225266034,True,10,10
2026-08-24 11:09:13.609585,0.0846101368274737,0.1,0.1,0.1,0.06239280070762755,0.05349172597006561,0.09367516764413847,0.053148412225266034,True,10,10
2026-08-24 11:09:13.620165,0.08240855846950411,0.1,0.1,0.1,0.06239280070762755,0.05349172597006561,0.09367516764413847,0.051518200960384467,True,10,10
2026-08-24 11:09:13.637355,0.08240855846950411,0.1,0.1,0.1,0.06239280070762755,0.05349172597006561,0.09367516764413847,0.051518200960384467,True,10,10
2026-08-24 11:09:13.653257,0.08014674145743941,0.1,0.1,0.1,0.06239280070762755,0.05349172597006561,0.09367516764413847,0.04985303998403307,True,10,10
2026-08-24 11:09:13.669165,0.08014674145743941,0.1,0.1,0.1,0.06239280070762755,0.05349172597006561,0.09367516764413847,0.04985303998403307,True,10,10
2026-08-24 11:09:13.685075,0.07904932982728674,0.1,0.1,0.1,0.06239280070762755,0.05349172597006561,0.09367516764413847,0.04904284216897062,True,10,10
2026-08-24 11:09:13.698957,0.07686822543363885,0.1,0.1,0.1,0.06239280070762755,0.05349172597006561,0.09367516764413847,0.047424489139491724,True,10,10
2026-08-24 11:09:13.718844,0.07686822543363885,0.1,0.1,0.1,0.06239280070762755,0.05349172597006561,0.09367516764413847,0.047424489139491724,True,10,10
2026-08-24 11:09:13.731793,0.07574814750093102,0.1,0.1,0.1,0.06239280070762755,0.05349172597006561,0.09367516764413847,0.046594580629091706,True,10,10
2026-08-24 11:09:13.753466,0.07464991821427142,0.1,0.1,0.1,0.06239280070762755,0.05349172597006561,0.09367516764413847,0.045784635803200927,True,10,10
2026-08-24 11:09:13.764547,0.07246241005564052,0.1,0.1,0.1,0.06239280070762755,0.05349172597006561,0.09367516764413847,0.04416448481085125,True,10,10
2026-08-24 11:09:13.783577,0.0713545468737202,0.1,0.1,0.1,0.06239280070762755,0.05349172597006561,0.09367516764413847,0.043340786090682516,True,10,10
2026-08-24 11:09:13.794190,0.0713545468737202,0.1,0.1,0.1,0.06239280070762755,0.05349172597006561,0.09367516764413847,0.043340786090682516,True,10,10
2026-08-24 11:09:13.810237,0.07023388107608541,0.1,0.1,0.1,0.06239280070762755,0.05349172597006561,0.09367516764413847,0.04251290695901207,True,10,10
2026-08-24 11:09:13.825947,0.0680578931059424,0.1,0.1,0.1,0.06239280070762755,0.05349172597006561,0.09367516764413847,0.04090471356685216,True,10,10
2026-08-24 11:09:13.844603,0.06697418637363711,0.1,0.1,0.1,0.06239280070762755,0.05349172597006561,0.09367516764413847,0.040100055499924896,True,10,10
2026-08-24 11:09:13.859224,0.06586449420637025,0.1,0.1,0.1,0.06239280070762755,0.05349172597006561,0.09367516764413847,0.03927727743200634,True,10,10
2026-08-24 11:09:13.875809,0.06586449420637025,0.1,0.1,0.1,0.06239280070762755,0.05349172597006561,0.09367516764413847,0.03927727743200634,True,10,10
2026-08-24 11:09:13.896325,0.06477405545486713,0.1,0.1,0.1,0.06239280070762755,0.05349172597006561,0.09367516764413847,0.03847327931048117,True,10,10
2026-08-24 11:09:13.906570,0.06260102715825884,0.1,0.1,0.1,0.06239280070762755,0.05349172597006561,0.09367516764413847,0.03686506599248976,True,10,10
2026-08-24 11:09:13.923847,0.06156278601840594,0.1,0.1,0.1,0.06239280070762755,0.05349172597006561,0.09367516764413847,0.03606692518723146,True,10,10
2026-08-24 11:09:13.937687,0.060491322841318355,0.1,0.1,0.1,0.06239280070762755,0.05349172597006561,0.09367516764413847,0.03527678353791993,True,10,10
2026-08-24 11:09:13.957653,0.060491322841318355,0.1,0.1,0.1,0.06239280070762755,0.05349172597006561,0.09367516764413847,0.03527678353791993,True,10,10
2026-08-24 11:09:13.977440,0.05944610553198389,0.1,0.1,0.1,0.06239280070762755,0.05349172597006561,0.09367516764413847,0.0345087452315715,True,10,10
2026-08-24 11:09:13.985243,0.05840447615928001,0.1,0.1,0.1,0.06239280070762755,0.05349172597006561,0.09367516764413847,0.03374175569362462,True,10,10
2026-08-24 11:09:14.002136,0.057365367412603556,0.1,0.1,0.1,0.06239280070762755,0.05349172597006561,0.09367516764413847,0.03297453436153019,True,10,10
2026-08-24 11:09:14.019261,0.055249061966871564,0.1,0.1,0.1,0.06239280070762755,0.05349172597006561,0.09367516764413847,0.03141147241397214,True,10,10
2026-08-24 11:09:14.033102,0.055249061966871564,0.1,0.1,0.1,0.06239280070762755,0.05349172597006561,0.09367516764413847,0.03141147241397214,True,10,10
2026-08-24 11:09:14.054956,0.05421326392429489,0.1,0.1,0.1,0.06239280070762755,0.05349172597006561,0.09367516764413847,0.030649758694897812,True,10,10
2026-08-24 11:09:14.066759,0.053180201885429594,0.1,0.1,0.1,0.06239280070762755,0.05349172597006561,0.09367516764413847,0.02988861902388587,True,10,10
2026-08-24 11:09:14.082120,0.05215035804736223,0.1,0.1,0.1,0.06239280070762755,0.05349172597006561,0.09367516764413847,0.029127784387205532,True,10,10
2026-08-24 11:09:14.099006,0.050047481905346664,0.1,0.1,0.1,0.06239280070762755,0.05349172597006561,0.09367516764413847,0.02757469174883829,True,10,10
2026-08-24 11:09:14.114275,0.04902254697506486,0.1,0.1,0.1,0.06239280070762755,0.05349172597006561,0.09367516764413847,0.02682057893825053,True,5.0,-5.0
2026-08-24 11:09:14.134178,0.04783068190460163,0.1,0.1,0.1,0.06239280070762755,0.05349172597006561,0.09367516764413847,0.026337802808116192,True,5.0,-5.0
2026-08-24 11:09:14.144042,0.04783068190460163,0.1,0.1,0.1,0.06239280070762755,0.05349172597006561,0.09367516764413847,0.026337802808116192,True,5.0,-5.0
2026-08-24 11:09:14.161996,0.04469946187338973,0.1,0.1,0.1,0.06239280070762755,0.05349172597006561,0.09367516764413847,0.025496704469414957,True,5.0,-5.0
2026-08-24 11:09:14.179882,0.04469946187338973,0.1,0.1,0.1,0.06239280070762755,0.05349172597006561,0.09367516764413847,0.025496704469414957,True,5.0,-5.0
2026-08-24 11:09:14.193923,0.04319162045728281,0.1,0.1,0.1,0.06239280070762755,0.05349172597006561,0.09367516764413847,0.025077753009510408,True,5.0,-5.0
2026-08-24 11:09:14.208050,0.04096517277522146,0.1,0.1,0.1,0.06239280070762755,0.05349172597006561,0.09367516764413847,0.024480279532035444,True,5.0,-5.0
2026-08-24 11:09:14.231966,0.040254271349696606,0.1,0.1,0.1,0.06239280070762755,0.05349172597006561,0.09367516764413847,0.024303927801175764,True,5.0,-5.0
2026-08-24 11:09:14.255319,0.03959453549379244,0.1,0.1,0.1,0.06239280070762755,0.05349172597006561,0.09367516764413847,0.02413574531670115,True,5.0,-5.0
2026-08-24 11:09:14.271424,0.03959453549379244,0.1,0.1,0.1,0.06239280070762755,0.05349172597006561,0.09367516764413847,0.02413574531670115,True,5.0,-5.0
2026-08-24 11:09:14.289374,0.03885466239611476,0.1,0.1,0.1,0.06239280070762755,0.05349172597006561,0.09367516764413847,0.024101191562754143,True,5.0,-5.0
2026-08-24 11:09:14.305344,0.03730738339042196,0.1,0.1,0.1,0.06239280070762755,0.05349172597006561,0.09367516764413847,0.024220543638369944,True,5.0,-5.0
2026-08-24 11:09:14.320303,0.03730738339042196,0.1,0.1,0.1,0.06239280070762755,0.05349172597006561,0.09367516764413847,0.024220543638369944,True,5.0,-5.0
2026-08-24 11:09:14.335841,0.03592292382290629,0.1,0.1,0.1,0.06239280070762755,0.05349172597006561,0.09367516764413847,0.02442156938882631,True,5.0,-5.0
2026-08-24 11:09:14.350444,0.035279700548400704,0.1,0.1,0.1,0.06239280070762755,0.05349172597006561,0.09367516764413847,0.0245548458281291,True,5.0,-5.0
2026-08-24 11:09:14.366301,0.035279700548400704,0.1,0.1,0.1,0.06239280070762755,0.05349172597006561,0.09367516764413847,0.0245548458281291,True,5.0,-5.0
2026-08-24 11:09:14.382868,0.03379123287965869,0.1,0.1,0.1,0.06239280070762755,0.05349172597006561,0.09367516764413847,0.024630508930242885,True,5.0,-5.0
2026-08-24 11:09:14.407670,0.03379123287965869,0.1,0.1,0.1,0.06239280070762755,0.05349172597006561,0.09367516764413847,0.024630508930242885,True,5.0,-5.0
2026-08-24 11:09:14.428847,0.033085667525088444,0.1,0.1,0.1,0.06239280070762755,0.05349172597006561,0.09367516764413847,0.024694891658722865,True,5.0,-5.0
2026-08-24 11:09:14.447246,0.03242407998407632,0.1,0.1,0.1,0.06239280070762755,0.05349172597006561,0.09367516764413847,0.02477634159511892,True,5.0,-5.0
2026-08-24 11:09:14.461637,0.031227469163146074,0.1,0.1,0.1,0.06239280070762755,0.05349172597006561,0.09367516764413847,0.0249851767517755,True,5.0,-5.0
2026-08-24 11:09:14.476959,0.031227469163146074,0.1,0.1,0.1,0.06239280070762755,0.05349172597006561,0.09367516764413847,0.0249851767517755,True,5.0,-5.0
2026-08-24 11:09:14.498656,0.030690115016089356,0.1,0.1,0.1,0.06239280070762755,0.05349172597006561,0.09367516764413847,0.025109798960244897,True,5.0,-5.0
2026-08-24 11:09:14.508541,0.029659418712571314,0.1,0.1,0.1,0.06239280070762755,0.05349172597006561,0.09367516764413847,0.0253664373395599,True,5.0,-5.0
2026-08-24 11:09:14.524217,0.02916844133315663,0.1,0.1,0.1,0.06239280070762755,0.05349172597006561,0.09367516764413847,0.025539051040443184,True,5.0,-5.0
2026-08-24 11:09:14.541275,0.02916844133315663,0.1,0.1,0.1,0.06239280070762755,0.05349172597006561,0.09367516764413847,0.025539051040443184,True,5.0,-5.0
2026-08-24 11:09:14.557888,0.028833233555685234,0.1,0.1,0.1,0.06239280070762755,0.05349172597006561,0.09367516764413847,0.025765548029826703,True,5.0,-5.0
2026-08-24 11:09:14.573803,0.028204958523209908,0.1,0.1,0.1,0.06239280070762755,0.05349172597006561,0.09367516764413847,0.026227937150993613,True,5.0,-5.0
2026-08-24 11:09:14.589381,0.028204958523209908,0.1,0.1,0.1,0.06239280070762755,0.05349172597006561,0.09367516764413847,0.026227937150993613,True,5.0,-5.0
2026-08-24 11:09:14.605562,0.027770595160066854,0.1,0.1,0.1,0.06239280070762755,0.05349172597006561,0.09367516764413847,0.026491884158558583,True,5.0,-5.0
2026-08-24 11:09:14.657429,0.027384994340672365,0.059684764365080016,0.1,0.1,0.1,0.07298612918741913,0.056050518087161605,0.026758544907789762,True,0.0,0.0
2026-08-24 11:09:14.668559,0.027384994340672365,0.059684764365080016,0.1,0.1,0.1,0.07298612918741913,0.056050518087161605,0.026758544907789762,True,0.0,0.0
2026-08-24 11:09:14.715884,0.027491183861438947,0.059845776965500454,0.1,0.1,0.1,0.07298135226710319,0.05620361922519887,0.026863370919640958,True,0.0,0.0
2026-08-24 11:09:14.731782,0.027491183861438947,0.059845776965500454,0.1,0.1,0.1,0.07298135226710319,0.05620361922519887,0.026863370919640958,True,0.0,0.0
2026-08-24 11:09:14.749720,0.027491183861438947,0.059845776965500454,0.1,0.1,0.1,0.07298135226710319,0.05620361922519887,0.026863370919640958,True,0.0,0.0
2026-08-24 11:09:14.763353,0.027491183861438947,0.059845776965500454,0.1,0.1,0.1,0.07298135226710319,0.05620361922519887,0.026863370919640958,True,0.0,0.0
2026-08-24 11:09:14.779590,0.027491183861438947,0.059845776965500454,0.1,0.1,0.1,0.07298135226710319,0.05620361922519887,0.026863370919640958,True,0.0,0.0
2026-08-24 11:09:14.795094,0.027491183861438947,0.059845776965500454,0.1,0.1,0.1,0.07298135226710319,0.05620361922519887,0.026863370919640958,True,0.0,0.0
2026-08-24 11:09:14.810446,0.027491183861438947,0.059845776965500454,0.1,0.1,0.1,0.07298135226710319,0.05620361922519887,0.026863370919640958,True,0.0,0.0
2026-08-24 11:09:14.826431,0.027491183861438947,0.059845776965500454,0.1,0.1,0.1,0.07298135226710319,0.05620361922519887,0.026863370919640958,True,0.0,0.0
2026-08-24 11:09:14.842289,0.027491183861438947,0.059845776965500454,0.1,0.1,0.1,0.07298135226710319,0.05620361922519887,0.026863370919640958,True,0.0,0.0
2026-08-24 11:09:14.856171,0.027491183861438947,0.059845776965500454,0.1,0.1,0.1,0.07298135226710319,0.05620361922519887,0.026863370919640958,True,0.0,0.0
2026-08-24 11:09:14.874109,0.027491183861438947,0.059845776965500454,0.1,0.1,0.1,0.07298135226710319,0.05620361922519887,0.026863370919640958,True,0.0,0.0
2026-08-24 11:09:14.889136,0.027491183861438947,0.059845776965500454,0.1,0.1,0.1,0.07298135226710319,0.05620361922519887,0.026863370919640958,True,0.0,0.0
2026-08-24 11:09:14.903877,0.027491183861438947,0.059845776965500454,0.1,0.1,0.1,0.07298135226710319,0.05620361922519887,0.026863370919640958,True,0.0,0.0
2026-08-24 11:09:14.920499,0.027491183861438947,0.059845776965500454,0.1,0.1,0.1,0.07298135226710319,0.05620361922519887,0.026863370919640958,True,0.0,0.0
2026-08-24 11:09:14.936994,0.027491183861438947,0.059845776965500454,0.1,0.1,0.1,0.07298135226710319,0.05620361922519887,0.026863370919640958,True,0.0,0.0
2026-08-24 11:09:14.953119,0.027491183861438947,0.059845776965500454,0.1,0.1,0.1,0.07298135226710319,0.05620361922519887,0.026863370919640958,True,0.0,0.0
2026-08-24 11:09:14.970317,0.027491183861438947,0.059845776965500454,0.1,0.1,0.1,0.07298135226710319,0.05620361922519887,0.026863370919640958,True,0.0,0.0
2026-08-24 11:09:14.983975,0.027491183861438947,0.059845776965500454,0.1,0.1,0.1,0.07298135226710319,0.05620361922519887,0.026863370919640958,True,0.0,0.0
2026-08-24 11:09:15.000238,0.027491183861438947,0.059845776965500454,0.1,0.1,0.1,0.07298135226710319,0.05620361922519887,0.026863370919640958,True,0.0,0.0
2026-08-24 11:09:15.016791,0.027491183861438947,0.059845776965500454,0.1,0.1,0.1,0.07298135226710319,0.05620361922519887,0.026863370919640958,True,0.0,0.0
2026-08-24 11:09:15.032912,0.027491183861438947,0.059845776965500454,0.1,0.1,0.1,0.07298135226710319,0.05620361922519887,0.026863370919640958,True,0.0,0.0
2026-08-24 11:09:15.048596,0.027491183861438947,0.059845776965500454,0.1,0.1,0.1,0.07298135226710319,0.05620361922519887,0.026863370919640958,True,0.0,0.0
2026-08-24 11:09:15.062375,0.027491183861438947,0.059845776965500454,0.1,0.1,0.1,0.07298135226710319,0.05620361922519887,0.026863370919640958,True,0.0,0.0
2026-08-24 11:09:15.108760,0.028082090456183303,0.060758668398403604,0.1,0.1,0.1,0.07295852412981702,0.057029135278185955,0.02743922291303488,True,0.0,0.0
2026-08-24 11:09:15.127092,0.028082090456183303,0.060758668398403604,0.1,0.1,0.1,0.07295852412981702,0.057029135278185955,0.02743922291303488,True,0.0,0.0
2026-08-24 11:09:15.145046,0.028082090456183303,0.060758668398403604,0.1,0.1,0.1,0.07295852412981702,0.057029135278185955,0.02743922291303488,True,-10,10
2026-08-24 11:09:15.167940,0.028082090456183303,0.060758668398403604,0.1,0.1,0.1,0.07295852412981702,0.057029135278185955,0.02743922291303488,True,-10,10
2026-08-24 11:09:15.191251,0.028082090456183303,0.060758668398403604,0.1,0.1,0.1,0.07295852412981702,0.057029135278185955,0.02743922291303488,True,-10,10
2026-08-24 11:09:15.204621,0.028082090456183303,0.060758668398403604,0.1,0.1,0.1,0.07295852412981702,0.057029135278185955,0.02743922291303488,True,-10,10
2026-08-24 11:09:15.220537,0.028082090456183303,0.060758668398403604,0.1,0.1,0.1,0.07295852412981702,0.057029135278185955,0.02743922291303488,True,-10,10
2026-08-24 11:09:15.239013,0.028082090456183303,0.060758668398403604,0.1,0.1,0.1,0.07295852412981702,0.057029135278185955,0.02743922291303488,True,-10,10
2026-08-24 11:09:15.254268,0.028082090456183303,0.060758668398403604,0.1,0.1,0.1,0.07295852412981702,0.057029135278185955,0.02743922291303488,True,-10,10
2026-08-24 11:09:15.270448,0.028082090456183303,0.060758668398403604,0.1,0.1,0.1,0.07295852412981702,0.057029135278185955,0.02743922291303488,True,-10,10
2026-08-24 11:09:15.284151,0.028082090456183303,0.060758668398403604,0.1,0.1,0.1,0.07295852412981702,0.057029135278185955,0.02743922291303488,True,-10,10
2026-08-24 11:09:15.301248,0.028082090456183303,0.060758668398403604,0.1,0.1,0.1,0.07295852412981702,0.057029135278185955,0.02743922291303488,True,-10,10
2026-08-24 11:09:15.317907,0.028082090456183303,0.060758668398403604,0.1,0.1,0.1,0.07295852412981702,0.057029135278185955,0.02743922291303488,True,-10,10
2026-08-24 11:09:15.333780,0.028082090456183303,0.060758668398403604,0.1,0.1,0.1,0.07295852412981702,0.057029135278185955,0.02743922291303488,True,-10,10
2026-08-24 11:09:15.350165,0.028082090456183303,0.060758668398403604,0.1,0.1,0.1,0.07295852412981702,0.057029135278185955,0.02743922291303488,True,-10,10
2026-08-24 11:09:15.363488,0.028082090456183303,0.060758668398403604,0.1,0.1,0.1,0.07295852412981702,0.057029135278185955,0.02743922291303488,True,-10,10
2026-08-24 11:09:15.379828,0.028082090456183303,0.060758668398403604,0.1,0.1,0.1,0.07295852412981702,0.057029135278185955,0.02743922291303488,True,-10,10
2026-08-24 11:09:15.396327,0.028082090456183303,0.060758668398403604,0.1,0.1,0.1,0.07295852412981702,0.057029135278185955,0.02743922291303488,True,-10,10
2026-08-24 11:09:15.412088,0.028082090456183303,0.060758668398403604,0.1,0.1,0.1,0.07295852412981702,0.057029135278185955,0.02743922291303488,True,-10,10
2026-08-24 11:09:15.428083,0.028082090456183303,0.060758668398403604,0.1,0.1,0.1,0.07295852412981702,0.057029135278185955,0.02743922291303488,True,-10,10
2026-08-24 11:09:15.444370,0.028082090456183303,0.060758668398403604,0.1,0.1,0.1,0.07295852412981702,0.057029135278185955,0.02743922291303488,True,-10,10
2026-08-24 11:09:15.460368,0.028082090456183303,0.060758668398403604,0.1,0.1,0.1,0.07295852412981702,0.057029135278185955,0.02743922291303488,True,-10,10
2026-08-24 11:09:15.476938,0.028082090456183303,0.060758668398403604,0.1,0.1,0.1,0.07295852412981702,0.057029135278185955,0.02743922291303488,True,-10,10
2026-08-24 11:09:15.492821,0.028082090456183303,0.060758668398403604,0.1,0.1,0.1,0.07295852412981702,0.057029135278185955,0.02743922291303488,True,-10,10
2026-08-24 11:09:15.506818,0.028082090456183303,0.060758668398403604,0.1,0.1,0.1,0.07295852412981702,0.057029135278185955,0.02743922291303488,True,-10,10
2026-08-24 11:09:15.524117,0.028082090456183303,0.060758668398403604,0.1,0.1,0.1,0.07295852412981702,0.057029135278185955,0.02743922291303488,True,-10,10
2026-08-24 11:09:15.540231,0.028082090456183303,0.060758668398403604,0.1,0.1,0.1,0.07295852412981702,0.057029135278185955,0.02743922291303488,True,-10,10
2026-08-24 11:09:15.554906,0.028082090456183303,0.060758668398403604,0.1,0.1,0.1,0.07295852412981702,0.057029135278185955,0.02743922291303488,True,-10,10
2026-08-24 11:09:15.572833,0.028082090456183303,0.060758668398403604,0.1,0.1,0.1,0.07295852412981702,0.057029135278185955,0.02743922291303488,True,-10,10
2026-08-24 11:09:15.585553,0.028082090456183303,0.060758668398403604,0.1,0.1,0.1,0.07295852412981702,0.057029135278185955,0.02743922291303488,True,-10,10
2026-08-24 11:09:15.601253,0.028082090456183303,0.060758668398403604,0.1,0.1,0.1,0.07295852412981702,0.057029135278185955,0.02743922291303488,True,-10,10
2026-08-24 11:09:15.618456,0.028082090456183303,0.060758668398403604,0.1,0.1,0.1,0.07295852412981702,0.057029135278185955,0.02743922291303488,True,-10,10
2026-08-24 11:09:15.634559,0.028082090456183303,0.060758668398403604,0.1,0.1,0.1,0.07295852412981702,0.057029135278185955,0.02743922291303488,True,-10,10
2026-08-24 11:09:15.650287,0.028082090456183303,0.060758668398403604,0.1,0.1,0.1,0.07295852412981702,0.057029135278185955,0.02743922291303488,True,-10,10
2026-08-24 11:09:15.667238,0.028082090456183303,0.060758668398403604,0.1,0.1,0.1,0.07295852412981702,0.057029135278185955,0.02743922291303488,True,-10,10
2026-08-24 11:09:15.681318,0.028082090456183303,0.060758668398403604,0.1,0.1,0.1,0.07295852412981702,0.057029135278185955,0.02743922291303488,True,-10,10
2026-08-24 11:09:15.697202,0.028082090456183303,0.060758668398403604,0.1,0.1,0.1,0.07295852412981702,0.057029135278185955,0.02743922291303488,True,-10,10
2026-08-24 11:09:15.712901,0.028082090456183303,0.060758668398403604,0.1,0.1,0.1,0.07295852412981702,0.057029135278185955,0.02743922291303488,True,-10,10
2026-08-24 11:09:15.729688,0.028082090456183303,0.060758668398403604,0.1,0.1,0.1,0.07295852412981702,0.057029135278185955,0.02743922291303488,True,-10,10
2026-08-24 11:09:15.745759,0.028082090456183303,0.060758668398403604,0.1,0.1,0.1,0.07295852412981702,0.057029135278185955,0.02743922291303488,True,-10,10
2026-08-24 11:09:15.761483,0.028082090456183303,0.060758668398403604,0.1,0.1,0.1,0.07295852412981702,0.057029135278185955,0.02743922291303488,True,-10,10
2026-08-24 11:09:15.778501,0.028082090456183303,0.060758668398403604,0.1,0.1,0.1,0.07295852412981702,0.057029135278185955,0.02743922291303488,True,-10,10
2026-08-24 11:09:15.791068,0.028082090456183303,0.060758668398403604,0.1,0.1,0.1,0.07295852412981702,0.057029135278185955,0.02743922291303488,True,-10,10
2026-08-24 11:09:15.808199,0.028082090456183303,0.060758668398403604,0.1,0.1,0.1,0.07295852412981702,0.057029135278185955,0.02743922291303488,True,-10,10
2026-08-24 11:09:15.822122,0.028082090456183303,0.060758668398403604,0.1,0.1,0.1,0.07295852412981702,0.057029135278185955,0.02743922291303488,True,-10,10
2026-08-24 11:09:15.838171,0.028082090456183303,0.060758668398403604,0.1,0.1,0.1,0.07295852412981702,0.057029135278185955,0.02743922291303488,True,-10,10
2026-08-24 11:09:15.856377,0.028082090456183303,0.060758668398403604,0.1,0.1,0.1,0.07295852412981702,0.057029135278185955,0.02743922291303488,True,-10,10
2026-08-24 11:09:15.869070,0.028082090456183303,0.060758668398403604,0.1,0.1,0.1,0.07295852412981702,0.057029135278185955,0.02743922291303488,True,-10,10
2026-08-24 11:09:15.887869,0.028082090456183303,0.060758668398403604,0.1,0.1,0.1,0.07295852412981702,0.057029135278185955,0.02743922291303488,True,-10,10
2026-08-24 11:09:15.902496,0.028082090456183303,0.060758668398403604,0.1,0.1,0.1,0.07295852412981702,0.057029135278185955,0.02743922291303488,True,-10,10
2026-08-24 11:09:15.916175,0.028082090456183303,0.060758668398403604,0.1,0.1,0.1,0.07295852412981702,0.057029135278185955,0.02743922291303488,True,-10,10
2026-08-24 11:09:15.931357,0.028082090456183303,0.060758668398403604,0.1,0.1,0.1,0.07295852412981702,0.057029135278185955,0.02743922291303488,True,-10,10
2026-08-24 11:09:15.949486,0.028082090456183303,0.060758668398403604,0.1,0.1,0.1,0.07295852412981702,0.057029135278185955,0.02743922291303488,True,-10,10
2026-08-24 11:09:15.964048,0.028082090456183303,0.060758668398403604,0.1,0.1,0.1,0.07295852412981702,0.057029135278185955,0.02743922291303488,True,-10,10
2026-08-24 11:09:15.980064,0.028082090456183303,0.060758668398403604,0.1,0.1,0.1,0.07295852412981702,0.057029135278185955,0.02743922291303488,True,-10,10
2026-08-24 11:09:15.994648,0.028082090456183303,0.060758668398403604,0.1,0.1,0.1,0.07295852412981702,0.057029135278185955,0.02743922291303488,True,-10,10
2026-08-24 11:09:16.010552,0.028082090456183303,0.060758668398403604,0.1,0.1,0.1,0.07295852412981702,0.057029135278185955,0.02743922291303488,True,-10,10
2026-08-24 11:09:16.029688,0.028082090456183303,0.060758668398403604,0.1,0.1,0.1,0.07295852412981702,0.057029135278185955,0.02743922291303488,True,-10,10
2026-08-24 11:09:16.044294,0.028082090456183303,0.060758668398403604,0.1,0.1,0.1,0.07295852412981702,0.057029135278185955,0.02743922291303488,True,-10,10
2026-08-24 11:09:16.060111,0.028082090456183303,0.060758668398403604,0.1,0.1,0.1,0.07295852412981702,0.057029135278185955,0.02743922291303488,True,-10,10
2026-08-24 11:09:16.074469,0.028082090456183303,0.060758668398403604,0.1,0.1,0.1,0.07295852412981702,0.057029135278185955,0.02743922291303488,True,-10,10
2026-08-24 11:09:16.091709,0.028082090456183303,0.060758668398403604,0.1,0.1,0.1,0.07295852412981702,0.057029135278185955,0.02743922291303488,True,-10,10
2026-08-24 11:09:16.107620,0.028082090456183303,0.060758668398403604,0.1,0.1,0.1,0.07295852412981702,0.057029135278185955,0.02743922291303488,True,-10,10
2026-08-24 11:09:16.121271,0.028082090456183303,0.060758668398403604,0.1,0.1,0.1,0.07295852412981702,0.057029135278185955,0.02743922291303488,True,-10,10
2026-08-24 11:09:16.139148,0.028082090456183303,0.060758668398403604,0.1,0.1,0.1,0.07295852412981702,0.057029135278185955,0.02743922291303488,True,-10,10
2026-08-24 11:09:16.188666,0.1,0.1,0.1,0.07267707343495315,0.040349836034665965,0.030927067603880545,0.1,0.1,True,0.0,0.0
2026-08-24 11:09:16.200769,0.1,0.1,0.1,0.07267707343495315,0.040349836034665965,0.030927067603880545,0.1,0.1,True,0.0,0.0
2026-08-24 11:09:16.220572,0.1,0.1,0.1,0.07267707343495315,0.040349836034665965,0.030927067603880545,0.1,0.1,True,0.0,0.0
2026-08-24 11:09:16.260346,0.1,0.1,0.1,0.07268295142201135,0.03994937585373192,0.031161686517159722,0.1,0.1,True,0.0,0.0
2026-08-24 11:09:16.280616,0.1,0.1,0.1,0.07268295142201135,0.03994937585373192,0.031161686517159722,0.1,0.1,True,0.0,0.0
2026-08-24 11:09:16.297260,0.1,0.1,0.1,0.07268295142201135,0.03994937585373192,0.031161686517159722,0.1,0.1,True,0.0,0.0
2026-08-24 11:09:16.314459,0.1,0.1,0.1,0.07268295142201135,0.03994937585373192,0.031161686517159722,0.1,0.1,True,0.0,0.0
2026-08-24 11:09:16.330464,0.1,0.1,0.1,0.07268295142201135,0.03994937585373192,0.031161686517159722,0.1,0.1,True,0.0,0.0
2026-08-24 11:09:16.345406,0.1,0.1,0.1,0.07268295142201135,0.03994937585373192,0.031161686517159722,0.1,0.1,True,0.0,0.0
2026-08-24 11:09:16.360517,0.1,0.1,0.1,0.07268295142201135,0.03994937585373192,0.031161686517159722,0.1,0.1,True,0.0,0.0
2026-08-24 11:09:16.376893,0.1,0.1,0.1,0.07268295142201135,0.03994937585373192,0.031161686517159722,0.1,0.1,True,0.0,0.0
2026-08-24 11:09:16.391327,0.1,0.1,0.1,0.07268295142201135,0.03994937585373192,0.031161686517159722,0.1,0.1,True,0.0,0.0
2026-08-24 11:09:16.407364,0.1,0.1,0.1,0.07268295142201135,0.03994937585373192,0.031161686517159722,0.1,0.1,True,0.0,0.0
2026-08-24 11:09:16.425397,0.1,0.1,0.1,0.07268295142201135,0.03994937585373192,0.031161686517159722,0.1,0.1,True,0.0,0.0
2026-08-24 11:09:16.441305,0.1,0.1,0.1,0.07268295142201135,0.03994937585373192,0.031161686517159722,0.1,0.1,True,0.0,0.0
2026-08-24 11:09:16.457168,0.1,0.1,0.1,0.07268295142201135,0.03994937585373192,0.031161686517159722,0.1,0.1,True,0.0,0.0
2026-08-24 11:09:16.471060,0.1,0.1,0.1,0.07268295142201135,0.03994937585373192,0.031161686517159722,0.1,0.1,True,0.0,0.0
2026-08-24 11:09:16.488077,0.1,0.1,0.1,0.07268295142201135,0.03994937585373192,0.031161686517159722,0.1,0.1,True,0.0,0.0
2026-08-24 11:09:16.503982,0.1,0.1,0.1,0.07268295142201135,0.03994937585373192,0.031161686517159722,0.1,0.1,True,0.0,0.0
2026-08-24 11:09:16.518568,0.1,0.1,0.1,0.07268295142201135,0.03994937585373192,0.031161686517159722,0.1,0.1,True,0.0,0.0
2026-08-24 11:09:16.535769,0.1,0.1,0.1,0.07268295142201135,0.03994937585373192,0.031161686517159722,0.1,0.1,True,0.0,0.0
2026-08-24 11:09:16.552769,0.1,0.1,0.1,0.07268295142201135,0.03994937585373192,0.031161686517159722,0.1,0.1,True,0.0,0.0
2026-08-24 11:09:16.568132,0.1,0.1,0.1,0.07268295142201135,0.03994937585373192,0.031161686517159722,0.1,0.1,True,0.0,0.0
2026-08-24 11:09:16.585027,0.1,0.1,0.1,0.07268295142201135,0.03994937585373192,0.031161686517159722,0.1,0.1,True,0.0,0.0
2026-08-24 11:09:16.623875,0.1,0.1,0.1,0.0730282721905041,0.040140434971115635,0.03134961908965839,0.1,0.1,True,0.0,0.0
2026-08-24 11:09:16.663774,0.1,0.1,0.1,0.07308986276269429,0.04017517363568169,0.03138162726257806,0.1,0.1,True,10,10
2026-08-24 11:09:16.732542,0.1,0.1,0.1,0.07366023702774759,0.04048571300947552,0.03164831056469904,0.1,0.1,True,10,10
2026-08-24 11:09:16.742330,0.1,0.1,0.1,0.07366023702774759,0.04048571300947552,0.03164831056469904,0.1,0.1,True,10,10
2026-08-24 11:09:16.757805,0.1,0.1,0.1,0.07366023702774759,0.04048571300947552,0.03164831056469904,0.1,0.1,True,10,10
2026-08-24 11:09:16.774220,0.1,0.1,0.1,0.07366023702774759,0.04048571300947552,0.03164831056469904,0.1,0.1,True,-10,10
2026-08-24 11:09:16.793358,0.1,0.1,0.1,0.07366023702774759,0.04048571300947552,0.03164831056469904,0.1,0.1,True,-10,10
2026-08-24 11:09:16.803747,0.1,0.1,0.1,0.07366023702774759,0.04048571300947552,0.03164831056469904,0.1,0.1,True,-10,10
2026-08-24 11:09:16.818971,0.1,0.1,0.1,0.07366023702774759,0.04048571300947552,0.03164831056469904,0.1,0.1,True,-10,10
2026-08-24 11:09:16.836775,0.1,0.1,0.1,0.07366023702774759,0.04048571300947552,0.03164831056469904,0.1,0.1,True,-10,10
2026-08-24 11:09:16.850403,0.1,0.1,0.1,0.07366023702774759,0.04048571300947552,0.03164831056469904,0.1,0.1,True,-10,10
2026-08-24 11:09:16.868357,0.1,0.1,0.1,0.07366023702774759,0.04048571300947552,0.03164831056469904,0.1,0.1,True,-10,10
2026-08-24 11:09:16.884255,0.1,0.1,0.1,0.07366023702774759,0.04048571300947552,0.03164831056469904,0.1,0.1,True,-10,10
2026-08-24 11:09:16.900157,0.1,0.1,0.1,0.07366023702774759,0.04048571300947552,0.03164831056469904,0.1,0.1,True,-10,10
2026-08-24 11:09:16.915205,0.1,0.1,0.1,0.07366023702774759,0.04048571300947552,0.03164831056469904,0.1,0.1,True,-10,10
2026-08-24 11:09:16.930802,0.1,0.1,0.1,0.07366023702774759,0.04048571300947552,0.03164831056469904,0.1,0.1,True,-10,10
2026-08-24 11:09:16.947645,0.1,0.1,0.1,0.07366023702774759,0.04048571300947552,0.03164831056469904,0.1,0.1,True,-10,10
2026-08-24 11:09:16.961715,0.1,0.1,0.1,0.07366023702774759,0.04048571300947552,0.03164831056469904,0.1,0.1,True,-10,10
2026-08-24 11:09:16.977525,0.1,0.1,0.1,0.07366023702774759,0.04048571300947552,0.03164831056469904,0.1,0.1,True,-10,10
2026-08-24 11:09:16.993495,0.1,0.1,0.1,0.07366023702774759,0.04048571300947552,0.03164831056469904,0.1,0.1,True,-10,10
2026-08-24 11:09:17.009568,0.1,0.1,0.1,0.07366023702774759,0.04048571300947552,0.03164831056469904,0.1,0.1,True,-10,10
2026-08-24 11:09:17.025559,0.1,0.1,0.1,0.07366023702774759,0.04048571300947552,0.03164831056469904,0.1,0.1,True,-10,10
2026-08-24 11:09:17.043489,0.1,0.1,0.1,0.07366023702774759,0.04048571300947552,0.03164831056469904,0.1,0.1,True,-10,10
2026-08-24 11:09:17.059896,0.1,0.1,0.1,0.07366023702774759,0.04048571300947552,0.03164831056469904,0.1,0.1,True,-10,10
2026-08-24 11:09:17.073817,0.1,0.1,0.1,0.07366023702774759,0.04048571300947552,0.03164831056469904,0.1,0.1,True,-10,10
2026-08-24 11:09:17.091002,0.1,0.1,0.1,0.07366023702774759,0.04048571300947552,0.03164831056469904,0.1,0.1,True,-10,10
2026-08-24 11:09:17.106868,0.1,0.1,0.1,0.07366023702774759,0.04048571300947552,0.03164831056469904,0.1,0.1,True,-10,10
2026-08-24 11:09:17.123145,0.1,0.1,0.1,0.07366023702774759,0.04048571300947552,0.03164831056469904,0.1,0.1,True,-10,10
2026-08-24 11:09:17.137954,0.1,0.1,0.1,0.07366023702774759,0.04048571300947552,0.03164831056469904,0.1,0.1,True,-10,10
2026-08-24 11:09:17.154077,0.1,0.1,0.1,0.07366023702774759,0.04048571300947552,0.03164831056469904,0.1,0.1,True,-10,10
2026-08-24 11:09:17.170034,0.1,0.1,0.1,0.07366023702774759,0.04048571300947552,0.03164831056469904,0.1,0.1,True,-10,10
2026-08-24 11:09:17.185898,0.1,0.1,0.1,0.07366023702774759,0.04048571300947552,0.03164831056469904,0.1,0.1,True,-10,10
2026-08-24 11:09:17.201748,0.1,0.1,0.1,0.07366023702774759,0.04048571300947552,0.03164831056469904,0.1,0.1,True,-10,10
2026-08-24 11:09:17.217566,0.1,0.1,0.1,0.07366023702774759,0.04048571300947552,0.03164831056469904,0.1,0.1,True,-10,10
2026-08-24 11:09:17.233581,0.1,0.1,0.1,0.07366023702774759,0.04048571300947552,0.03164831056469904,0.1,0.1,True,-10,10
2026-08-24 11:09:17.249723,0.1,0.1,0.1,0.07366023702774759,0.04048571300947552,0.03164831056469904,0.1,0.1,True,-10,10
2026-08-24 11:09:17.264964,0.1,0.1,0.1,0.07366023702774759,0.04048571300947552,0.03164831056469904,0.1,0.1,True,-10,10
2026-08-24 11:09:17.281450,0.1,0.1,0.1,0.07366023702774759,0.04048571300947552,0.03164831056469904,0.1,0.1,True,-10,10
2026-08-24 11:09:17.295290,0.1,0.1,0.1,0.07366023702774759,0.04048571300947552,0.03164831056469904,0.1,0.1,True,-10,10
2026-08-24 11:09:17.313243,0.1,0.1,0.1,0.07366023702774759,0.04048571300947552,0.03164831056469904,0.1,0.1,True,-10,10
2026-08-24 11:09:17.328645,0.1,0.1,0.1,0.07366023702774759,0.04048571300947552,0.03164831056469904,0.1,0.1,True,-10,10
2026-08-24 11:09:17.344353,0.1,0.1,0.1,0.07366023702774759,0.04048571300947552,0.03164831056469904,0.1,0.1,True,-10,10
2026-08-24 11:09:17.361455,0.1,0.1,0.1,0.07366023702774759,0.04048571300947552,0.03164831056469904,0.1,0.1,True,-10,10
2026-08-24 11:09:17.374715,0.1,0.1,0.1,0.07366023702774759,0.04048571300947552,0.03164831056469904,0.1,0.1,True,-10,10
2026-08-24 11:09:17.392605,0.1,0.1,0.1,0.07366023702774759,0.04048571300947552,0.03164831056469904,0.1,0.1,True,-10,10
2026-08-24 11:09:17.408512,0.1,0.1,0.1,0.07366023702774759,0.04048571300947552,0.03164831056469904,0.1,0.1,True,-10,10
2026-08-24 11:09:17.422839,0.1,0.1,0.1,0.07366023702774759,0.04048571300947552,0.03164831056469904,0.1,0.1,True,-10,10
2026-08-24 11:09:17.439256,0.1,0.1,0.1,0.07366023702774759,0.04048571300947552,0.03164831056469904,0.1,0.1,True,-10,10
2026-08-24 11:09:17.453390,0.1,0.1,0.1,0.07366023702774759,0.04048571300947552,0.03164831056469904,0.1,0.1,True,-10,10
2026-08-24 11:09:17.468665,0.1,0.1,0.1,0.07366023702774759,0.04048571300947552,0.03164831056469904,0.1,0.1,True,-10,10
2026-08-24 11:09:17.484621,0.1,0.1,0.1,0.07366023702774759,0.04048571300947552,0.03164831056469904,0.1,0.1,True,-10,10
2026-08-24 11:09:17.500534,0.1,0.1,0.1,0.07366023702774759,0.04048571300947552,0.03164831056469904,0.1,0.1,True,-10,10
2026-08-24 11:09:17.518772,0.1,0.1,0.1,0.07366023702774759,0.04048571300947552,0.03164831056469904,0.1,0.1,True,-10,10
2026-08-24 11:09:17.534387,0.1,0.1,0.1,0.07366023702774759,0.04048571300947552,0.03164831056469904,0.1,0.1,True,-10,10
2026-08-24 11:09:17.550284,0.1,0.1,0.1,0.07366023702774759,0.04048571300947552,0.03164831056469904,0.1,0.1,True,-10,10
2026-08-24 11:09:17.566226,0.1,0.1,0.1,0.07366023702774759,0.04048571300947552,0.03164831056469904,0.1,0.1,True,-10,10
2026-08-24 11:09:17.582086,0.1,0.1,0.1,0.07366023702774759,0.04048571300947552,0.03164831056469904,0.1,0.1,True,-10,10
2026-08-24 11:09:17.597223,0.1,0.1,0.1,0.07366023702774759,0.04048571300947552,0.03164831056469904,0.1,0.1,True,-10,10
2026-08-24 11:09:17.611077,0.1,0.1,0.1,0.07366023702774759,0.04048571300947552,0.03164831056469904,0.1,0.1,True,-10,10
2026-08-24 11:09:17.627439,0.1,0.1,0.1,0.07366023702774759,0.04048571300947552,0.03164831056469904,0.1,0.1,True,-10,10
2026-08-24 11:09:17.645080,0.1,0.1,0.1,0.07366023702774759,0.04048571300947552,0.03164831056469904,0.1,0.1,True,-10,10
2026-08-24 11:09:17.661019,0.1,0.1,0.1,0.07366023702774759,0.04048571300947552,0.03164831056469904,0.1,0.1,True,-10,10
2026-08-24 11:09:17.676892,0.1,0.1,0.1,0.07366023702774759,0.04048571300947552,0.03164831056469904,0.1,0.1,True,-10,10
2026-08-24 11:09:17.692012,0.1,0.1,0.1,0.07366023702774759,0.04048571300947552,0.03164831056469904,0.1,0.1,True,-10,10
2026-08-24 11:09:17.708376,0.1,0.1,0.1,0.07366023702774759,0.04048571300947552,0.03164831056469904,0.1,0.1,True,-10,10
2026-08-24 11:09:17.722067,0.1,0.1,0.1,0.07366023702774759,0.04048571300947552,0.03164831056469904,0.1,0.1,True,-10,10
2026-08-24 11:09:17.738436,0.1,0.1,0.1,0.07366023702774759,0.04048571300947552,0.03164831056469904,0.1,0.1,True,-10,10
2026-08-24 11:09:17.755243,0.1,0.1,0.1,0.07366023702774759,0.04048571300947552,0.03164831056469904,0.1,0.1,True,-10,10
2026-08-24 11:09:17.769071,0.1,0.1,0.1,0.07366023702774759,0.04048571300947552,0.03164831056469904,0.1,0.1,True,-10,10
2026-08-24 11:09:17.822543,0.08934060630694929,0.07639688388577791,0.051597728959874134,0.029676177427249956,0.1,0.1,0.1,0.1,True,0.0,0.0
2026-08-24 11:09:17.834805,0.08934060630694929,0.07639688388577791,0.051597728959874134,0.029676177427249956,0.1,0.1,0.1,0.1,True,0.0,0.0
2026-08-24 11:09:17.882363,0.08925332281765358,0.07630985312473582,0.051737404941466995,0.029767979802830226,0.1,0.1,0.1,0.1,True,0.0,0.0
2026-08-24 11:09:17.897405,0.08925332281765358,0.07630985312473582,0.051737404941466995,0.029767979802830226,0.1,0.1,0.1,0.1,True,0.0,0.0
2026-08-24 11:09:17.913281,0.08925332281765358,0.07630985312473582,0.051737404941466995,0.029767979802830226,0.1,0.1,0.1,0.1,True,0.0,0.0
2026-08-24 11:09:17.930875,0.08925332281765358,0.07630985312473582,0.051737404941466995,0.029767979802830226,0.1,0.1,0.1,0.1,True,0.0,0.0
2026-08-24 11:09:17.945389,0.08925332281765358,0.07630985312473582,0.051737404941466995,0.029767979802830226,0.1,0.1,0.1,0.1,True,0.0,0.0
2026-08-24 11:09:17.961406,0.08925332281765358,0.07630985312473582,0.051737404941466995,0.029767979802830226,0.1,0.1,0.1,0.1,True,0.0,0.0
2026-08-24 11:09:17.977161,0.08925332281765358,0.07630985312473582,0.051737404941466995,0.029767979802830226,0.1,0.1,0.1,0.1,True,0.0,0.0
2026-08-24 11:09:17.993255,0.08925332281765358,0.07630985312473582,0.051737404941466995,0.029767979802830226,0.1,0.1,0.1,0.1,True,0.0,0.0
2026-08-24 11:09:18.008758,0.08925332281765358,0.07630985312473582,0.051737404941466995,0.029767979802830226,0.1,0.1,0.1,0.1,True,0.0,0.0
2026-08-24 11:09:18.024909,0.08925332281765358,0.07630985312473582,0.051737404941466995,0.029767979802830226,0.1,0.1,0.1,0.1,True,0.0,0.0
2026-08-24 11:09:18.040803,0.08925332281765358,0.07630985312473582,0.051737404941466995,0.029767979802830226,0.1,0.1,0.1,0.1,True,0.0,0.0
2026-08-24 11:09:18.054651,0.08925332281765358,0.07630985312473582,0.051737404941466995,0.029767979802830226,0.1,0.1,0.1,0.1,True,0.0,0.0
2026-08-24 11:09:18.071980,0.08925332281765358,0.07630985312473582,0.051737404941466995,0.029767979802830226,0.1,0.1,0.1,0.1,True,0.0,0.0
2026-08-24 11:09:18.088173,0.08925332281765358,0.07630985312473582,0.051737404941466995,0.029767979802830226,0.1,0.1,0.1,0.1,True,0.0,0.0
2026-08-24 11:09:18.104693,0.08925332281765358,0.07630985312473582,0.051737404941466995,0.029767979802830226,0.1,0.1,0.1,0.1,True,0.0,0.0
2026-08-24 11:09:18.118008,0.08925332281765358,0.07630985312473582,0.051737404941466995,0.029767979802830226,0.1,0.1,0.1,0.1,True,0.0,0.0
2026-08-24 11:09:18.135029,0.08925332281765358,0.07630985312473582,0.051737404941466995,0.029767979802830226,0.1,0.1,0.1,0.1,True,0.0,0.0
2026-08-24 11:09:18.151473,0.08925332281765358,0.07630985312473582,0.051737404941466995,0.029767979802830226,0.1,0.1,0.1,0.1,True,0.0,0.0
2026-08-24 11:09:18.165559,0.08925332281765358,0.07630985312473582,0.051737404941466995,0.029767979802830226,0.1,0.1,0.1,0.1,True,0.0,0.0
2026-08-24 11:09:18.185599,0.08925332281765358,0.07630985312473582,0.051737404941466995,0.029767979802830226,0.1,0.1,0.1,0.1,True,0.0,0.0
2026-08-24 11:09:18.199093,0.08925332281765358,0.07630985312473582,0.051737404941466995,0.029767979802830226,0.1,0.1,0.1,0.1,True,0.0,0.0
2026-08-24 11:09:18.248458,0.08879750946815558,0.0758060176146706,0.052627635487120863,0.03041990332921843,0.1,0.1,0.1,0.1,True,0.0,0.0
2026-08-24 11:09:18.261239,0.08879750946815558,0.0758060176146706,0.052627635487120863,0.03041990332921843,0.1,0.1,0.1,0.1,True,0.0,0.0
2026-08-24 11:09:18.276890,0.08879750946815558,0.0758060176146706,0.052627635487120863,0.03041990332921843,0.1,0.1,0.1,0.1,True,10,-10
2026-08-24 11:09:18.299406,0.08879750946815558,0.0758060176146706,0.052627635487120863,0.03041990332921843,0.1,0.1,0.1,0.1,True,10,-10
2026-08-24 11:09:18.310106,0.08879750946815558,0.0758060176146706,0.052627635487120863,0.03041990332921843,0.1,0.1,0.1,0.1,True,10,-10
2026-08-24 11:09:18.325490,0.08879750946815558,0.0758060176146706,0.052627635487120863,0.03041990332921843,0.1,0.1,0.1,0.1,True,10,-10
2026-08-24 11:09:18.341490,0.08879750946815558,0.0758060176146706,0.052627635487120863,0.03041990332921843,0.1,0.1,0.1,0.1,True,10,-10
2026-08-24 11:09:18.357488,0.08879750946815558,0.0758060176146706,0.052627635487120863,0.03041990332921843,0.1,0.1,0.1,0.1,True,10,-10
2026-08-24 11:09:18.374072,0.08879750946815558,0.0758060176146706,0.052627635487120863,0.03041990332921843,0.1,0.1,0.1,0.1,True,10,-10
2026-08-24 11:09:18.388928,0.08879750946815558,0.0758060176146706,0.052627635487120863,0.03041990332921843,0.1,0.1,0.1,0.1,True,10,-10
2026-08-24 11:09:18.404235,0.08879750946815558,0.0758060176146706,0.052627635487120863,0.03041990332921843,0.1,0.1,0.1,0.1,True,10,-10
2026-08-24 11:09:18.420038,0.08879750946815558,0.0758060176146706,0.052627635487120863,0.03041990332921843,0.1,0.1,0.1,0.1,True,10,-10
2026-08-24 11:09:18.436197,0.08879750946815558,0.0758060176146706,0.052627635487120863,0.03041990332921843,0.1,0.1,0.1,0.1,True,10,-10
2026-08-24 11:09:18.451869,0.08879750946815558,0.0758060176146706,0.052627635487120863,0.03041990332921843,0.1,0.1,0.1,0.1,True,10,-10
2026-08-24 11:09:18.467751,0.08879750946815558,0.0758060176146706,0.052627635487120863,0.03041990332921843,0.1,0.1,0.1,0.1,True,10,-10
2026-08-24 11:09:18.483685,0.08879750946815558,0.0758060176146706,0.052627635487120863,0.03041990332921843,0.1,0.1,0.1,0.1,True,10,-10
2026-08-24 11:09:18.501625,0.08879750946815558,0.0758060176146706,0.052627635487120863,0.03041990332921843,0.1,0.1,0.1,0.1,True,10,-10
2026-08-24 11:09:18.515479,0.08879750946815558,0.0758060176146706,0.052627635487120863,0.03041990332921843,0.1,0.1,0.1,0.1,True,10,-10
2026-08-24 11:09:18.530437,0.08879750946815558,0.0758060176146706,0.052627635487120863,0.03041990332921843,0.1,0.1,0.1,0.1,True,10,-10
2026-08-24 11:09:18.546607,0.08879750946815558,0.0758060176146706,0.052627635487120863,0.03041990332921843,0.1,0.1,0.1,0.1,True,10,-10
2026-08-24 11:09:18.560550,0.08879750946815558,0.0758060176146706,0.052627635487120863,0.03041990332921843,0.1,0.1,0.1,0.1,True,10,-10
2026-08-24 11:09:18.577519,0.08879750946815558,0.0758060176146706,0.052627635487120863,0.03041990332921843,0.1,0.1,0.1,0.1,True,10,-10
2026-08-24 11:09:18.594236,0.08879750946815558,0.0758060176146706,0.052627635487120863,0.03041990332921843,0.1,0.1,0.1,0.1,True,10,-10
2026-08-24 11:09:18.610121,0.08879750946815558,0.0758060176146706,0.052627635487120863,0.03041990332921843,0.1,0.1,0.1,0.1,True,10,-10
2026-08-24 11:09:18.625324,0.08879750946815558,0.0758060176146706,0.052627635487120863,0.03041990332921843,0.1,0.1,0.1,0.1,True,10,-10
2026-08-24 11:09:18.639491,0.08879750946815558,0.0758060176146706,0.052627635487120863,0.03041990332921843,0.1,0.1,0.1,0.1,True,10,-10
2026-08-24 11:09:18.655451,0.08879750946815558,0.0758060176146706,0.052627635487120863,0.03041990332921843,0.1,0.1,0.1,0.1,True,10,-10
2026-08-24 11:09:18.673030,0.08879750946815558,0.0758060176146706,0.052627635487120863,0.03041990332921843,0.1,0.1,0.1,0.1,True,10,-10
2026-08-24 11:09:18.687006,0.08879750946815558,0.0758060176146706,0.052627635487120863,0.03041990332921843,0.1,0.1,0.1,0.1,True,10,-10
2026-08-24 11:09:18.705030,0.08879750946815558,0.0758060176146706,0.052627635487120863,0.03041990332921843,0.1,0.1,0.1,0.1,True,10,-10
2026-08-24 11:09:18.719055,0.08879750946815558,0.0758060176146706,0.052627635487120863,0.03041990332921843,0.1,0.1,0.1,0.1,True,10,-10
2026-08-24 11:09:18.734922,0.08879750946815558,0.0758060176146706,0.052627635487120863,0.03041990332921843,0.1,0.1,0.1,0.1,True,10,-10
2026-08-24 11:09:18.752243,0.08879750946815558,0.0758060176146706,0.052627635487120863,0.03041990332921843,0.1,0.1,0.1,0.1,True,10,-10
2026-08-24 11:09:18.768024,0.08879750946815558,0.0758060176146706,0.052627635487120863,0.03041990332921843,0.1,0.1,0.1,0.1,True,10,-10
2026-08-24 11:09:18.783822,0.08879750946815558,0.0758060176146706,0.052627635487120863,0.03041990332921843,0.1,0.1,0.1,0.1,True,10,-10
2026-08-24 11:09:18.798572,0.08879750946815558,0.0758060176146706,0.052627635487120863,0.03041990332921843,0.1,0.1,0.1,0.1,True,10,-10
2026-08-24 11:09:18.816463,0.08879750946815558,0.0758060176146706,0.052627635487120863,0.03041990332921843,0.1,0.1,0.1,0.1,True,10,-10
2026-08-24 11:09:18.832363,0.08879750946815558,0.0758060176146706,0.052627635487120863,0.03041990332921843,0.1,0.1,0.1,0.1,True,10,-10
2026-08-24 11:09:18.850001,0.08879750946815558,0.0758060176146706,0.052627635487120863,0.03041990332921843,0.1,0.1,0.1,0.1,True,10,-10
2026-08-24 11:09:18.864208,0.08879750946815558,0.0758060176146706,0.052627635487120863,0.03041990332921843,0.1,0.1,0.1,0.1,True,10,-10
2026-08-24 11:09:18.880207,0.08879750946815558,0.0758060176146706,0.052627635487120863,0.03041990332921843,0.1,0.1,0.1,0.1,True,10,-10
2026-08-24 11:09:18.895505,0.08879750946815558,0.0758060176146706,0.052627635487120863,0.03041990332921843,0.1,0.1,0.1,0.1,True,10,-10
2026-08-24 11:09:18.911979,0.08879750946815558,0.0758060176146706,0.052627635487120863,0.03041990332921843,0.1,0.1,0.1,0.1,True,10,-10
2026-08-24 11:09:18.927923,0.08879750946815558,0.0758060176146706,0.052627635487120863,0.03041990332921843,0.1,0.1,0.1,0.1,True,10,-10
2026-08-24 11:09:18.941788,0.08879750946815558,0.0758060176146706,0.052627635487120863,0.03041990332921843,0.1,0.1,0.1,0.1,True,10,-10
2026-08-24 11:09:18.959755,0.08879750946815558,0.0758060176146706,0.052627635487120863,0.03041990332921843,0.1,0.1,0.1,0.1,True,10,-10
2026-08-24 11:09:18.975686,0.08879750946815558,0.0758060176146706,0.052627635487120863,0.03041990332921843,0.1,0.1,0.1,0.1,True,10,-10
2026-08-24 11:09:18.991555,0.08879750946815558,0.0758060176146706,0.052627635487120863,0.03041990332921843,0.1,0.1,0.1,0.1,True,10,-10
2026-08-24 11:09:19.006574,0.08879750946815558,0.0758060176146706,0.052627635487120863,0.03041990332921843,0.1,0.1,0.1,0.1,True,10,-10
2026-08-24 11:09:19.023307,0.08879750946815558,0.0758060176146706,0.052627635487120863,0.03041990332921843,0.1,0.1,0.1,0.1,True,10,-10
2026-08-24 11:09:19.039273,0.08879750946815558,0.0758060176146706,0.052627635487120863,0.03041990332921843,0.1,0.1,0.1,0.1,True,10,-10
2026-08-24 11:09:19.055549,0.08879750946815558,0.0758060176146706,0.052627635487120863,0.03041990332921843,0.1,0.1,0.1,0.1,True,10,-10
2026-08-24 11:09:19.069143,0.08879750946815558,0.0758060176146706,0.052627635487120863,0.03041990332921843,0.1,0.1,0.1,0.1,True,10,-10
2026-08-24 11:09:19.086547,0.08879750946815558,0.0758060176146706,0.052627635487120863,0.03041990332921843,0.1,0.1,0.1,0.1,True,10,-10
2026-08-24 11:09:19.100413,0.08879750946815558,0.0758060176146706,0.052627635487120863,0.03041990332921843,0.1,0.1,0.1,0.1,True,10,-10
2026-08-24 11:09:19.118649,0.08879750946815558,0.0758060176146706,0.052627635487120863,0.03041990332921843,0.1,0.1,0.1,0.1,True,10,-10
2026-08-24 11:09:19.132196,0.08879750946815558,0.0758060176146706,0.052627635487120863,0.03041990332921843,0.1,0.1,0.1,0.1,True,10,-10
2026-08-24 11:09:19.152670,0.08879750946815558,0.0758060176146706,0.052627635487120863,0.03041990332921843,0.1,0.1,0.1,0.1,True,10,-10
2026-08-24 11:09:19.166172,0.08879750946815558,0.0758060176146706,0.052627635487120863,0.03041990332921843,0.1,0.1,0.1,0.1,True,10,-10
2026-08-24 11:09:19.181632,0.08879750946815558,0.0758060176146706,0.052627635487120863,0.03041990332921843,0.1,0.1,0.1,0.1,True,10,-10
2026-08-24 11:09:19.198309,0.08879750946815558,0.0758060176146706,0.052627635487120863,0.03041990332921843,0.1,0.1,0.1,0.1,True,10,-10
2026-08-24 11:09:19.214240,0.08879750946815558,0.0758060176146706,0.052627635487120863,0.03041990332921843,0.1,0.1,0.1,0.1,True,10,-10
2026-08-24 11:09:19.229692,0.08879750946815558,0.0758060176146706,0.052627635487120863,0.03041990332921843,0.1,0.1,0.1,0.1,True,10,-10
2026-08-24 11:09:19.245827,0.08879750946815558,0.0758060176146706,0.052627635487120863,0.03041990332921843,0.1,0.1,0.1,0.1,True,10,-10
2026-08-24 11:09:19.259704,0.08879750946815558,0.0758060176146706,0.052627635487120863,0.03041990332921843,0.1,0.1,0.1,0.1,True,10,-10
2026-08-24 11:09:19.275636,0.08879750946815558,0.0758060176146706,0.052627635487120863,0.03041990332921843,0.1,0.1,0.1,0.1,True,10,-10
2026-08-24 11:09:19.323819,0.1,0.1,0.1,0.07926041939109645,0.0452274150792579,0.02776317502277186,0.07898953517205363,0.1,True,0.0,0.0
2026-08-24 11:09:19.371368,0.1,0.1,0.1,0.07951686664468854,0.04549268144924093,0.027711948596459687,0.07840958256584647,0.1,True,0.0,0.0
2026-08-24 11:09:19.389045,0.1,0.1,0.1,0.07951686664468854,0.04549268144924093,0.027711948596459687,0.07840958256584647,0.1,True,0.0,0.0
2026-08-24 11:09:19.403091,0.1,0.1,0.1,0.07951686664468854,0.04549268144924093,0.027711948596459687,0.07840958256584647,0.1,True,0.0,0.0
2026-08-24 11:09:19.422280,0.1,0.1,0.1,0.07951686664468854,0.04549268144924093,0.027711948596459687,0.07840958256584647,0.1,True,0.0,0.0
2026-08-24 11:09:19.439893,0.1,0.1,0.1,0.07951686664468854,0.04549268144924093,0.027711948596459687,0.07840958256584647,0.1,True,0.0,0.0
2026-08-24 11:09:19.451455,0.1,0.1,0.1,0.07951686664468854,0.04549268144924093,0.027711948596459687,0.07840958256584647,0.1,True,0.0,0.0
2026-08-24 11:09:19.467580,0.1,0.1,0.1,0.07951686664468854,0.04549268144924093,0.027711948596459687,0.07840958256584647,0.1,True,0.0,0.0
2026-08-24 11:09:19.482811,0.1,0.1,0.1,0.07951686664468854,0.04549268144924093,0.027711948596459687,0.07840958256584647,0.1,True,0.0,0.0
2026-08-24 11:09:19.499701,0.1,0.1,0.1,0.07951686664468854,0.04549268144924093,0.027711948596459687,0.07840958256584647,0.1,True,0.0,0.0
2026-08-24 11:09:19.511795,0.1,0.1,0.1,0.07951686664468854,0.04549268144924093,0.027711948596459687,0.07840958256584647,0.1,True,0.0,0.0
2026-08-24 11:09:19.530400,0.1,0.1,0.1,0.07951686664468854,0.04549268144924093,0.027711948596459687,0.07840958256584647,0.1,True,0.0,0.0
2026-08-24 11:09:19.545040,0.1,0.1,0.1,0.07951686664468854,0.04549268144924093,0.027711948596459687,0.07840958256584647,0.1,True,0.0,0.0
2026-08-24 11:09:19.560932,0.1,0.1,0.1,0.07951686664468854,0.04549268144924093,0.027711948596459687,0.07840958256584647,0.1,True,0.0,0.0
2026-08-24 11:09:19.577756,0.1,0.1,0.1,0.07951686664468854,0.04549268144924093,0.027711948596459687,0.07840958256584647,0.1,True,0.0,0.0
2026-08-24 11:09:19.591616,0.1,0.1,0.1,0.07951686664468854,0.04549268144924093,0.027711948596459687,0.07840958256584647,0.1,True,0.0,0.0
2026-08-24 11:09:19.610116,0.1,0.1,0.1,0.07951686664468854,0.04549268144924093,0.027711948596459687,0.07840958256584647,0.1,True,0.0,0.0
2026-08-24 11:09:19.623399,0.1,0.1,0.1,0.07951686664468854,0.04549268144924093,0.027711948596459687,0.07840958256584647,0.1,True,0.0,0.0
2026-08-24 11:09:19.639525,0.1,0.1,0.1,0.07951686664468854,0.04549268144924093,0.027711948596459687,0.07840958256584647,0.1,True,0.0,0.0
2026-08-24 11:09:19.655459,0.1,0.1,0.1,0.07951686664468854,0.04549268144924093,0.027711948596459687,0.07840958256584647,0.1,True,0.0,0.0
2026-08-24 11:09:19.674117,0.1,0.1,0.1,0.07951686664468854,0.04549268144924093,0.027711948596459687,0.07840958256584647,0.1,True,0.0,0.0
2026-08-24 11:09:19.688745,0.1,0.1,0.1,0.07951686664468854,0.04549268144924093,0.027711948596459687,0.07840958256584647,0.1,True,0.0,0.0
2026-08-24 11:09:19.702698,0.1,0.1,0.1,0.07951686664468854,0.04549268144924093,0.027711948596459687,0.07840958256584647,0.1,True,0.0,0.0
2026-08-24 11:09:19.757210,0.1,0.1,0.1,0.08052877209677745,0.04585964427924196,0.02813698220869526,0.07943245531118087,0.1,True,0.0,0.0
2026-08-24 11:09:19.766770,0.1,0.1,0.1,0.08052877209677745,0.04585964427924196,0.02813698220869526,0.07943245531118087,0.1,True,0.0,0.0
2026-08-24 11:09:19.787644,0.1,0.1,0.1,0.08052877209677745,0.04585964427924196,0.02813698220869526,0.07943245531118087,0.1,True,-10,10
2026-08-24 11:09:19.805209,0.1,0.1,0.1,0.08052877209677745,0.04585964427924196,0.02813698220869526,0.07943245531118087,0.1,True,-10,10
2026-08-24 11:09:19.816161,0.1,0.1,0.1,0.08052877209677745,0.04585964427924196,0.02813698220869526,0.07943245531118087,0.1,True,-10,10
2026-08-24 11:09:19.831654,0.1,0.1,0.1,0.08052877209677745,0.04585964427924196,0.02813698220869526,0.07943245531118087,0.1,True,-10,10
2026-08-24 11:09:19.846708,0.1,0.1,0.1,0.08052877209677745,0.04585964427924196,0.02813698220869526,0.07943245531118087,0.1,True,-10,10
2026-08-24 11:09:19.863879,0.1,0.1,0.1,0.08052877209677745,0.04585964427924196,0.02813698220869526,0.07943245531118087,0.1,True,-10,10
2026-08-24 11:09:19.879241,0.1,0.1,0.1,0.08052877209677745,0.04585964427924196,0.02813698220869526,0.07943245531118087,0.1,True,-10,10
2026-08-24 11:09:19.894830,0.1,0.1,0.1,0.08052877209677745,0.04585964427924196,0.02813698220869526,0.07943245531118087,0.1,True,-10,10
2026-08-24 11:09:19.910268,0.1,0.1,0.1,0.08052877209677745,0.04585964427924196,0.02813698220869526,0.07943245531118087,0.1,True,-10,10
2026-08-24 11:09:19.927235,0.1,0.1,0.1,0.08052877209677745,0.04585964427924196,0.02813698220869526,0.07943245531118087,0.1,True,-10,10
2026-08-24 11:09:19.943109,0.1,0.1,0.1,0.08052877209677745,0.04585964427924196,0.02813698220869526,0.07943245531118087,0.1,True,-10,10
2026-08-24 11:09:19.958672,0.1,0.1,0.1,0.08052877209677745,0.04585964427924196,0.02813698220869526,0.07943245531118087,0.1,True,-10,10
2026-08-24 11:09:19.973136,0.1,0.1,0.1,0.08052877209677745,0.04585964427924196,0.02813698220869526,0.07943245531118087,0.1,True,-10,10
2026-08-24 11:09:19.991813,0.1,0.1,0.1,0.08052877209677745,0.04585964427924196,0.02813698220869526,0.07943245531118087,0.1,True,-10,10
2026-08-24 11:09:20.006019,0.1,0.1,0.1,0.08052877209677745,0.04585964427924196,0.02813698220869526,0.07943245531118087,0.1,True,-10,10
2026-08-24 11:09:20.021713,0.1,0.1,0.1,0.08052877209677745,0.04585964427924196,0.02813698220869526,0.07943245531118087,0.1,True,-10,10
2026-08-24 11:09:20.036220,0.1,0.1,0.1,0.08052877209677745,0.04585964427924196,0.02813698220869526,0.07943245531118087,0.1,True,-10,10
2026-08-24 11:09:20.050433,0.1,0.1,0.1,0.08052877209677745,0.04585964427924196,0.02813698220869526,0.07943245531118087,0.1,True,-10,10
2026-08-24 11:09:20.068355,0.1,0.1,0.1,0.08052877209677745,0.04585964427924196,0.02813698220869526,0.07943245531118087,0.1,True,-10,10
2026-08-24 11:09:20.084248,0.1,0.1,0.1,0.08052877209677745,0.04585964427924196,0.02813698220869526,0.07943245531118087,0.1,True,-10,10
2026-08-24 11:09:20.098299,0.1,0.1,0.1,0.08052877209677745,0.04585964427924196,0.02813698220869526,0.07943245531118087,0.1,True,-10,10
2026-08-24 11:09:20.114004,0.1,0.1,0.1,0.08052877209677745,0.04585964427924196,0.02813698220869526,0.07943245531118087,0.1,True,-10,10
2026-08-24 11:09:20.130882,0.1,0.1,0.1,0.08052877209677745,0.04585964427924196,0.02813698220869526,0.07943245531118087,0.1,True,-10,10
2026-08-24 11:09:20.147090,0.1,0.1,0.1,0.08052877209677745,0.04585964427924196,0.02813698220869526,0.07943245531118087,0.1,True,-10,10
2026-08-24 11:09:20.163034,0.1,0.1,0.1,0.08052877209677745,0.04585964427924196,0.02813698220869526,0.07943245531118087,0.1,True,-10,10
2026-08-24 11:09:20.176833,0.1,0.1,0.1,0.08052877209677745,0.04585964427924196,0.02813698220869526,0.07943245531118087,0.1,True,-10,10
2026-08-24 11:09:20.195087,0.1,0.1,0.1,0.08052877209677745,0.04585964427924196,0.02813698220869526,0.07943245531118087,0.1,True,-10,10
2026-08-24 11:09:20.211083,0.1,0.1,0.1,0.08052877209677745,0.04585964427924196,0.02813698220869526,0.07943245531118087,0.1,True,-10,10
2026-08-24 11:09:20.227117,0.1,0.1,0.1,0.08052877209677745,0.04585964427924196,0.02813698220869526,0.07943245531118087,0.1,True,-10,10
2026-08-24 11:09:20.240841,0.1,0.1,0.1,0.08052877209677745,0.04585964427924196,0.02813698220869526,0.07943245531118087,0.1,True,-10,10
2026-08-24 11:09:20.258474,0.1,0.1,0.1,0.08052877209677745,0.04585964427924196,0.02813698220869526,0.07943245531118087,0.1,True,-10,10
2026-08-24 11:09:20.271679,0.1,0.1,0.1,0.08052877209677745,0.04585964427924196,0.02813698220869526,0.07943245531118087,0.1,True,-10,10
2026-08-24 11:09:20.287302,0.1,0.1,0.1,0.08052877209677745,0.04585964427924196,0.02813698220869526,0.07943245531118087,0.1,True,-10,10
2026-08-24 11:09:20.305099,0.1,0.1,0.1,0.08052877209677745,0.04585964427924196,0.02813698220869526,0.07943245531118087,0.1,True,-10,10
2026-08-24 11:09:20.319609,0.1,0.1,0.1,0.08052877209677745,0.04585964427924196,0.02813698220869526,0.07943245531118087,0.1,True,-10,10
2026-08-24 11:09:20.336487,0.1,0.1,0.1,0.08052877209677745,0.04585964427924196,0.02813698220869526,0.07943245531118087,0.1,True,-10,10
2026-08-24 11:09:20.351737,0.1,0.1,0.1,0.08052877209677745,0.04585964427924196,0.02813698220869526,0.07943245531118087,0.1,True,-10,10
2026-08-24 11:09:20.365933,0.1,0.1,0.1,0.08052877209677745,0.04585964427924196,0.02813698220869526,0.07943245531118087,0.1,True,-10,10
2026-08-24 11:09:20.383641,0.1,0.1,0.1,0.08052877209677745,0.04585964427924196,0.02813698220869526,0.07943245531118087,0.1,True,-10,10
2026-08-24 11:09:20.398889,0.1,0.1,0.1,0.08052877209677745,0.04585964427924196,0.02813698220869526,0.07943245531118087,0.1,True,-10,10
2026-08-24 11:09:20.413038,0.1,0.1,0.1,0.08052877209677745,0.04585964427924196,0.02813698220869526,0.07943245531118087,0.1,True,-10,10
2026-08-24 11:09:20.430354,0.1,0.1,0.1,0.08052877209677745,0.04585964427924196,0.02813698220869526,0.07943245531118087,0.1,True,-10,10
2026-08-24 11:09:20.447873,0.1,0.1,0.1,0.08052877209677745,0.04585964427924196,0.02813698220869526,0.07943245531118087,0.1,True,-10,10
2026-08-24 11:09:20.461949,0.1,0.1,0.1,0.08052877209677745,0.04585964427924196,0.02813698220869526,0.07943245531118087,0.1,True,-10,10
2026-08-24 11:09:20.477899,0.1,0.1,0.1,0.08052877209677745,0.04585964427924196,0.02813698220869526,0.07943245531118087,0.1,True,-10,10
2026-08-24 11:09:20.493831,0.1,0.1,0.1,0.08052877209677745,0.04585964427924196,0.02813698220869526,0.07943245531118087,0.1,True,-10,10
2026-08-24 11:09:20.507708,0.1,0.1,0.1,0.08052877209677745,0.04585964427924196,0.02813698220869526,0.07943245531118087,0.1,True,-10,10
2026-08-24 11:09:20.524778,0.1,0.1,0.1,0.08052877209677745,0.04585964427924196,0.02813698220869526,0.07943245531118087,0.1,True,-10,10
2026-08-24 11:09:20.540441,0.1,0.1,0.1,0.08052877209677745,0.04585964427924196,0.02813698220869526,0.07943245531118087,0.1,True,-10,10
2026-08-24 11:09:20.558633,0.1,0.1,0.1,0.08052877209677745,0.04585964427924196,0.02813698220869526,0.07943245531118087,0.1,True,-10,10
2026-08-24 11:09:20.572829,0.1,0.1,0.1,0.08052877209677745,0.04585964427924196,0.02813698220869526,0.07943245531118087,0.1,True,-10,10
2026-08-24 11:09:20.586498,0.1,0.1,0.1,0.08052877209677745,0.04585964427924196,0.02813698220869526,0.07943245531118087,0.1,True,-10,10
2026-08-24 11:09:20.603731,0.1,0.1,0.1,0.08052877209677745,0.04585964427924196,0.02813698220869526,0.07943245531118087,0.1,True,-10,10
2026-08-24 11:09:20.617917,0.1,0.1,0.1,0.08052877209677745,0.04585964427924196,0.02813698220869526,0.07943245531118087,0.1,True,-10,10
2026-08-24 11:09:20.633987,0.1,0.1,0.1,0.08052877209677745,0.04585964427924196,0.02813698220869526,0.07943245531118087,0.1,True,-10,10
2026-08-24 11:09:20.651166,0.1,0.1,0.1,0.08052877209677745,0.04585964427924196,0.02813698220869526,0.07943245531118087,0.1,True,-10,10
2026-08-24 11:09:20.668227,0.1,0.1,0.1,0.08052877209677745,0.04585964427924196,0.02813698220869526,0.07943245531118087,0.1,True,-10,10
2026-08-24 11:09:20.680623,0.1,0.1,0.1,0.08052877209677745,0.04585964427924196,0.02813698220869526,0.07943245531118087,0.1,True,-10,10
2026-08-24 11:09:20.698837,0.1,0.1,0.1,0.08052877209677745,0.04585964427924196,0.02813698220869526,0.07943245531118087,0.1,True,-10,10
2026-08-24 11:09:20.714014,0.1,0.1,0.1,0.08052877209677745,0.04585964427924196,0.02813698220869526,0.07943245531118087,0.1,True,-10,10
2026-08-24 11:09:20.727807,0.1,0.1,0.1,0.08052877209677745,0.04585964427924196,0.02813698220869526,0.07943245531118087,0.1,True,-10,10
2026-08-24 11:09:20.745026,0.1,0.1,0.1,0.08052877209677745,0.04585964427924196,0.02813698220869526,0.07943245531118087,0.1,True,-10,10
2026-08-24 11:09:20.761131,0.1,0.1,0.1,0.08052877209677745,0.04585964427924196,0.02813698220869526,0.07943245531118087,0.1,True,-10,10
2026-08-24 11:09:20.777738,0.1,0.1,0.1,0.08052877209677745,0.04585964427924196,0.02813698220869526,0.07943245531118087,0.1,True,-10,10
2026-08-24 11:09:20.824263,0.08920593811266644,0.07773991243083336,0.053902648189718586,0.033204686742063484,0.1,0.1,0.1,0.1,True,0.0,0.0
2026-08-24 11:09:20.838294,0.08920593811266644,0.07773991243083336,0.053902648189718586,0.033204686742063484,0.1,0.1,0.1,0.1,True,0.0,0.0
2026-08-24 11:09:20.872151,0.08900065681057928,0.07754051554052045,0.0541694920064169,0.03342714551265302,0.1,0.1,0.1,0.1,True,0.0,0.0
2026-08-24 11:09:20.902200,0.08900065681057928,0.07754051554052045,0.0541694920064169,0.03342714551265302,0.1,0.1,0.1,0.1,True,0.0,0.0
2026-08-24 11:09:20.920152,0.08900065681057928,0.07754051554052045,0.0541694920064169,0.03342714551265302,0.1,0.1,0.1,0.1,True,0.0,0.0
2026-08-24 11:09:20.935334,0.08900065681057928,0.07754051554052045,0.0541694920064169,0.03342714551265302,0.1,0.1,0.1,0.1,True,0.0,0.0
2026-08-24 11:09:20.952674,0.08900065681057928,0.07754051554052045,0.0541694920064169,0.03342714551265302,0.1,0.1,0.1,0.1,True,0.0,0.0
2026-08-24 11:09:20.966776,0.08900065681057928,0.07754051554052045,0.0541694920064169,0.03342714551265302,0.1,0.1,0.1,0.1,True,0.0,0.0
2026-08-24 11:09:20.982723,0.08900065681057928,0.07754051554052045,0.0541694920064169,0.03342714551265302,0.1,0.1,0.1,0.1,True,0.0,0.0
2026-08-24 11:09:20.996515,0.08900065681057928,0.07754051554052045,0.0541694920064169,0.03342714551265302,0.1,0.1,0.1,0.1,True,0.0,0.0
2026-08-24 11:09:21.014341,0.08900065681057928,0.07754051554052045,0.0541694920064169,0.03342714551265302,0.1,0.1,0.1,0.1,True,0.0,0.0
2026-08-24 11:09:21.028185,0.08900065681057928,0.07754051554052045,0.0541694920064169,0.03342714551265302,0.1,0.1,0.1,0.1,True,0.0,0.0
2026-08-24 11:09:21.046319,0.08900065681057928,0.07754051554052045,0.0541694920064169,0.03342714551265302,0.1,0.1,0.1,0.1,True,0.0,0.0
2026-08-24 11:09:21.062138,0.08900065681057928,0.07754051554052045,0.0541694920064169,0.03342714551265302,0.1,0.1,0.1,0.1,True,0.0,0.0
2026-08-24 11:09:21.077448,0.08900065681057928,0.07754051554052045,0.0541694920064169,0.03342714551265302,0.1,0.1,0.1,0.1,True,0.0,0.0
2026-08-24 11:09:21.093194,0.08900065681057928,0.07754051554052045,0.0541694920064169,0.03342714551265302,0.1,0.1,0.1,0.1,True,0.0,0.0
2026-08-24 11:09:21.109104,0.08900065681057928,0.07754051554052045,0.0541694920064169,0.03342714551265302,0.1,0.1,0.1,0.1,True,0.0,0.0
2026-08-24 11:09:21.123232,0.08900065681057928,0.07754051554052045,0.0541694920064169,0.03342714551265302,0.1,0.1,0.1,0.1,True,0.0,0.0
2026-08-24 11:09:21.139290,0.08900065681057928,0.07754051554052045,0.0541694920064169,0.03342714551265302,0.1,0.1,0.1,0.1,True,0.0,0.0
2026-08-24 11:09:21.156979,0.08900065681057928,0.07754051554052045,0.0541694920064169,0.03342714551265302,0.1,0.1,0.1,0.1,True,0.0,0.0
2026-08-24 11:09:21.172272,0.08900065681057928,0.07754051554052045,0.0541694920064169,0.03342714551265302,0.1,0.1,0.1,0.1,True,0.0,0.0
2026-08-24 11:09:21.186635,0.08900065681057928,0.07754051554052045,0.0541694920064169,0.03342714551265302,0.1,0.1,0.1,0.1,True,0.0,0.0
2026-08-24 11:09:21.204750,0.08900065681057928,0.07754051554052045,0.0541694920064169,0.03342714551265302,0.1,0.1,0.1,0.1,True,0.0,0.0
2026-08-24 11:09:21.254627,0.08873268321012678,0.07727333505701689,0.05453481849677612,0.03374797811564339,0.1,0.1,0.1,0.1,True,0.0,0.0
2026-08-24 11:09:21.267732,0.08873268321012678,0.07727333505701689,0.05453481849677612,0.03374797811564339,0.1,0.1,0.1,0.1,True,0.0,0.0
2026-08-24 11:09:21.314608,0.08873327086355075,0.07727316698406896,0.05453491020441367,0.03374721536599772,0.1,0.1,0.1,0.1,True,10,10
2026-08-24 11:09:21.335213,0.08873327086355075,0.07727316698406896,0.05453491020441367,0.03374721536599772,0.1,0.1,0.1,0.1,True,10,10
2026-08-24 11:09:21.347559,0.08873327086355075,0.07727316698406896,0.05453491020441367,0.03374721536599772,0.1,0.1,0.1,0.1,True,-10,10
2026-08-24 11:09:21.367918,0.08873327086355075,0.07727316698406896,0.05453491020441367,0.03374721536599772,0.1,0.1,0.1,0.1,True,-10,10
2026-08-24 11:09:21.377697,0.08873327086355075,0.07727316698406896,0.05453491020441367,0.03374721536599772,0.1,0.1,0.1,0.1,True,-10,10
2026-08-24 11:09:21.393871,0.08873327086355075,0.07727316698406896,0.05453491020441367,0.03374721536599772,0.1,0.1,0.1,0.1,True,-10,10
2026-08-24 11:09:21.408945,0.08873327086355075,0.07727316698406896,0.05453491020441367,0.03374721536599772,0.1,0.1,0.1,0.1,True,-10,10
2026-08-24 11:09:21.423212,0.08873327086355075,0.07727316698406896,0.05453491020441367,0.03374721536599772,0.1,0.1,0.1,0.1,True,-10,10
2026-08-24 11:09:21.441292,0.08873327086355075,0.07727316698406896,0.05453491020441367,0.03374721536599772,0.1,0.1,0.1,0.1,True,-10,10
2026-08-24 11:09:21.457824,0.08873327086355075,0.07727316698406896,0.05453491020441367,0.03374721536599772,0.1,0.1,0.1,0.1,True,-10,10
2026-08-24 11:09:21.472478,0.08873327086355075,0.07727316698406896,0.05453491020441367,0.03374721536599772,0.1,0.1,0.1,0.1,True,-10,10
2026-08-24 11:09:21.486112,0.08873327086355075,0.07727316698406896,0.05453491020441367,0.03374721536599772,0.1,0.1,0.1,0.1,True,-10,10
2026-08-24 11:09:21.502205,0.08873327086355075,0.07727316698406896,0.05453491020441367,0.03374721536599772,0.1,0.1,0.1,0.1,True,-10,10
2026-08-24 11:09:21.518138,0.08873327086355075,0.07727316698406896,0.05453491020441367,0.03374721536599772,0.1,0.1,0.1,0.1,True,-10,10
2026-08-24 11:09:21.535399,0.08873327086355075,0.07727316698406896,0.05453491020441367,0.03374721536599772,0.1,0.1,0.1,0.1,True,-10,10
2026-08-24 11:09:21.549939,0.08873327086355075,0.07727316698406896,0.05453491020441367,0.03374721536599772,0.1,0.1,0.1,0.1,True,-10,10
2026-08-24 11:09:21.567701,0.08873327086355075,0.07727316698406896,0.05453491020441367,0.03374721536599772,0.1,0.1,0.1,0.1,True,-10,10
2026-08-24 11:09:21.584837,0.08873327086355075,0.07727316698406896,0.05453491020441367,0.03374721536599772,0.1,0.1,0.1,0.1,True,-10,10
2026-08-24 11:09:21.597995,0.08873327086355075,0.07727316698406896,0.05453491020441367,0.03374721536599772,0.1,0.1,0.1,0.1,True,-10,10
2026-08-24 11:09:21.614104,0.08873327086355075,0.07727316698406896,0.05453491020441367,0.03374721536599772,0.1,0.1,0.1,0.1,True,-10,10
2026-08-24 11:09:21.630226,0.08873327086355075,0.07727316698406896,0.05453491020441367,0.03374721536599772,0.1,0.1,0.1,0.1,True,-10,10
2026-08-24 11:09:21.648056,0.08873327086355075,0.07727316698406896,0.05453491020441367,0.03374721536599772,0.1,0.1,0.1,0.1,True,-10,10
2026-08-24 11:09:21.661274,0.08873327086355075,0.07727316698406896,0.05453491020441367,0.03374721536599772,0.1,0.1,0.1,0.1,True,-10,10
2026-08-24 11:09:21.678532,0.08873327086355075,0.07727316698406896,0.05453491020441367,0.03374721536599772,0.1,0.1,0.1,0.1,True,-10,10
2026-08-24 11:09:21.693107,0.08873327086355075,0.07727316698406896,0.05453491020441367,0.03374721536599772,0.1,0.1,0.1,0.1,True,-10,10
2026-08-24 11:09:21.710959,0.08873327086355075,0.07727316698406896,0.05453491020441367,0.03374721536599772,0.1,0.1,0.1,0.1,True,-10,10
2026-08-24 11:09:21.726880,0.08873327086355075,0.07727316698406896,0.05453491020441367,0.03374721536599772,0.1,0.1,0.1,0.1,True,-10,10
2026-08-24 11:09:21.742268,0.08873327086355075,0.07727316698406896,0.05453491020441367,0.03374721536599772,0.1,0.1,0.1,0.1,True,-10,10
2026-08-24 11:09:21.757840,0.08873327086355075,0.07727316698406896,0.05453491020441367,0.03374721536599772,0.1,0.1,0.1,0.1,True,-10,10
2026-08-24 11:09:21.772655,0.08873327086355075,0.07727316698406896,0.05453491020441367,0.03374721536599772,0.1,0.1,0.1,0.1,True,-10,10
2026-08-24 11:09:21.789476,0.08873327086355075,0.07727316698406896,0.05453491020441367,0.03374721536599772,0.1,0.1,0.1,0.1,True,-10,10
2026-08-24 11:09:21.806261,0.08873327086355075,0.07727316698406896,0.05453491020441367,0.03374721536599772,0.1,0.1,0.1,0.1,True,-10,10
2026-08-24 11:09:21.822150,0.08873327086355075,0.07727316698406896,0.05453491020441367,0.03374721536599772,0.1,0.1,0.1,0.1,True,-10,10
2026-08-24 11:09:21.838054,0.08873327086355075,0.07727316698406896,0.05453491020441367,0.03374721536599772,0.1,0.1,0.1,0.1,True,-10,10
2026-08-24 11:09:21.853398,0.08873327086355075,0.07727316698406896,0.05453491020441367,0.03374721536599772,0.1,0.1,0.1,0.1,True,-10,10
2026-08-24 11:09:21.868035,0.08873327086355075,0.07727316698406896,0.05453491020441367,0.03374721536599772,0.1,0.1,0.1,0.1,True,-10,10
2026-08-24 11:09:21.885290,0.08873327086355075,0.07727316698406896,0.05453491020441367,0.03374721536599772,0.1,0.1,0.1,0.1,True,-10,10
2026-08-24 11:09:21.902562,0.08873327086355075,0.07727316698406896,0.05453491020441367,0.03374721536599772,0.1,0.1,0.1,0.1,True,-10,10
2026-08-24 11:09:21.919593,0.08873327086355075,0.07727316698406896,0.05453491020441367,0.03374721536599772,0.1,0.1,0.1,0.1,True,-10,10
2026-08-24 11:09:21.933797,0.08873327086355075,0.07727316698406896,0.05453491020441367,0.03374721536599772,0.1,0.1,0.1,0.1,True,-10,10
2026-08-24 11:09:21.949033,0.08873327086355075,0.07727316698406896,0.05453491020441367,0.03374721536599772,0.1,0.1,0.1,0.1,True,-10,10
2026-08-24 11:09:21.965264,0.08873327086355075,0.07727316698406896,0.05453491020441367,0.03374721536599772,0.1,0.1,0.1,0.1,True,-10,10
2026-08-24 11:09:21.981362,0.08873327086355075,0.07727316698406896,0.05453491020441367,0.03374721536599772,0.1,0.1,0.1,0.1,True,-10,10
2026-08-24 11:09:21.997270,0.08873327086355075,0.07727316698406896,0.05453491020441367,0.03374721536599772,0.1,0.1,0.1,0.1,True,-10,10
2026-08-24 11:09:22.013121,0.08873327086355075,0.07727316698406896,0.05453491020441367,0.03374721536599772,0.1,0.1,0.1,0.1,True,-10,10
2026-08-24 11:09:22.027003,0.08873327086355075,0.07727316698406896,0.05453491020441367,0.03374721536599772,0.1,0.1,0.1,0.1,True,-10,10
2026-08-24 11:09:22.042710,0.08873327086355075,0.07727316698406896,0.05453491020441367,0.03374721536599772,0.1,0.1,0.1,0.1,True,-10,10
2026-08-24 11:09:22.062211,0.08873327086355075,0.07727316698406896,0.05453491020441367,0.03374721536599772,0.1,0.1,0.1,0.1,True,-10,10
2026-08-24 11:09:22.074520,0.08873327086355075,0.07727316698406896,0.05453491020441367,0.03374721536599772,0.1,0.1,0.1,0.1,True,-10,10
2026-08-24 11:09:22.090900,0.08873327086355075,0.07727316698406896,0.05453491020441367,0.03374721536599772,0.1,0.1,0.1,0.1,True,-10,10
2026-08-24 11:09:22.107639,0.08873327086355075,0.07727316698406896,0.05453491020441367,0.03374721536599772,0.1,0.1,0.1,0.1,True,-10,10
2026-08-24 11:09:22.123537,0.08873327086355075,0.07727316698406896,0.05453491020441367,0.03374721536599772,0.1,0.1,0.1,0.1,True,-10,10
2026-08-24 11:09:22.139407,0.08873327086355075,0.07727316698406896,0.05453491020441367,0.03374721536599772,0.1,0.1,0.1,0.1,True,-10,10
2026-08-24 11:09:22.153233,0.08873327086355075,0.07727316698406896,0.05453491020441367,0.03374721536599772,0.1,0.1,0.1,0.1,True,-10,10
2026-08-24 11:09:22.168940,0.08873327086355075,0.07727316698406896,0.05453491020441367,0.03374721536599772,0.1,0.1,0.1,0.1,True,-10,10
2026-08-24 11:09:22.185761,0.08873327086355075,0.07727316698406896,0.05453491020441367,0.03374721536599772,0.1,0.1,0.1,0.1,True,-10,10
2026-08-24 11:09:22.200142,0.08873327086355075,0.07727316698406896,0.05453491020441367,0.03374721536599772,0.1,0.1,0.1,0.1,True,-10,10
2026-08-24 11:09:22.220132,0.08873327086355075,0.07727316698406896,0.05453491020441367,0.03374721536599772,0.1,0.1,0.1,0.1,True,-10,10
2026-08-24 11:09:22.232003,0.08873327086355075,0.07727316698406896,0.05453491020441367,0.03374721536599772,0.1,0.1,0.1,0.1,True,-10,10
2026-08-24 11:09:22.249115,0.08873327086355075,0.07727316698406896,0.05453491020441367,0.03374721536599772,0.1,0.1,0.1,0.1,True,-10,10
2026-08-24 11:09:22.265367,0.08873327086355075,0.07727316698406896,0.05453491020441367,0.03374721536599772,0.1,0.1,0.1,0.1,True,-10,10
2026-08-24 11:09:22.281172,0.08873327086355075,0.07727316698406896,0.05453491020441367,0.03374721536599772,0.1,0.1,0.1,0.1,True,-10,10
2026-08-24 11:09:22.294641,0.08873327086355075,0.07727316698406896,0.05453491020441367,0.03374721536599772,0.1,0.1,0.1,0.1,True,-10,10
2026-08-24 11:09:22.310766,0.08873327086355075,0.07727316698406896,0.05453491020441367,0.03374721536599772,0.1,0.1,0.1,0.1,True,-10,10
2026-08-24 11:09:22.328796,0.08873327086355075,0.07727316698406896,0.05453491020441367,0.03374721536599772,0.1,0.1,0.1,0.1,True,-10,10
2026-08-24 11:09:22.344663,0.08873327086355075,0.07727316698406896,0.05453491020441367,0.03374721536599772,0.1,0.1,0.1,0.1,True,-10,10
2026-08-24 11:09:22.393224,0.03216922770490387,0.046432860190333304,0.1,0.1,0.1,0.08418436446199545,0.0908488852106226,0.045052119694144646,True,0.0,0.0
2026-08-24 11:09:22.405588,0.03216922770490387,0.046432860190333304,0.1,0.1,0.1,0.08418436446199545,0.0908488852106226,0.045052119694144646,True,0.0,0.0
2026-08-24 11:09:22.451635,0.0322667089978295,0.046803942487452566,0.1,0.1,0.1,0.08414462073537454,0.09124314657439937,0.044918228770761376,True,0.0,0.0
2026-08-24 11:09:22.473003,0.0322667089978295,0.046803942487452566,0.1,0.1,0.1,0.08414462073537454,0.09124314657439937,0.044918228770761376,True,0.0,0.0
2026-08-24 11:09:22.487422,0.0322667089978295,0.046803942487452566,0.1,0.1,0.1,0.08414462073537454,0.09124314657439937,0.044918228770761376,True,0.0,0.0
2026-08-24 11:09:22.503193,0.0322667089978295,0.046803942487452566,0.1,0.1,0.1,0.08414462073537454,0.09124314657439937,0.044918228770761376,True,0.0,0.0
2026-08-24 11:09:22.519069,0.0322667089978295,0.046803942487452566,0.1,0.1,0.1,0.08414462073537454,0.09124314657439937,0.044918228770761376,True,0.0,0.0
2026-08-24 11:09:22.535037,0.0322667089978295,0.046803942487452566,0.1,0.1,0.1,0.08414462073537454,0.09124314657439937,0.044918228770761376,True,0.0,0.0
2026-08-24 11:09:22.550971,0.0322667089978295,0.046803942487452566,0.1,0.1,0.1,0.08414462073537454,0.09124314657439937,0.044918228770761376,True,0.0,0.0
2026-08-24 11:09:22.564793,0.0322667089978295,0.046803942487452566,0.1,0.1,0.1,0.08414462073537454,0.09124314657439937,0.044918228770761376,True,0.0,0.0
2026-08-24 11:09:22.582756,0.0322667089978295,0.046803942487452566,0.1,0.1,0.1,0.08414462073537454,0.09124314657439937,0.044918228770761376,True,0.0,0.0
2026-08-24 11:09:22.598647,0.0322667089978295,0.046803942487452566,0.1,0.1,0.1,0.08414462073537454,0.09124314657439937,0.044918228770761376,True,0.0,0.0
2026-08-24 11:09:22.614528,0.0322667089978295,0.046803942487452566,0.1,0.1,0.1,0.08414462073537454,0.09124314657439937,0.044918228770761376,True,0.0,0.0
2026-08-24 11:09:22.630293,0.0322667089978295,0.046803942487452566,0.1,0.1,0.1,0.08414462073537454,0.09124314657439937,0.044918228770761376,True,0.0,0.0
2026-08-24 11:09:22.645743,0.0322667089978295,0.046803942487452566,0.1,0.1,0.1,0.08414462073537454,0.09124314657439937,0.044918228770761376,True,0.0,0.0
2026-08-24 11:09:22.663236,0.0322667089978295,0.046803942487452566,0.1,0.1,0.1,0.08414462073537454,0.09124314657439937,0.044918228770761376,True,0.0,0.0
2026-08-24 11:09:22.676568,0.0322667089978295,0.046803942487452566,0.1,0.1,0.1,0.08414462073537454,0.09124314657439937,0.044918228770761376,True,0.0,0.0
2026-08-24 11:09:22.693149,0.0322667089978295,0.046803942487452566,0.1,0.1,0.1,0.08414462073537454,0.09124314657439937,0.044918228770761376,True,0.0,0.0
2026-08-24 11:09:22.709127,0.0322667089978295,0.046803942487452566,0.1,0.1,0.1,0.08414462073537454,0.09124314657439937,0.044918228770761376,True,0.0,0.0
2026-08-24 11:09:22.724085,0.0322667089978295,0.046803942487452566,0.1,0.1,0.1,0.08414462073537454,0.09124314657439937,0.044918228770761376,True,0.0,0.0
2026-08-24 11:09:22.738811,0.0322667089978295,0.046803942487452566,0.1,0.1,0.1,0.08414462073537454,0.09124314657439937,0.044918228770761376,True,0.0,0.0
2026-08-24 11:09:22.754932,0.0322667089978295,0.046803942487452566,0.1,0.1,0.1,0.08414462073537454,0.09124314657439937,0.044918228770761376,True,0.0,0.0
2026-08-24 11:09:22.771049,0.0322667089978295,0.046803942487452566,0.1,0.1,0.1,0.08414462073537454,0.09124314657439937,0.044918228770761376,True,0.0,0.0
2026-08-24 11:09:22.817166,0.031901603776424425,0.04634358543380371,0.1,0.1,0.1,0.08408618213174891,0.09118991997979209,0.04450262984270297,True,0.0,0.0
2026-08-24 11:09:22.836942,0.031901603776424425,0.04634358543380371,0.1,0.1,0.1,0.08408618213174891,0.09118991997979209,0.04450262984270297,True,0.0,0.0
2026-08-24 11:09:22.852844,0.031901603776424425,0.04634358543380371,0.1,0.1,0.1,0.08408618213174891,0.09118991997979209,0.04450262984270297,True,10,-10
2026-08-24 11:09:22.866743,0.031901603776424425,0.04634358543380371,0.1,0.1,0.1,0.08408618213174891,0.09118991997979209,0.04450262984270297,True,10,-10
2026-08-24 11:09:22.885582,0.031901603776424425,0.04634358543380371,0.1,0.1,0.1,0.08408618213174891,0.09118991997979209,0.04450262984270297,True,10,-10
2026-08-24 11:09:22.898274,0.031901603776424425,0.04634358543380371,0.1,0.1,0.1,0.08408618213174891,0.09118991997979209,0.04450262984270297,True,10,-10
2026-08-24 11:09:22.913704,0.031901603776424425,0.04634358543380371,0.1,0.1,0.1,0.08408618213174891,0.09118991997979209,0.04450262984270297,True,10,-10
2026-08-24 11:09:22.931259,0.031901603776424425,0.04634358543380371,0.1,0.1,0.1,0.08408618213174891,0.09118991997979209,0.04450262984270297,True,10,-10
2026-08-24 11:09:22.946128,0.031901603776424425,0.04634358543380371,0.1,0.1,0.1,0.08408618213174891,0.09118991997979209,0.04450262984270297,True,10,-10
2026-08-24 11:09:22.960956,0.031901603776424425,0.04634358543380371,0.1,0.1,0.1,0.08408618213174891,0.09118991997979209,0.04450262984270297,True,10,-10
2026-08-24 11:09:22.976451,0.031901603776424425,0.04634358543380371,0.1,0.1,0.1,0.08408618213174891,0.09118991997979209,0.04450262984270297,True,10,-10
2026-08-24 11:09:22.993741,0.031901603776424425,0.04634358543380371,0.1,0.1,0.1,0.08408618213174891,0.09118991997979209,0.04450262984270297,True,10,-10
2026-08-24 11:09:23.010098,0.031901603776424425,0.04634358543380371,0.1,0.1,0.1,0.08408618213174891,0.09118991997979209,0.04450262984270297,True,10,-10
2026-08-24 11:09:23.025288,0.031901603776424425,0.04634358543380371,0.1,0.1,0.1,0.08408618213174891,0.09118991997979209,0.04450262984270297,True,10,-10
2026-08-24 11:09:23.038918,0.031901603776424425,0.04634358543380371,0.1,0.1,0.1,0.08408618213174891,0.09118991997979209,0.04450262984270297,True,10,-10
2026-08-24 11:09:23.056909,0.031901603776424425,0.04634358543380371,0.1,0.1,0.1,0.08408618213174891,0.09118991997979209,0.04450262984270297,True,10,-10
2026-08-24 11:09:23.072803,0.031901603776424425,0.04634358543380371,0.1,0.1,0.1,0.08408618213174891,0.09118991997979209,0.04450262984270297,True,10,-10
2026-08-24 11:09:23.086775,0.031901603776424425,0.04634358543380371,0.1,0.1,0.1,0.08408618213174891,0.09118991997979209,0.04450262984270297,True,10,-10
2026-08-24 11:09:23.104389,0.031901603776424425,0.04634358543380371,0.1,0.1,0.1,0.08408618213174891,0.09118991997979209,0.04450262984270297,True,10,-10
2026-08-24 11:09:23.119823,0.031901603776424425,0.04634358543380371,0.1,0.1,0.1,0.08408618213174891,0.09118991997979209,0.04450262984270297,True,10,-10
2026-08-24 11:09:23.135136,0.031901603776424425,0.04634358543380371,0.1,0.1,0.1,0.08408618213174891,0.09118991997979209,0.04450262984270297,True,10,-10
2026-08-24 11:09:23.150937,0.031901603776424425,0.04634358543380371,0.1,0.1,0.1,0.08408618213174891,0.09118991997979209,0.04450262984270297,True,10,-10
2026-08-24 11:09:23.166817,0.031901603776424425,0.04634358543380371,0.1,0.1,0.1,0.08408618213174891,0.09118991997979209,0.04450262984270297,True,10,-10
2026-08-24 11:09:23.183248,0.031901603776424425,0.04634358543380371,0.1,0.1,0.1,0.08408618213174891,0.09118991997979209,0.04450262984270297,True,10,-10
2026-08-24 11:09:23.199016,0.031901603776424425,0.04634358543380371,0.1,0.1,0.1,0.08408618213174891,0.09118991997979209,0.04450262984270297,True,10,-10
2026-08-24 11:09:23.215098,0.031901603776424425,0.04634358543380371,0.1,0.1,0.1,0.08408618213174891,0.09118991997979209,0.04450262984270297,True,10,-10
2026-08-24 11:09:23.230800,0.031901603776424425,0.04634358543380371,0.1,0.1,0.1,0.08408618213174891,0.09118991997979209,0.04450262984270297,True,10,-10
2026-08-24 11:09:23.247254,0.031901603776424425,0.04634358543380371,0.1,0.1,0.1,0.08408618213174891,0.09118991997979209,0.04450262984270297,True,10,-10
2026-08-24 11:09:23.263469,0.031901603776424425,0.04634358543380371,0.1,0.1,0.1,0.08408618213174891,0.09118991997979209,0.04450262984270297,True,10,-10
2026-08-24 11:09:23.276642,0.031901603776424425,0.04634358543380371,0.1,0.1,0.1,0.08408618213174891,0.09118991997979209,0.04450262984270297,True,10,-10
2026-08-24 11:09:23.294508,0.031901603776424425,0.04634358543380371,0.1,0.1,0.1,0.08408618213174891,0.09118991997979209,0.04450262984270297,True,10,-10
2026-08-24 11:09:23.310354,0.031901603776424425,0.04634358543380371,0.1,0.1,0.1,0.08408618213174891,0.09118991997979209,0.04450262984270297,True,10,-10
2026-08-24 11:09:23.324241,0.031901603776424425,0.04634358543380371,0.1,0.1,0.1,0.08408618213174891,0.09118991997979209,0.04450262984270297,True,10,-10
2026-08-24 11:09:23.341591,0.031901603776424425,0.04634358543380371,0.1,0.1,0.1,0.08408618213174891,0.09118991997979209,0.04450262984270297,True,10,-10
2026-08-24 11:09:23.356008,0.031901603776424425,0.04634358543380371,0.1,0.1,0.1,0.08408618213174891,0.09118991997979209,0.04450262984270297,True,10,-10
2026-08-24 11:09:23.371346,0.031901603776424425,0.04634358543380371,0.1,0.1,0.1,0.08408618213174891,0.09118991997979209,0.04450262984270297,True,10,-10
2026-08-24 11:09:23.388488,0.031901603776424425,0.04634358543380371,0.1,0.1,0.1,0.08408618213174891,0.09118991997979209,0.04450262984270297,True,10,-10
2026-08-24 11:09:23.404429,0.031901603776424425,0.04634358543380371,0.1,0.1,0.1,0.08408618213174891,0.09118991997979209,0.04450262984270297,True,10,-10
2026-08-24 11:09:23.420931,0.031901603776424425,0.04634358543380371,0.1,0.1,0.1,0.08408618213174891,0.09118991997979209,0.04450262984270297,True,10,-10
2026-08-24 11:09:23.434094,0.031901603776424425,0.04634358543380371,0.1,0.1,0.1,0.08408618213174891,0.09118991997979209,0.04450262984270297,True,10,-10
2026-08-24 11:09:23.449901,0.031901603776424425,0.04634358543380371,0.1,0.1,0.1,0.08408618213174891,0.09118991997979209,0.04450262984270297,True,10,-10
2026-08-24 11:09:23.467009,0.031901603776424425,0.04634358543380371,0.1,0.1,0.1,0.08408618213174891,0.09118991997979209,0.04450262984270297,True,10,-10
2026-08-24 11:09:23.483788,0.031901603776424425,0.04634358543380371,0.1,0.1,0.1,0.08408618213174891,0.09118991997979209,0.04450262984270297,True,10,-10
2026-08-24 11:09:23.499661,0.031901603776424425,0.04634358543380371,0.1,0.1,0.1,0.08408618213174891,0.09118991997979209,0.04450262984270297,True,10,-10
2026-08-24 11:09:23.515037,0.031901603776424425,0.04634358543380371,0.1,0.1,0.1,0.08408618213174891,0.09118991997979209,0.04450262984270297,True,10,-10
2026-08-24 11:09:23.530947,0.031901603776424425,0.04634358543380371,0.1,0.1,0.1,0.08408618213174891,0.09118991997979209,0.04450262984270297,True,10,-10
2026-08-24 11:09:23.546820,0.031901603776424425,0.04634358543380371,0.1,0.1,0.1,0.08408618213174891,0.09118991997979209,0.04450262984270297,True,10,-10
2026-08-24 11:09:23.562727,0.031901603776424425,0.04634358543380371,0.1,0.1,0.1,0.08408618213174891,0.09118991997979209,0.04450262984270297,True,10,-10
2026-08-24 11:09:23.578677,0.031901603776424425,0.04634358543380371,0.1,0.1,0.1,0.08408618213174891,0.09118991997979209,0.04450262984270297,True,10,-10
2026-08-24 11:09:23.593308,0.031901603776424425,0.04634358543380371,0.1,0.1,0.1,0.08408618213174891,0.09118991997979209,0.04450262984270297,True,10,-10
2026-08-24 11:09:23.610249,0.031901603776424425,0.04634358543380371,0.1,0.1,0.1,0.08408618213174891,0.09118991997979209,0.04450262984270297,True,10,-10
2026-08-24 11:09:23.625631,0.031901603776424425,0.04634358543380371,0.1,0.1,0.1,0.08408618213174891,0.09118991997979209,0.04450262984270297,True,10,-10
2026-08-24 11:09:23.641179,0.031901603776424425,0.04634358543380371,0.1,0.1,0.1,0.08408618213174891,0.09118991997979209,0.04450262984270297,True,10,-10
2026-08-24 11:09:23.655878,0.031901603776424425,0.04634358543380371,0.1,0.1,0.1,0.08408618213174891,0.09118991997979209,0.04450262984270297,True,10,-10
2026-08-24 11:09:23.673144,0.031901603776424425,0.04634358543380371,0.1,0.1,0.1,0.08408618213174891,0.09118991997979209,0.04450262984270297,True,10,-10
2026-08-24 11:09:23.689272,0.031901603776424425,0.04634358543380371,0.1,0.1,0.1,0.08408618213174891,0.09118991997979209,0.04450262984270297,True,10,-10
2026-08-24 11:09:23.704167,0.031901603776424425,0.04634358543380371,0.1,0.1,0.1,0.08408618213174891,0.09118991997979209,0.04450262984270297,True,10,-10
2026-08-24 11:09:23.719426,0.031901603776424425,0.04634358543380371,0.1,0.1,0.1,0.08408618213174891,0.09118991997979209,0.04450262984270297,True,10,-10
2026-08-24 11:09:23.735493,0.031901603776424425,0.04634358543380371,0.1,0.1,0.1,0.08408618213174891,0.09118991997979209,0.04450262984270297,True,10,-10
2026-08-24 11:09:23.752872,0.031901603776424425,0.04634358543380371,0.1,0.1,0.1,0.08408618213174891,0.09118991997979209,0.04450262984270297,True,10,-10
2026-08-24 11:09:23.768012,0.031901603776424425,0.04634358543380371,0.1,0.1,0.1,0.08408618213174891,0.09118991997979209,0.04450262984270297,True,10,-10
2026-08-24 11:09:23.783901,0.031901603776424425,0.04634358543380371,0.1,0.1,0.1,0.08408618213174891,0.09118991997979209,0.04450262984270297,True,10,-10
2026-08-24 11:09:23.799874,0.031901603776424425,0.04634358543380371,0.1,0.1,0.1,0.08408618213174891,0.09118991997979209,0.04450262984270297,True,10,-10
2026-08-24 11:09:23.816830,0.031901603776424425,0.04634358543380371,0.1,0.1,0.1,0.08408618213174891,0.09118991997979209,0.04450262984270297,True,10,-10
2026-08-24 11:09:23.830877,0.031901603776424425,0.04634358543380371,0.1,0.1,0.1,0.08408618213174891,0.09118991997979209,0.04450262984270297,True,10,-10
2026-08-24 11:09:23.846721,0.031901603776424425,0.04634358543380371,0.1,0.1,0.1,0.08408618213174891,0.09118991997979209,0.04450262984270297,True,10,-10
2026-08-24 11:09:23.897998,0.09461801349821804,0.08596194733565421,0.05548509183628147,0.03842387305013335,0.1,0.1,0.1,0.1,True,0.0,0.0
2026-08-24 11:09:23.910339,0.09461801349821804,0.08596194733565421,0.05548509183628147,0.03842387305013335,0.1,0.1,0.1,0.1,True,0.0,0.0
2026-08-24 11:09:23.959013,0.09461663782237384,0.08596058592994832,0.055469355778819424,0.0384112190575807,0.1,0.1,0.1,0.1,True,0.0,0.0
2026-08-24 11:09:23.971167,0.09461663782237384,0.08596058592994832,0.055469355778819424,0.0384112190575807,0.1,0.1,0.1,0.1,True,0.0,0.0
2026-08-24 11:09:23.987067,0.09461663782237384,0.08596058592994832,0.055469355778819424,0.0384112190575807,0.1,0.1,0.1,0.1,True,0.0,0.0
2026-08-24 11:09:24.005087,0.09461663782237384,0.08596058592994832,0.055469355778819424,0.0384112190575807,0.1,0.1,0.1,0.1,True,0.0,0.0
2026-08-24 11:09:24.021041,0.09461663782237384,0.08596058592994832,0.055469355778819424,0.0384112190575807,0.1,0.1,0.1,0.1,True,0.0,0.0
2026-08-24 11:09:24.039021,0.09461663782237384,0.08596058592994832,0.055469355778819424,0.0384112190575807,0.1,0.1,0.1,0.1,True,0.0,0.0
2026-08-24 11:09:24.052303,0.09461663782237384,0.08596058592994832,0.055469355778819424,0.0384112190575807,0.1,0.1,0.1,0.1,True,0.0,0.0
2026-08-24 11:09:24.068326,0.09461663782237384,0.08596058592994832,0.055469355778819424,0.0384112190575807,0.1,0.1,0.1,0.1,True,0.0,0.0
2026-08-24 11:09:24.083754,0.09461663782237384,0.08596058592994832,0.055469355778819424,0.0384112190575807,0.1,0.1,0.1,0.1,True,0.0,0.0
2026-08-24 11:09:24.099054,0.09461663782237384,0.08596058592994832,0.055469355778819424,0.0384112190575807,0.1,0.1,0.1,0.1,True,0.0,0.0
2026-08-24 11:09:24.115481,0.09461663782237384,0.08596058592994832,0.055469355778819424,0.0384112190575807,0.1,0.1,0.1,0.1,True,0.0,0.0
2026-08-24 11:09:24.131239,0.09461663782237384,0.08596058592994832,0.055469355778819424,0.0384112190575807,0.1,0.1,0.1,0.1,True,0.0,0.0
2026-08-24 11:09:24.147309,0.09461663782237384,0.08596058592994832,0.055469355778819424,0.0384112190575807,0.1,0.1,0.1,0.1,True,0.0,0.0
2026-08-24 11:09:24.162752,0.09461663782237384,0.08596058592994832,0.055469355778819424,0.0384112190575807,0.1,0.1,0.1,0.1,True,0.0,0.0
2026-08-24 11:09:24.178771,0.09461663782237384,0.08596058592994832,0.055469355778819424,0.0384112190575807,0.1,0.1,0.1,0.1,True,0.0,0.0
2026-08-24 11:09:24.194706,0.09461663782237384,0.08596058592994832,0.055469355778819424,0.0384112190575807,0.1,0.1,0.1,0.1,True,0.0,0.0
2026-08-24 11:09:24.209409,0.09461663782237384,0.08596058592994832,0.055469355778819424,0.0384112190575807,0.1,0.1,0.1,0.1,True,0.0,0.0
2026-08-24 11:09:24.226006,0.09461663782237384,0.08596058592994832,0.055469355778819424,0.0384112190575807,0.1,0.1,0.1,0.1,True,0.0,0.0
2026-08-24 11:09:24.240195,0.09461663782237384,0.08596058592994832,0.055469355778819424,0.0384112190575807,0.1,0.1,0.1,0.1,True,0.0,0.0
2026-08-24 11:09:24.258112,0.09461663782237384,0.08596058592994832,0.055469355778819424,0.0384112190575807,0.1,0.1,0.1,0.1,True,0.0,0.0
2026-08-24 11:09:24.273288,0.09461663782237384,0.08596058592994832,0.055469355778819424,0.0384112190575807,0.1,0.1,0.1,0.1,True,0.0,0.0
2026-08-24 11:09:24.288998,0.09461663782237384,0.08596058592994832,0.055469355778819424,0.0384112190575807,0.1,0.1,0.1,0.1,True,0.0,0.0
2026-08-24 11:09:24.304486,0.09461663782237384,0.08596058592994832,0.055469355778819424,0.0384112190575807,0.1,0.1,0.1,0.1,True,0.0,0.0
2026-08-24 11:09:24.321077,0.09461663782237384,0.08596058592994832,0.055469355778819424,0.0384112190575807,0.1,0.1,0.1,0.1,True,0.0,0.0
2026-08-24 11:09:24.334727,0.09461663782237384,0.08596058592994832,0.055469355778819424,0.0384112190575807,0.1,0.1,0.1,0.1,True,0.0,0.0
2026-08-24 11:09:24.384163,0.09410053576221208,0.0854495380131896,0.05604812993669507,0.03891903147815873,0.1,0.1,0.1,0.1,True,0.0,0.0
2026-08-24 11:09:24.400145,0.09410053576221208,0.0854495380131896,0.05604812993669507,0.03891903147815873,0.1,0.1,0.1,0.1,True,0.0,0.0
2026-08-24 11:09:24.447882,0.09411113559301287,0.08546167985542885,0.05603163309422376,0.038904214502483464,0.1,0.1,0.1,0.1,True,10,10
2026-08-24 11:09:24.469305,0.09411113559301287,0.08546167985542885,0.05603163309422376,0.038904214502483464,0.1,0.1,0.1,0.1,True,10,10
2026-08-24 11:09:24.479866,0.09411113559301287,0.08546167985542885,0.05603163309422376,0.038904214502483464,0.1,0.1,0.1,0.1,True,-10,10
2026-08-24 11:09:24.499067,0.09411113559301287,0.08546167985542885,0.05603163309422376,0.038904214502483464,0.1,0.1,0.1,0.1,True,-10,10
2026-08-24 11:09:24.510174,0.09411113559301287,0.08546167985542885,0.05603163309422376,0.038904214502483464,0.1,0.1,0.1,0.1,True,-10,10
2026-08-24 11:09:24.525897,0.09411113559301287,0.08546167985542885,0.05603163309422376,0.038904214502483464,0.1,0.1,0.1,0.1,True,-10,10
2026-08-24 11:09:24.542716,0.09411113559301287,0.08546167985542885,0.05603163309422376,0.038904214502483464,0.1,0.1,0.1,0.1,True,-10,10
2026-08-24 11:09:24.557047,0.09411113559301287,0.08546167985542885,0.05603163309422376,0.038904214502483464,0.1,0.1,0.1,0.1,True,-10,10
2026-08-24 11:09:24.575044,0.09411113559301287,0.08546167985542885,0.05603163309422376,0.038904214502483464,0.1,0.1,0.1,0.1,True,-10,10
2026-08-24 11:09:24.590090,0.09411113559301287,0.08546167985542885,0.05603163309422376,0.038904214502483464,0.1,0.1,0.1,0.1,True,-10,10
2026-08-24 11:09:24.605416,0.09411113559301287,0.08546167985542885,0.05603163309422376,0.038904214502483464,0.1,0.1,0.1,0.1,True,-10,10
2026-08-24 11:09:24.621243,0.09411113559301287,0.08546167985542885,0.05603163309422376,0.038904214502483464,0.1,0.1,0.1,0.1,True,-10,10
2026-08-24 11:09:24.638123,0.09411113559301287,0.08546167985542885,0.05603163309422376,0.038904214502483464,0.1,0.1,0.1,0.1,True,-10,10
2026-08-24 11:09:24.654046,0.09411113559301287,0.08546167985542885,0.05603163309422376,0.038904214502483464,0.1,0.1,0.1,0.1,True,-10,10
2026-08-24 11:09:24.669943,0.09411113559301287,0.08546167985542885,0.05603163309422376,0.038904214502483464,0.1,0.1,0.1,0.1,True,-10,10
2026-08-24 11:09:24.685812,0.09411113559301287,0.08546167985542885,0.05603163309422376,0.038904214502483464,0.1,0.1,0.1,0.1,True,-10,10
2026-08-24 11:09:24.701682,0.09411113559301287,0.08546167985542885,0.05603163309422376,0.038904214502483464,0.1,0.1,0.1,0.1,True,-10,10
2026-08-24 11:09:24.719640,0.09411113559301287,0.08546167985542885,0.05603163309422376,0.038904214502483464,0.1,0.1,0.1,0.1,True,-10,10
2026-08-24 11:09:24.733513,0.09411113559301287,0.08546167985542885,0.05603163309422376,0.038904214502483464,0.1,0.1,0.1,0.1,True,-10,10
2026-08-24 11:09:24.749314,0.09411113559301287,0.08546167985542885,0.05603163309422376,0.038904214502483464,0.1,0.1,0.1,0.1,True,-10,10
2026-08-24 11:09:24.767220,0.09411113559301287,0.08546167985542885,0.05603163309422376,0.038904214502483464,0.1,0.1,0.1,0.1,True,-10,10
2026-08-24 11:09:24.782410,0.09411113559301287,0.08546167985542885,0.05603163309422376,0.038904214502483464,0.1,0.1,0.1,0.1,True,-10,10
2026-08-24 11:09:24.796541,0.09411113559301287,0.08546167985542885,0.05603163309422376,0.038904214502483464,0.1,0.1,0.1,0.1,True,-10,10
2026-08-24 11:09:24.814619,0.09411113559301287,0.08546167985542885,0.05603163309422376,0.038904214502483464,0.1,0.1,0.1,0.1,True,-10,10
2026-08-24 11:09:24.825748,0.09411113559301287,0.08546167985542885,0.05603163309422376,0.038904214502483464,0.1,0.1,0.1,0.1,True,-10,10
2026-08-24 11:09:24.842743,0.09411113559301287,0.08546167985542885,0.05603163309422376,0.038904214502483464,0.1,0.1,0.1,0.1,True,-10,10
2026-08-24 11:09:24.858754,0.09411113559301287,0.08546167985542885,0.05603163309422376,0.038904214502483464,0.1,0.1,0.1,0.1,True,-10,10
2026-08-24 11:09:24.873020,0.09411113559301287,0.08546167985542885,0.05603163309422376,0.038904214502483464,0.1,0.1,0.1,0.1,True,-10,10
2026-08-24 11:09:24.889861,0.09411113559301287,0.08546167985542885,0.05603163309422376,0.038904214502483464,0.1,0.1,0.1,0.1,True,-10,10
2026-08-24 11:09:24.904840,0.09411113559301287,0.08546167985542885,0.05603163309422376,0.038904214502483464,0.1,0.1,0.1,0.1,True,-10,10
2026-08-24 11:09:24.922035,0.09411113559301287,0.08546167985542885,0.05603163309422376,0.038904214502483464,0.1,0.1,0.1,0.1,True,-10,10
2026-08-24 11:09:24.937647,0.09411113559301287,0.08546167985542885,0.05603163309422376,0.038904214502483464,0.1,0.1,0.1,0.1,True,-10,10
2026-08-24 11:09:24.953856,0.09411113559301287,0.08546167985542885,0.05603163309422376,0.038904214502483464,0.1,0.1,0.1,0.1,True,-10,10
2026-08-24 11:09:24.968967,0.09411113559301287,0.08546167985542885,0.05603163309422376,0.038904214502483464,0.1,0.1,0.1,0.1,True,-10,10
2026-08-24 11:09:24.983427,0.09411113559301287,0.08546167985542885,0.05603163309422376,0.038904214502483464,0.1,0.1,0.1,0.1,True,-10,10
2026-08-24 11:09:25.000774,0.09411113559301287,0.08546167985542885,0.05603163309422376,0.038904214502483464,0.1,0.1,0.1,0.1,True,-10,10
2026-08-24 11:09:25.014933,0.09411113559301287,0.08546167985542885,0.05603163309422376,0.038904214502483464,0.1,0.1,0.1,0.1,True,-10,10
2026-08-24 11:09:25.031402,0.09411113559301287,0.08546167985542885,0.05603163309422376,0.038904214502483464,0.1,0.1,0.1,0.1,True,-10,10
2026-08-24 11:09:25.048816,0.09411113559301287,0.08546167985542885,0.05603163309422376,0.038904214502483464,0.1,0.1,0.1,0.1,True,-10,10
2026-08-24 11:09:25.063169,0.09411113559301287,0.08546167985542885,0.05603163309422376,0.038904214502483464,0.1,0.1,0.1,0.1,True,-10,10
2026-08-24 11:09:25.078733,0.09411113559301287,0.08546167985542885,0.05603163309422376,0.038904214502483464,0.1,0.1,0.1,0.1,True,-10,10
2026-08-24 11:09:25.094666,0.09411113559301287,0.08546167985542885,0.05603163309422376,0.038904214502483464,0.1,0.1,0.1,0.1,True,-10,10
2026-08-24 11:09:25.109586,0.09411113559301287,0.08546167985542885,0.05603163309422376,0.038904214502483464,0.1,0.1,0.1,0.1,True,-10,10
2026-08-24 11:09:25.126527,0.09411113559301287,0.08546167985542885,0.05603163309422376,0.038904214502483464,0.1,0.1,0.1,0.1,True,-10,10
2026-08-24 11:09:25.139874,0.09411113559301287,0.08546167985542885,0.05603163309422376,0.038904214502483464,0.1,0.1,0.1,0.1,True,-10,10
2026-08-24 11:09:25.157158,0.09411113559301287,0.08546167985542885,0.05603163309422376,0.038904214502483464,0.1,0.1,0.1,0.1,True,-10,10
2026-08-24 11:09:25.173128,0.09411113559301287,0.08546167985542885,0.05603163309422376,0.038904214502483464,0.1,0.1,0.1,0.1,True,-10,10
2026-08-24 11:09:25.186864,0.09411113559301287,0.08546167985542885,0.05603163309422376,0.038904214502483464,0.1,0.1,0.1,0.1,True,-10,10
2026-08-24 11:09:25.202846,0.09411113559301287,0.08546167985542885,0.05603163309422376,0.038904214502483464,0.1,0.1,0.1,0.1,True,-10,10
2026-08-24 11:09:25.219943,0.09411113559301287,0.08546167985542885,0.05603163309422376,0.038904214502483464,0.1,0.1,0.1,0.1,True,-10,10
2026-08-24 11:09:25.236087,0.09411113559301287,0.08546167985542885,0.05603163309422376,0.038904214502483464,0.1,0.1,0.1,0.1,True,-10,10
2026-08-24 11:09:25.251347,0.09411113559301287,0.08546167985542885,0.05603163309422376,0.038904214502483464,0.1,0.1,0.1,0.1,True,-10,10
2026-08-24 11:09:25.268940,0.09411113559301287,0.08546167985542885,0.05603163309422376,0.038904214502483464,0.1,0.1,0.1,0.1,True,-10,10
2026-08-24 11:09:25.285107,0.09411113559301287,0.08546167985542885,0.05603163309422376,0.038904214502483464,0.1,0.1,0.1,0.1,True,-10,10
2026-08-24 11:09:25.301105,0.09411113559301287,0.08546167985542885,0.05603163309422376,0.038904214502483464,0.1,0.1,0.1,0.1,True,-10,10
2026-08-24 11:09:25.315037,0.09411113559301287,0.08546167985542885,0.05603163309422376,0.038904214502483464,0.1,0.1,0.1,0.1,True,-10,10
2026-08-24 11:09:25.332342,0.09411113559301287,0.08546167985542885,0.05603163309422376,0.038904214502483464,0.1,0.1,0.1,0.1,True,-10,10
2026-08-24 11:09:25.347822,0.09411113559301287,0.08546167985542885,0.05603163309422376,0.038904214502483464,0.1,0.1,0.1,0.1,True,-10,10
2026-08-24 11:09:25.364781,0.09411113559301287,0.08546167985542885,0.05603163309422376,0.038904214502483464,0.1,0.1,0.1,0.1,True,-10,10
2026-08-24 11:09:25.380758,0.09411113559301287,0.08546167985542885,0.05603163309422376,0.038904214502483464,0.1,0.1,0.1,0.1,True,-10,10
2026-08-24 11:09:25.395616,0.09411113559301287,0.08546167985542885,0.05603163309422376,0.038904214502483464,0.1,0.1,0.1,0.1,True,-10,10
2026-08-24 11:09:25.411179,0.09411113559301287,0.08546167985542885,0.05603163309422376,0.038904214502483464,0.1,0.1,0.1,0.1,True,-10,10
2026-08-24 11:09:25.426886,0.09411113559301287,0.08546167985542885,0.05603163309422376,0.038904214502483464,0.1,0.1,0.1,0.1,True,-10,10
2026-08-24 11:09:25.443178,0.09411113559301287,0.08546167985542885,0.05603163309422376,0.038904214502483464,0.1,0.1,0.1,0.1,True,-10,10
2026-08-24 11:09:25.458430,0.09411113559301287,0.08546167985542885,0.05603163309422376,0.038904214502483464,0.1,0.1,0.1,0.1,True,-10,10
2026-08-24 11:09:25.474439,0.09411113559301287,0.08546167985542885,0.05603163309422376,0.038904214502483464,0.1,0.1,0.1,0.1,True,-10,10
2026-08-24 11:09:25.528880,0.04036649397251818,0.06225844555152417,0.1,0.1,0.1,0.08790629418632542,0.1,0.04959822434920167,True,0.0,0.0
2026-08-24 11:09:25.535450,0.04036649397251818,0.06225844555152417,0.1,0.1,0.1,0.08790629418632542,0.1,0.04959822434920167,True,0.0,0.0
2026-08-24 11:09:25.553769,0.04036649397251818,0.06225844555152417,0.1,0.1,0.1,0.08790629418632542,0.1,0.04959822434920167,True,0.0,0.0
2026-08-24 11:09:25.592390,0.04047516916129028,0.06240032340234433,0.1,0.1,0.1,0.08792216356955977,0.1,0.04971844064439844,True,0.0,0.0
2026-08-24 11:09:25.601025,0.04047516916129028,0.06240032340234433,0.1,0.1,0.1,0.08792216356955977,0.1,0.04971844064439844,True,0.0,0.0
2026-08-24 11:09:25.618469,0.04047516916129028,0.06240032340234433,0.1,0.1,0.1,0.08792216356955977,0.1,0.04971844064439844,True,0.0,0.0
2026-08-24 11:09:25.634522,0.04047516916129028,0.06240032340234433,0.1,0.1,0.1,0.08792216356955977,0.1,0.04971844064439844,True,0.0,0.0
2026-08-24 11:09:25.650828,0.04047516916129028,0.06240032340234433,0.1,0.1,0.1,0.08792216356955977,0.1,0.04971844064439844,True,0.0,0.0
2026-08-24 11:09:25.666536,0.04047516916129028,0.06240032340234433,0.1,0.1,0.1,0.08792216356955977,0.1,0.04971844064439844,True,0.0,0.0
2026-08-24 11:09:25.680485,0.04047516916129028,0.06240032340234433,0.1,0.1,0.1,0.08792216356955977,0.1,0.04971844064439844,True,0.0,0.0
2026-08-24 11:09:25.696395,0.04047516916129028,0.06240032340234433,0.1,0.1,0.1,0.08792216356955977,0.1,0.04971844064439844,True,0.0,0.0
2026-08-24 11:09:25.711492,0.04047516916129028,0.06240032340234433,0.1,0.1,0.1,0.08792216356955977,0.1,0.04971844064439844,True,0.0,0.0
2026-08-24 11:09:25.727690,0.04047516916129028,0.06240032340234433,0.1,0.1,0.1,0.08792216356955977,0.1,0.04971844064439844,True,0.0,0.0
2026-08-24 11:09:25.744096,0.04047516916129028,0.06240032340234433,0.1,0.1,0.1,0.08792216356955977,0.1,0.04971844064439844,True,0.0,0.0
2026-08-24 11:09:25.759196,0.04047516916129028,0.06240032340234433,0.1,0.1,0.1,0.08792216356955977,0.1,0.04971844064439844,True,0.0,0.0
2026-08-24 11:09:25.776876,0.04047516916129028,0.06240032340234433,0.1,0.1,0.1,0.08792216356955977,0.1,0.04971844064439844,True,0.0,0.0
2026-08-24 11:09:25.791401,0.04047516916129028,0.06240032340234433,0.1,0.1,0.1,0.08792216356955977,0.1,0.04971844064439844,True,0.0,0.0
2026-08-24 11:09:25.805729,0.04047516916129028,0.06240032340234433,0.1,0.1,0.1,0.08792216356955977,0.1,0.04971844064439844,True,0.0,0.0
2026-08-24 11:09:25.822977,0.04047516916129028,0.06240032340234433,0.1,0.1,0.1,0.08792216356955977,0.1,0.04971844064439844,True,0.0,0.0
2026-08-24 11:09:25.838912,0.04047516916129028,0.06240032340234433,0.1,0.1,0.1,0.08792216356955977,0.1,0.04971844064439844,True,0.0,0.0
2026-08-24 11:09:25.853137,0.04047516916129028,0.06240032340234433,0.1,0.1,0.1,0.08792216356955977,0.1,0.04971844064439844,True,0.0,0.0
2026-08-24 11:09:25.869184,0.04047516916129028,0.06240032340234433,0.1,0.1,0.1,0.08792216356955977,0.1,0.04971844064439844,True,0.0,0.0
2026-08-24 11:09:25.886755,0.04047516916129028,0.06240032340234433,0.1,0.1,0.1,0.08792216356955977,0.1,0.04971844064439844,True,0.0,0.0
2026-08-24 11:09:25.903108,0.04047516916129028,0.06240032340234433,0.1,0.1,0.1,0.08792216356955977,0.1,0.04971844064439844,True,0.0,0.0
2026-08-24 11:09:25.917394,0.04047516916129028,0.06240032340234433,0.1,0.1,0.1,0.08792216356955977,0.1,0.04971844064439844,True,0.0,0.0
2026-08-24 11:09:25.933908,0.04047516916129028,0.06240032340234433,0.1,0.1,0.1,0.08792216356955977,0.1,0.04971844064439844,True,0.0,0.0
2026-08-24 11:09:25.950977,0.04047516916129028,0.06240032340234433,0.1,0.1,0.1,0.08792216356955977,0.1,0.04971844064439844,True,0.0,0.0
2026-08-24 11:09:25.993833,0.04060883162228985,0.0625459623489064,0.1,0.1,0.1,0.08794086785158005,0.1,0.049888794162885934,True,0.0,0.0
2026-08-24 11:09:26.012954,0.04060883162228985,0.0625459623489064,0.1,0.1,0.1,0.08794086785158005,0.1,0.049888794162885934,True,0.0,0.0
2026-08-24 11:09:26.031378,0.04060865401418094,0.0625459623489064,0.1,0.1,0.1,0.08794086785158005,0.1,0.04988880412839862,True,10,-10
2026-08-24 11:09:26.049206,0.04060865401418094,0.0625459623489064,0.1,0.1,0.1,0.08794086785158005,0.1,0.04988880412839862,True,10,-10
2026-08-24 11:09:26.060588,0.04012298452323818,0.0625459623489064,0.1,0.1,0.1,0.08794086785158005,0.1,0.05295547983749032,True,10,-10
2026-08-24 11:09:26.077655,0.040011785887490076,0.0625459623489064,0.1,0.1,0.1,0.08794086785158005,0.1,0.05511909683144567,True,10,-10
2026-08-24 11:09:26.101316,0.040011785887490076,0.0625459623489064,0.1,0.1,0.1,0.08794086785158005,0.1,0.05511909683144567,True,10,-10
2026-08-24 11:09:26.122706,0.03991055288461606,0.0625459623489064,0.1,0.1,0.1,0.08794086785158005,0.1,0.05710221764969442,True,10,-10
2026-08-24 11:09:26.140525,0.03990812138092094,0.0625459623489064,0.1,0.1,0.1,0.08794086785158005,0.1,0.05935337951940626,True,10,-10
2026-08-24 11:09:26.154447,0.03997677377482277,0.0625459623489064,0.1,0.1,0.1,0.08794086785158005,0.1,0.06173812022377985,True,10,-10
2026-08-24 11:09:26.170323,0.04036322645790555,0.0625459623489064,0.1,0.1,0.1,0.08794086785158005,0.1,0.06473729051579212,True,10,-10
2026-08-24 11:09:26.190217,0.04082082331220133,0.0625459623489064,0.1,0.1,0.1,0.08794086785158005,0.1,0.06793198853118591,True,10,-10
2026-08-24 11:09:26.201749,0.04138192385051614,0.0625459623489064,0.1,0.1,0.1,0.08794086785158005,0.1,0.07153497418757275,True,10,-10
2026-08-24 11:09:26.217822,0.04280258589519436,0.0625459623489064,0.1,0.1,0.1,0.08794086785158005,0.1,0.07995821722352647,True,10,-10
2026-08-24 11:09:26.233972,0.04280258589519436,0.0625459623489064,0.1,0.1,0.1,0.08794086785158005,0.1,0.07995821722352647,True,10,-10
2026-08-24 11:09:26.264813,0.04458033274302572,0.0625459623489064,0.09450445558328124,0.1,0.1,0.08794086785158005,0.1,0.09011395467481914,True,10,-10
2026-08-24 11:09:26.281440,0.04565530248423686,0.0625459623489064,0.08884744335238809,0.1,0.1,0.08794086785158005,0.1,0.09622373561169445,True,10,-10
2026-08-24 11:09:26.317877,0.04565530248423686,0.0625459623489064,0.08884744335238809,0.1,0.1,0.08794086785158005,0.1,0.09622373561169445,True,10,-10
2026-08-24 11:09:26.325964,0.04814214528967528,0.0625459623489064,0.07935971296230236,0.1,0.1,0.08794086785158005,0.1,0.1,True,10,-10
2026-08-24 11:09:26.344102,0.04814214528967528,0.0625459623489064,0.07935971296230236,0.1,0.1,0.08794086785158005,0.1,0.1,True,10,-10
2026-08-24 11:09:26.359364,0.05117733586281514,0.0625459623489064,0.07164829281995415,0.1,0.1,0.08794086785158005,0.1,0.1,True,10,-10
2026-08-24 11:09:26.378875,0.05117733586281514,0.0625459623489064,0.07164829281995415,0.1,0.1,0.08794086785158005,0.1,0.1,True,10,-10
2026-08-24 11:09:26.390956,0.05290712519578107,0.0625459623489064,0.06832995582596905,0.1,0.1,0.08794086785158005,0.1,0.09997182782666991,True,10,-10
2026-08-24 11:09:26.406711,0.05660478013836419,0.0625459623489064,0.06264238004590277,0.1,0.1,0.08794086785158005,0.1,0.09617439515263676,True,10,-10
2026-08-24 11:09:26.425844,0.05660478013836419,0.0625459623489064,0.06264238004590277,0.1,0.1,0.08794086785158005,0.1,0.09617439515263676,True,10,-10
2026-08-24 11:09:26.441449,0.058735240614240763,0.0625459623489064,0.059999342510577175,0.1,0.1,0.08794086785158005,0.1,0.09439597266810101,True,10,-10
2026-08-24 11:09:26.453947,0.06364418036228249,0.0625459623489064,0.055479409229679845,0.1,0.1,0.08794086785158005,0.1,0.09142333873264746,True,10,-10
2026-08-24 11:09:26.468063,0.06364418036228249,0.0625459623489064,0.055479409229679845,0.1,0.1,0.08794086785158005,0.1,0.09142333873264746,True,10,-10
2026-08-24 11:09:26.486583,0.06990481010851816,0.0625459623489064,0.05178907516039301,0.1,0.1,0.08794086785158005,0.1,0.08894121225406633,True,10,-10
2026-08-24 11:09:26.506753,0.06990481010851816,0.0625459623489064,0.05178907516039301,0.1,0.1,0.08794086785158005,0.1,0.08894121225406633,True,10,-10
2026-08-24 11:09:26.547441,0.07730636669806266,0.04300442790596651,0.0486838421455471,0.1,0.1,0.1,0.09804645063893339,0.0872603831307281,True,0.0,0.0
2026-08-24 11:09:26.568536,0.07730636669806266,0.04300442790596651,0.0486838421455471,0.1,0.1,0.1,0.09804645063893339,0.0872603831307281,True,0.0,0.0
2026-08-24 11:09:26.582528,0.07730636669806266,0.04300442790596651,0.0486838421455471,0.1,0.1,0.1,0.09804645063893339,0.0872603831307281,True,0.0,0.0
2026-08-24 11:09:26.621938,0.07735095100020813,0.043035316683298616,0.048716763999059276,0.1,0.1,0.1,0.09811456081411206,0.08732310076700932,True,0.0,0.0
2026-08-24 11:09:26.646277,0.07735095100020813,0.043035316683298616,0.048716763999059276,0.1,0.1,0.1,0.09811456081411206,0.08732310076700932,True,0.0,0.0
2026-08-24 11:09:26.660736,0.07735095100020813,0.043035316683298616,0.048716763999059276,0.1,0.1,0.1,0.09811456081411206,0.08732310076700932,True,0.0,0.0
2026-08-24 11:09:26.676951,0.07735095100020813,0.043035316683298616,0.048716763999059276,0.1,0.1,0.1,0.09811456081411206,0.08732310076700932,True,0.0,0.0
2026-08-24 11:09:26.692018,0.07735095100020813,0.043035316683298616,0.048716763999059276,0.1,0.1,0.1,0.09811456081411206,0.08732310076700932,True,0.0,0.0
2026-08-24 11:09:26.707210,0.07735095100020813,0.043035316683298616,0.048716763999059276,0.1,0.1,0.1,0.09811456081411206,0.08732310076700932,True,0.0,0.0
2026-08-24 11:09:26.722256,0.07735095100020813,0.043035316683298616,0.048716763999059276,0.1,0.1,0.1,0.09811456081411206,0.08732310076700932,True,0.0,0.0
2026-08-24 11:09:26.737776,0.07735095100020813,0.043035316683298616,0.048716763999059276,0.1,0.1,0.1,0.09811456081411206,0.08732310076700932,True,0.0,0.0
2026-08-24 11:09:26.753921,0.07735095100020813,0.043035316683298616,0.048716763999059276,0.1,0.1,0.1,0.09811456081411206,0.08732310076700932,True,0.0,0.0
2026-08-24 11:09:26.770180,0.07735095100020813,0.043035316683298616,0.048716763999059276,0.1,0.1,0.1,0.09811456081411206,0.08732310076700932,True,0.0,0.0
2026-08-24 11:09:26.785426,0.07735095100020813,0.043035316683298616,0.048716763999059276,0.1,0.1,0.1,0.09811456081411206,0.08732310076700932,True,0.0,0.0
2026-08-24 11:09:26.801785,0.07735095100020813,0.043035316683298616,0.048716763999059276,0.1,0.1,0.1,0.09811456081411206,0.08732310076700932,True,0.0,0.0
2026-08-24 11:09:26.816972,0.07735095100020813,0.043035316683298616,0.048716763999059276,0.1,0.1,0.1,0.09811456081411206,0.08732310076700932,True,0.0,0.0
2026-08-24 11:09:26.832904,0.07735095100020813,0.043035316683298616,0.048716763999059276,0.1,0.1,0.1,0.09811456081411206,0.08732310076700932,True,0.0,0.0
2026-08-24 11:09:26.848850,0.07735095100020813,0.043035316683298616,0.048716763999059276,0.1,0.1,0.1,0.09811456081411206,0.08732310076700932,True,0.0,0.0
2026-08-24 11:09:26.862741,0.07735095100020813,0.043035316683298616,0.048716763999059276,0.1,0.1,0.1,0.09811456081411206,0.08732310076700932,True,0.0,0.0
2026-08-24 11:09:26.882292,0.07735095100020813,0.043035316683298616,0.048716763999059276,0.1,0.1,0.1,0.09811456081411206,0.08732310076700932,True,0.0,0.0
2026-08-24 11:09:26.898312,0.07735095100020813,0.043035316683298616,0.048716763999059276,0.1,0.1,0.1,0.09811456081411206,0.08732310076700932,True,0.0,0.0
2026-08-24 11:09:26.911603,0.07735095100020813,0.043035316683298616,0.048716763999059276,0.1,0.1,0.1,0.09811456081411206,0.08732310076700932,True,0.0,0.0
2026-08-24 11:09:26.929909,0.07735095100020813,0.043035316683298616,0.048716763999059276,0.1,0.1,0.1,0.09811456081411206,0.08732310076700932,True,0.0,0.0
2026-08-24 11:09:26.943271,0.07735095100020813,0.043035316683298616,0.048716763999059276,0.1,0.1,0.1,0.09811456081411206,0.08732310076700932,True,0.0,0.0
2026-08-24 11:09:26.959849,0.07735095100020813,0.043035316683298616,0.048716763999059276,0.1,0.1,0.1,0.09811456081411206,0.08732310076700932,True,0.0,0.0
2026-08-24 11:09:26.974960,0.07735095100020813,0.043035316683298616,0.048716763999059276,0.1,0.1,0.1,0.09811456081411206,0.08732310076700932,True,0.0,0.0
2026-08-24 11:09:26.990747,0.07735095100020813,0.043035316683298616,0.048716763999059276,0.1,0.1,0.1,0.09811456081411206,0.08732310076700932,True,0.0,0.0
2026-08-24 11:09:27.042731,0.07741506302625141,0.04308918846438351,0.0487831792253453,0.1,0.1,0.1,0.09826835902871173,0.08747928470675553,True,0.0,0.0
2026-08-24 11:09:27.052865,0.07741506302625141,0.04308918846438351,0.0487831792253453,0.1,0.1,0.1,0.09826835902871173,0.08747928470675553,True,0.0,0.0
2026-08-24 11:09:27.070447,0.07739775142860178,0.04308918846438351,0.04877087765535856,0.1,0.1,0.1,0.09826835902871173,0.0874566955307874,True,10,-10
2026-08-24 11:09:27.087229,0.08178481437317593,0.04308918846438351,0.047405587348705126,0.1,0.1,0.1,0.09826835902871173,0.08678310695276892,True,10,-10
2026-08-24 11:09:27.102251,0.08178481437317593,0.04308918846438351,0.047405587348705126,0.1,0.1,0.1,0.09826835902871173,0.08678310695276892,True,10,-10
2026-08-24 11:09:27.119207,0.09244555725245097,0.04308918846438351,0.0452855902041871,0.1,0.1,0.1,0.09826835902871173,0.08630401106654301,True,10,-10
2026-08-24 11:09:27.131298,0.09244555725245097,0.04308918846438351,0.0452855902041871,0.1,0.1,0.1,0.09826835902871173,0.08630401106654301,True,10,-10
2026-08-24 11:09:27.152512,0.09872430302893814,0.04308918846438351,0.04439932842145583,0.1,0.1,0.1,0.09826835902871173,0.08628460612030148,True,10,-10
2026-08-24 11:09:27.165848,0.1,0.04308918846438351,0.04296265444348107,0.1,0.1,0.1,0.09826835902871173,0.08627824767958538,True,10,-10
2026-08-24 11:09:27.181571,0.1,0.04308918846438351,0.04296265444348107,0.1,0.1,0.1,0.09826835902871173,0.08627824767958538,True,10,-10
2026-08-24 11:09:27.197567,0.1,0.04308918846438351,0.04238928805919121,0.1,0.1,0.1,0.09826835902871173,0.0866330672789853,True,10,-10
2026-08-24 11:09:27.211774,0.0994623560208607,0.04308918846438351,0.04145056077741202,0.1,0.1,0.1,0.09826835902871173,0.0878221789670251,True,10,-10
2026-08-24 11:09:27.227997,0.0994623560208607,0.04308918846438351,0.04145056077741202,0.1,0.1,0.1,0.09826835902871173,0.0878221789670251,True,10,-10
2026-08-24 11:09:27.245684,0.09753556639287043,0.04308918846438351,0.04102653982469597,0.1,0.1,0.1,0.09826835902871173,0.08872364270988067,True,10,-10
2026-08-24 11:09:27.260036,0.09576538532619516,0.04308918846438351,0.04084208229221817,0.1,0.1,0.1,0.09826835902871173,0.08976280596409864,True,10,-10
2026-08-24 11:09:27.282053,0.09422932037481047,0.04308918846438351,0.04070641667662762,0.1,0.1,0.1,0.09826835902871173,0.09090112705875143,True,10,-10
2026-08-24 11:09:27.291094,0.09189306854588469,0.04308918846438351,0.040697870575253564,0.1,0.1,0.1,0.09826835902871173,0.09344190688508226,True,10,-10
2026-08-24 11:09:27.306600,0.0908822327318044,0.04308918846438351,0.04078484785653449,0.1,0.1,0.1,0.09826835902871173,0.09507309229330563,True,10,-10
2026-08-24 11:09:27.330836,0.09005943956238836,0.04308918846438351,0.0409262948052567,0.1,0.1,0.1,0.09826835902871173,0.09682628970747269,True,10,-10
2026-08-24 11:09:27.353199,0.08938903774832646,0.04308918846438351,0.04112844324137915,0.1,0.1,0.1,0.09826835902871173,0.09840599958100327,True,10,-10
2026-08-24 11:09:27.367491,0.08856440760731694,0.04308918846438351,0.04146537060961017,0.1,0.1,0.1,0.09826835902871173,0.1,True,10,-10
2026-08-24 11:09:27.386503,0.08856440760731694,0.04308918846438351,0.04146537060961017,0.1,0.1,0.1,0.09826835902871173,0.1,True,10,-10
2026-08-24 11:09:27.400629,0.08737281183550427,0.04308918846438351,0.042532911173007705,0.1,0.1,0.1,0.09826835902871173,0.1,True,10,-10
2026-08-24 11:09:27.416445,0.08700720788225974,0.04308918846438351,0.043094247043440594,0.1,0.1,0.1,0.09826835902871173,0.1,True,10,-10
2026-08-24 11:09:27.431298,0.0869986157560334,0.04308918846438351,0.04377412920599734,0.1,0.1,0.1,0.09826835902871173,0.1,True,10,-10
2026-08-24 11:09:27.449422,0.08711554616993095,0.04308918846438351,0.044516859283566135,0.1,0.1,0.1,0.09826835902871173,0.1,True,10,-10
2026-08-24 11:09:27.463819,0.08739084576073598,0.04308918846438351,0.04543408070023426,0.1,0.1,0.1,0.09826835902871173,0.1,True,10,-10
2026-08-24 11:09:27.484560,0.08778959829188782,0.04308918846438351,0.04640464240917288,0.1,0.1,0.1,0.09826835902871173,0.1,True,10,-10
2026-08-24 11:09:27.498004,0.08778959829188782,0.04308918846438351,0.04640464240917288,0.1,0.1,0.1,0.09826835902871173,0.1,True,10,-10
2026-08-24 11:09:27.513503,0.08807308232971511,0.04308918846438351,0.04753120778062644,0.1,0.1,0.1,0.09826835902871173,0.1,True,10,-10
2026-08-24 11:09:27.529997,0.08850304714811169,0.04308918846438351,0.048838400281044136,0.1,0.1,0.1,0.09826835902871173,0.1,True,10,-10
2026-08-24 11:09:27.544602,0.08909457134151882,0.04308918846438351,0.050327740584326534,0.1,0.1,0.1,0.09826835902871173,0.1,True,10,-10
2026-08-24 11:09:27.559535,0.08988422036943924,0.04308918846438351,0.05205431456729666,0.1,0.1,0.1,0.09826835902871173,0.1,True,10,-10
2026-08-24 11:09:27.577428,0.09095469826468808,0.04308918846438351,0.05365111860367703,0.1,0.1,0.1,0.09826835902871173,0.1,True,10,-10
2026-08-24 11:09:27.593242,0.09368135093627418,0.04308918846438351,0.057660552069545845,0.1,0.1,0.1,0.09826835902871173,0.1,True,10,-10
2026-08-24 11:09:27.612103,0.09368135093627418,0.04308918846438351,0.057660552069545845,0.1,0.1,0.1,0.09826835902871173,0.1,True,10,-10
2026-08-24 11:09:27.627217,0.09532580429035789,0.04308918846438351,0.05991503476806436,0.1,0.1,0.1,0.09826835902871173,0.1,True,10,-10
2026-08-24 11:09:27.638669,0.09914138814074713,0.04308918846438351,0.06505156267928422,0.1,0.1,0.1,0.09826835902871173,0.1,True,10,-10
2026-08-24 11:09:27.654569,0.09914138814074713,0.04308918846438351,0.06505156267928422,0.1,0.1,0.1,0.09826835902871173,0.1,True,10,-10
2026-08-24 11:09:27.702131,0.1,0.08822745674880687,0.07132381243530019,0.04305098586596328,0.1,0.1,0.1,0.1,True,0.0,0.0
2026-08-24 11:09:27.726318,0.1,0.08822745674880687,0.07132381243530019,0.04305098586596328,0.1,0.1,0.1,0.1,True,0.0,0.0
2026-08-24 11:09:27.770750,0.1,0.08822536469663643,0.0713329446430723,0.04305894803833776,0.1,0.1,0.1,0.1,True,0.0,0.0
2026-08-24 11:09:27.799414,0.1,0.08822536469663643,0.0713329446430723,0.04305894803833776,0.1,0.1,0.1,0.1,True,0.0,0.0
2026-08-24 11:09:27.815117,0.1,0.08822536469663643,0.0713329446430723,0.04305894803833776,0.1,0.1,0.1,0.1,True,0.0,0.0
2026-08-24 11:09:27.829532,0.1,0.08822536469663643,0.0713329446430723,0.04305894803833776,0.1,0.1,0.1,0.1,True,0.0,0.0
2026-08-24 11:09:27.846217,0.1,0.08822536469663643,0.0713329446430723,0.04305894803833776,0.1,0.1,0.1,0.1,True,0.0,0.0
2026-08-24 11:09:27.860138,0.1,0.08822536469663643,0.0713329446430723,0.04305894803833776,0.1,0.1,0.1,0.1,True,0.0,0.0
2026-08-24 11:09:27.876145,0.1,0.08822536469663643,0.0713329446430723,0.04305894803833776,0.1,0.1,0.1,0.1,True,0.0,0.0
2026-08-24 11:09:27.892658,0.1,0.08822536469663643,0.0713329446430723,0.04305894803833776,0.1,0.1,0.1,0.1,True,0.0,0.0
2026-08-24 11:09:27.907359,0.1,0.08822536469663643,0.0713329446430723,0.04305894803833776,0.1,0.1,0.1,0.1,True,0.0,0.0
2026-08-24 11:09:27.922581,0.1,0.08822536469663643,0.0713329446430723,0.04305894803833776,0.1,0.1,0.1,0.1,True,0.0,0.0
2026-08-24 11:09:27.940405,0.1,0.08822536469663643,0.0713329446430723,0.04305894803833776,0.1,0.1,0.1,0.1,True,0.0,0.0
2026-08-24 11:09:27.954548,0.1,0.08822536469663643,0.0713329446430723,0.04305894803833776,0.1,0.1,0.1,0.1,True,0.0,0.0
2026-08-24 11:09:27.970727,0.1,0.08822536469663643,0.0713329446430723,0.04305894803833776,0.1,0.1,0.1,0.1,True,0.0,0.0
2026-08-24 11:09:27.987047,0.1,0.08822536469663643,0.0713329446430723,0.04305894803833776,0.1,0.1,0.1,0.1,True,0.0,0.0
2026-08-24 11:09:28.002910,0.1,0.08822536469663643,0.0713329446430723,0.04305894803833776,0.1,0.1,0.1,0.1,True,0.0,0.0
2026-08-24 11:09:28.018882,0.1,0.08822536469663643,0.0713329446430723,0.04305894803833776,0.1,0.1,0.1,0.1,True,0.0,0.0
2026-08-24 11:09:28.034859,0.1,0.08822536469663643,0.0713329446430723,0.04305894803833776,0.1,0.1,0.1,0.1,True,0.0,0.0
2026-08-24 11:09:28.050004,0.1,0.08822536469663643,0.0713329446430723,0.04305894803833776,0.1,0.1,0.1,0.1,True,0.0,0.0
2026-08-24 11:09:28.067916,0.1,0.08822536469663643,0.0713329446430723,0.04305894803833776,0.1,0.1,0.1,0.1,True,0.0,0.0
2026-08-24 11:09:28.081643,0.1,0.08822536469663643,0.0713329446430723,0.04305894803833776,0.1,0.1,0.1,0.1,True,0.0,0.0
2026-08-24 11:09:28.098795,0.1,0.08822536469663643,0.0713329446430723,0.04305894803833776,0.1,0.1,0.1,0.1,True,0.0,0.0
2026-08-24 11:09:28.110899,0.1,0.08822536469663643,0.0713329446430723,0.04305894803833776,0.1,0.1,0.1,0.1,True,0.0,0.0
2026-08-24 11:09:28.128969,0.1,0.08822536469663643,0.0713329446430723,0.04305894803833776,0.1,0.1,0.1,0.1,True,0.0,0.0
2026-08-24 11:09:28.144860,0.1,0.08822536469663643,0.0713329446430723,0.04305894803833776,0.1,0.1,0.1,0.1,True,0.0,0.0
2026-08-24 11:09:28.160962,0.1,0.08822536469663643,0.0713329446430723,0.04305894803833776,0.1,0.1,0.1,0.1,True,0.0,0.0
2026-08-24 11:09:28.224769,0.1,0.08817128780201906,0.0714262240418695,0.0431410901054084,0.1,0.1,0.1,0.1,True,0.0,0.0
2026-08-24 11:09:28.240092,0.1,0.08817128780201906,0.0714262240418695,0.0431410901054084,0.1,0.1,0.1,0.1,True,0.0,0.0
2026-08-24 11:09:28.257459,0.1,0.08817128780201906,0.0714262240418695,0.0431410901054084,0.1,0.1,0.1,0.1,True,10,10
2026-08-24 11:09:28.275238,0.1,0.08817128780201906,0.0714262240418695,0.0431410901054084,0.1,0.1,0.1,0.1,True,10,10
2026-08-24 11:09:28.288941,0.1,0.08817128780201906,0.0714262240418695,0.0431410901054084,0.1,0.1,0.1,0.1,True,10,10
2026-08-24 11:09:28.303381,0.1,0.08817128780201906,0.0714262240418695,0.0431410901054084,0.1,0.1,0.1,0.1,True,10,10
2026-08-24 11:09:28.318968,0.1,0.08817128780201906,0.0714262240418695,0.0431410901054084,0.1,0.1,0.1,0.1,True,10,10
2026-08-24 11:09:28.335412,0.1,0.08817128780201906,0.0714262240418695,0.0431410901054084,0.1,0.1,0.1,0.1,True,10,10
2026-08-24 11:09:28.351026,0.1,0.08817128780201906,0.0714262240418695,0.0431410901054084,0.1,0.1,0.1,0.1,True,10,10
2026-08-24 11:09:28.367330,0.1,0.08817128780201906,0.0714262240418695,0.0431410901054084,0.1,0.1,0.1,0.1,True,10,10
2026-08-24 11:09:28.382540,0.1,0.08817128780201906,0.0714262240418695,0.0431410901054084,0.1,0.1,0.1,0.1,True,10,10
2026-08-24 11:09:28.396640,0.1,0.08817128780201906,0.0714262240418695,0.0431410901054084,0.1,0.1,0.1,0.1,True,10,10
2026-08-24 11:09:28.413538,0.0999988554760987,0.08817128780201906,0.0714262240418695,0.0431410901054084,0.1,0.1,0.1,0.1,True,10,10
2026-08-24 11:09:28.431078,0.09956703787983846,0.08817128780201906,0.0714262240418695,0.0431410901054084,0.1,0.1,0.1,0.1,True,10,10
2026-08-24 11:09:28.446444,0.09798462332179851,0.08817128780201906,0.0714262240418695,0.0431410901054084,0.1,0.1,0.1,0.1,True,10,10
2026-08-24 11:09:28.460886,0.09678942561941312,0.08817128780201906,0.0714262240418695,0.0431410901054084,0.1,0.1,0.1,0.1,True,10,10
2026-08-24 11:09:28.476182,0.09607721341061212,0.08817128780201906,0.0714262240418695,0.0431410901054084,0.1,0.1,0.1,0.1,True,10,10
2026-08-24 11:09:28.491724,0.09607721341061212,0.08817128780201906,0.0714262240418695,0.0431410901054084,0.1,0.1,0.1,0.1,True,10,10
2026-08-24 11:09:28.507657,0.0953737574565639,0.08817128780201906,0.0714262240418695,0.0431410901054084,0.1,0.1,0.1,0.1,True,10,10
2026-08-24 11:09:28.523573,0.09384880866480017,0.08817128780201906,0.0714262240418695,0.0431410901054084,0.1,0.1,0.1,0.1,True,10,10
2026-08-24 11:09:28.545717,0.0930746846454461,0.08817128780201906,0.0714262240418695,0.0431410901054084,0.1,0.1,0.1,0.1,True,10,10
2026-08-24 11:09:28.553689,0.09236347036807417,0.08817128780201906,0.0714262240418695,0.0431410901054084,0.1,0.1,0.1,0.1,True,10,10
2026-08-24 11:09:28.571386,0.09236347036807417,0.08817128780201906,0.0714262240418695,0.0431410901054084,0.1,0.1,0.1,0.1,True,10,10
2026-08-24 11:09:28.587968,0.0916141388769447,0.08817128780201906,0.0714262240418695,0.0431410901054084,0.1,0.1,0.1,0.1,True,10,10
2026-08-24 11:09:28.602249,0.09085949200388155,0.08817128780201906,0.0714262240418695,0.0431410901054084,0.1,0.1,0.1,0.1,True,10,10
2026-08-24 11:09:28.616379,0.08939466280765089,0.08817128780201906,0.0714262240418695,0.0431410901054084,0.1,0.1,0.1,0.1,True,10,10
2026-08-24 11:09:28.635286,0.08869748596899625,0.08817128780201906,0.0714262240418695,0.0431410901054084,0.1,0.1,0.1,0.1,True,10,10
2026-08-24 11:09:28.652100,0.08869748596899625,0.08817128780201906,0.0714262240418695,0.0431410901054084,0.1,0.1,0.1,0.1,True,10,10
2026-08-24 11:09:28.665662,0.08719282490101549,0.08817128780201906,0.0714262240418695,0.0431410901054084,0.1,0.1,0.1,0.1,True,10,10
2026-08-24 11:09:28.681653,0.08719282490101549,0.08817128780201906,0.0714262240418695,0.0431410901054084,0.1,0.1,0.1,0.1,True,10,10
2026-08-24 11:09:28.697224,0.0864314108659025,0.08817128780201906,0.0714262240418695,0.0431410901054084,0.1,0.1,0.1,0.1,True,10,10
2026-08-24 11:09:28.715126,0.08572200358104681,0.08817128780201906,0.0714262240418695,0.0431410901054084,0.1,0.1,0.1,0.1,True,10,10
2026-08-24 11:09:28.741243,0.08497851173331404,0.08817128780201906,0.0714262240418695,0.0431410901054084,0.1,0.1,0.1,0.1,True,10,10
2026-08-24 11:09:28.761005,0.08423147645528103,0.08817128780201906,0.0714262240418695,0.0431410901054084,0.1,0.1,0.1,0.1,True,10,10
2026-08-24 11:09:28.778521,0.08278246199075795,0.08817128780201906,0.0714262240418695,0.0431410901054084,0.1,0.1,0.1,0.1,True,10,10
2026-08-24 11:09:28.793105,0.08278246199075795,0.08817128780201906,0.0714262240418695,0.0431410901054084,0.1,0.1,0.1,0.1,True,10,10
2026-08-24 11:09:28.808714,0.08208567025710589,0.08817128780201906,0.0714262240418695,0.0431410901054084,0.1,0.1,0.1,0.1,True,10,10
2026-08-24 11:09:28.824557,0.08059354432327724,0.08817128780201906,0.0714262240418695,0.0431410901054084,0.1,0.1,0.1,0.1,True,10,10
2026-08-24 11:09:28.841825,0.07983936125974506,0.08817128780201906,0.0714262240418695,0.0431410901054084,0.1,0.1,0.1,0.1,True,10,10
2026-08-24 11:09:28.855876,0.07983936125974506,0.08817128780201906,0.0714262240418695,0.0431410901054084,0.1,0.1,0.1,0.1,True,10,10
2026-08-24 11:09:28.873949,0.07839441448351453,0.08817128780201906,0.0714262240418695,0.0431410901054084,0.1,0.1,0.1,0.1,True,10,10
2026-08-24 11:09:28.887077,0.07839441448351453,0.08817128780201906,0.0714262240418695,0.0431410901054084,0.1,0.1,0.1,0.1,True,10,10
2026-08-24 11:09:28.901289,0.07691019074857969,0.08817128780201906,0.0714262240418695,0.0431410901054084,0.1,0.1,0.1,0.1,True,10,10
2026-08-24 11:09:28.918415,0.07691019074857969,0.08817128780201906,0.0714262240418695,0.0431410901054084,0.1,0.1,0.1,0.1,True,10,10
2026-08-24 11:09:28.932998,0.07551558753378251,0.08817128780201906,0.0714262240418695,0.0431410901054084,0.1,0.1,0.1,0.1,True,10,10
2026-08-24 11:09:28.950415,0.07551558753378251,0.08817128780201906,0.0714262240418695,0.0431410901054084,0.1,0.1,0.1,0.1,True,10,10
2026-08-24 11:09:28.967277,0.07403706421356666,0.08817128780201906,0.0714262240418695,0.0431410901054084,0.1,0.1,0.1,0.1,True,10,10
2026-08-24 11:09:28.988462,0.0732904619685293,0.08817128780201906,0.0714262240418695,0.0431410901054084,0.1,0.1,0.1,0.1,True,10,10
2026-08-24 11:09:28.996378,0.07258516883003481,0.08817128780201906,0.0714262240418695,0.0431410901054084,0.1,0.1,0.1,0.1,True,10,10
2026-08-24 11:09:29.014238,0.07258516883003481,0.08817128780201906,0.0714262240418695,0.0431410901054084,0.1,0.1,0.1,0.1,True,10,10
2026-08-24 11:09:29.030185,0.07111968029909235,0.08817128780201906,0.0714262240418695,0.0431410901054084,0.1,0.1,0.1,0.1,True,10,10
2026-08-24 11:09:29.046517,0.07038292721209642,0.08817128780201906,0.0714262240418695,0.0431410901054084,0.1,0.1,0.1,0.1,True,10,10
2026-08-24 11:09:29.061959,0.07038292721209642,0.08817128780201906,0.0714262240418695,0.0431410901054084,0.1,0.1,0.1,0.1,True,10,10
2026-08-24 11:09:29.077898,0.0696856495294828,0.08817128780201906,0.0714262240418695,0.0431410901054084,0.1,0.1,0.1,0.1,True,10,10
2026-08-24 11:09:29.091694,0.06899134971837317,0.08817128780201906,0.0714262240418695,0.0431410901054084,0.1,0.1,0.1,0.1,True,10,10
2026-08-24 11:09:29.111578,0.06752685966542711,0.08817128780201906,0.0714262240418695,0.0431410901054084,0.1,0.1,0.1,0.1,True,10,10
2026-08-24 11:09:29.123943,0.06678790796529972,0.08817128780201906,0.0714262240418695,0.0431410901054084,0.1,0.1,0.1,0.1,True,10,10
2026-08-24 11:09:29.139874,0.06608567450326402,0.08817128780201906,0.0714262240418695,0.0431410901054084,0.1,0.1,0.1,0.1,True,10,10
2026-08-24 11:09:29.157736,0.06608567450326402,0.08817128780201906,0.0714262240418695,0.0431410901054084,0.1,0.1,0.1,0.1,True,10,10
2026-08-24 11:09:29.173097,0.06536121761148808,0.08817128780201906,0.0714262240418695,0.0431410901054084,0.1,0.1,0.1,0.1,True,10,10
2026-08-24 11:09:29.187587,0.06463464187704113,0.08817128780201906,0.0714262240418695,0.0431410901054084,0.1,0.1,0.1,0.1,True,10,10
2026-08-24 11:09:29.205610,0.06390661147598688,0.08817128780201906,0.0714262240418695,0.0431410901054084,0.1,0.1,0.1,0.1,True,10,10
2026-08-24 11:09:29.221137,0.06251973037183214,0.08817128780201906,0.0714262240418695,0.0431410901054084,0.1,0.1,0.1,0.1,True,10,10
2026-08-24 11:09:29.237007,0.061796090000800365,0.08817128780201906,0.0714262240418695,0.0431410901054084,0.1,0.1,0.1,0.1,True,10,10
2026-08-24 11:09:29.252023,0.061796090000800365,0.08817128780201906,0.0714262240418695,0.0431410901054084,0.1,0.1,0.1,0.1,True,10,10
2026-08-24 11:09:29.266647,0.06106931978981981,0.08817128780201906,0.0714262240418695,0.0431410901054084,0.1,0.1,0.1,0.1,True,10,10
2026-08-24 11:09:29.284405,0.06033639146709692,0.08817128780201906,0.0714262240418695,0.0431410901054084,0.1,0.1,0.1,0.1,True,10,10
2026-08-24 11:09:29.300575,0.058948803861258975,0.08817128780201906,0.0714262240418695,0.0431410901054084,0.1,0.1,0.1,0.1,True,10,10
2026-08-24 11:09:29.316202,0.058224242929990344,0.08817128780201906,0.0714262240418695,0.0431410901054084,0.1,0.1,0.1,0.1,True,10,10
2026-08-24 11:09:29.332199,0.05749577285384075,0.08817128780201906,0.0714262240418695,0.0431410901054084,0.1,0.1,0.1,0.1,True,10,10
2026-08-24 11:09:29.347225,0.05749577285384075,0.08817128780201906,0.0714262240418695,0.0431410901054084,0.1,0.1,0.1,0.1,True,10,10
2026-08-24 11:09:29.361930,0.05610143900689061,0.08817128780201906,0.0714262240418695,0.0431410901054084,0.1,0.1,0.1,0.1,True,10,10
2026-08-24 11:09:29.380415,0.05537901895502824,0.08817128780201906,0.0714262240418695,0.0431410901054084,0.1,0.1,0.1,0.1,True,10,10
2026-08-24 11:09:29.394842,0.05537901895502824,0.08817128780201906,0.0714262240418695,0.0431410901054084,0.1,0.1,0.1,0.1,True,10,10
2026-08-24 11:09:29.413487,0.054653894897756766,0.08817128780201906,0.0714262240418695,0.0431410901054084,0.1,0.1,0.1,0.1,True,10,10
2026-08-24 11:09:29.426566,0.05323386473320864,0.08817128780201906,0.0714262240418695,0.0431410901054084,0.1,0.1,0.1,0.1,True,10,10
2026-08-24 11:09:29.440822,0.05323386473320864,0.08817128780201906,0.0714262240418695,0.0431410901054084,0.1,0.1,0.1,0.1,True,10,10
2026-08-24 11:09:29.458041,0.05255002041468171,0.08817128780201906,0.0714262240418695,0.0431410901054084,0.1,0.1,0.1,0.1,True,10,10
2026-08-24 11:09:29.471640,0.051835725369577396,0.08817128780201906,0.0714262240418695,0.0431410901054084,0.1,0.1,0.1,0.1,True,10,10
2026-08-24 11:09:29.488375,0.051117000576194886,0.08817128780201906,0.0714262240418695,0.0431410901054084,0.1,0.1,0.1,0.1,True,10,10
2026-08-24 11:09:29.505982,0.050394526997771055,0.08817128780201906,0.0714262240418695,0.0431410901054084,0.1,0.1,0.1,0.1,True,10,10
2026-08-24 11:09:29.527282,0.04970782618091723,0.08817128780201906,0.0714262240418695,0.0431410901054084,0.1,0.1,0.1,0.1,True,-5.0,5.0
2026-08-24 11:09:29.536297,0.04902481676882217,0.08817128780201906,0.0714262240418695,0.0431410901054084,0.1,0.1,0.1,0.1,True,-5.0,5.0
2026-08-24 11:09:29.551419,0.048763879399727324,0.08817128780201906,0.0714262240418695,0.0431410901054084,0.1,0.1,0.1,0.1,True,-5.0,5.0
2026-08-24 11:09:29.566979,0.04833910875891083,0.08817128780201906,0.0714262240418695,0.0431410901054084,0.1,0.1,0.1,0.1,True,-5.0,5.0
2026-08-24 11:09:29.583722,0.04833910875891083,0.08817128780201906,0.0714262240418695,0.0431410901054084,0.1,0.1,0.1,0.1,True,-5.0,5.0
2026-08-24 11:09:29.600403,0.047865032924472944,0.08817128780201906,0.0714262240418695,0.0431410901054084,0.1,0.1,0.1,0.1,True,-5.0,5.0
2026-08-24 11:09:29.614531,0.04729426187870253,0.08817128780201906,0.0714262240418695,0.0431410901054084,0.1,0.1,0.1,0.1,True,-5.0,5.0
2026-08-24 11:09:29.630667,0.0467110396962259,0.08817128780201906,0.0714262240418695,0.0431410901054084,0.1,0.1,0.1,0.1,True,-5.0,5.0
2026-08-24 11:09:29.646659,0.046004273697699875,0.08817128780201906,0.0714262240418695,0.0431410901054084,0.1,0.1,0.1,0.1,True,-5.0,5.0
2026-08-24 11:09:29.662519,0.04536642632917419,0.08817128780201906,0.0714262240418695,0.0431410901054084,0.1,0.1,0.1,0.1,True,-5.0,5.0
2026-08-24 11:09:29.681747,0.044398083445018215,0.08817128780201906,0.0714262240418695,0.0431410901054084,0.1,0.1,0.1,0.09922040180015172,True,-5.0,5.0
2026-08-24 11:09:29.701742,0.044398083445018215,0.08817128780201906,0.0714262240418695,0.0431410901054084,0.1,0.1,0.1,0.09922040180015172,True,-5.0,5.0
2026-08-24 11:09:29.712256,0.04331047944852743,0.08817128780201906,0.0714262240418695,0.0431410901054084,0.1,0.1,0.1,0.09269643083355436,True,-5.0,5.0
2026-08-24 11:09:29.735457,0.042794398465947334,0.08817128780201906,0.0714262240418695,0.0431410901054084,0.1,0.1,0.1,0.08965362325508418,True,-5.0,5.0
2026-08-24 11:09:29.759401,0.042794398465947334,0.08817128780201906,0.0714262240418695,0.0431410901054084,0.1,0.1,0.1,0.08965362325508418,True,-5.0,5.0
2026-08-24 11:09:29.777383,0.041850905627805565,0.08817128780201906,0.0714262240418695,0.0431410901054084,0.1,0.1,0.1,0.08409340222843531,True,-5.0,5.0
2026-08-24 11:09:29.795596,0.041850905627805565,0.08817128780201906,0.0714262240418695,0.0431410901054084,0.1,0.1,0.1,0.08409340222843531,True,-5.0,5.0
2026-08-24 11:09:29.805188,0.04142209405258529,0.08817128780201906,0.0714262240418695,0.0431410901054084,0.1,0.1,0.1,0.08155490755557687,True,-5.0,5.0
2026-08-24 11:09:29.823211,0.04102138312683603,0.08817128780201906,0.0714262240418695,0.0431410901054084,0.1,0.1,0.1,0.07916753033096911,True,-5.0,5.0
2026-08-24 11:09:29.837043,0.0406488647246927,0.08817128780201906,0.0714262240418695,0.0431410901054084,0.1,0.1,0.1,0.07692423649970365,True,-5.0,5.0
2026-08-24 11:09:29.853027,0.03996451100874396,0.08817128780201906,0.0714262240418695,0.0431410901054084,0.1,0.1,0.1,0.07274980198164956,True,-5.0,5.0
2026-08-24 11:09:29.873730,0.03996451100874396,0.08817128780201906,0.0714262240418695,0.0431410901054084,0.1,0.1,0.1,0.07274980198164956,True,-5.0,5.0
2026-08-24 11:09:29.886895,0.03955612064051047,0.08817128780201906,0.0714262240418695,0.0431410901054084,0.1,0.1,0.1,0.06920011305738938,True,-5.0,5.0
2026-08-24 11:09:29.899824,0.03938596421591758,0.08817128780201906,0.0714262240418695,0.0431410901054084,0.1,0.1,0.1,0.06753307877997705,True,-5.0,5.0
2026-08-24 11:09:29.917724,0.039241613464033584,0.08817128780201906,0.0714262240418695,0.0431410901054084,0.1,0.1,0.1,0.0659622792282336,True,-5.0,5.0
2026-08-24 11:09:29.931655,0.03912190265204383,0.08817128780201906,0.0714262240418695,0.0431410901054084,0.1,0.1,0.1,0.06448353178012627,True,-5.0,5.0
2026-08-24 11:09:29.947753,0.03912190265204383,0.08817128780201906,0.0714262240418695,0.0431410901054084,0.1,0.1,0.1,0.06448353178012627,True,-5.0,5.0
2026-08-24 11:09:29.980332,0.039026487306733915,0.08817128780201906,0.0714262240418695,0.0431410901054084,0.1,0.1,0.1,0.06309409934532208,True,-5.0,5.0
2026-08-24 11:09:29.995638,0.0389548703362358,0.08817128780201906,0.0714262240418695,0.0431410901054084,0.1,0.1,0.1,0.061790941117845805,True,-5.0,5.0
2026-08-24 11:09:30.013801,0.03879768788270059,0.08817128780201906,0.0714262240418695,0.0431410901054084,0.1,0.1,0.1,0.06043132939668349,True,-5.0,5.0
2026-08-24 11:09:30.027901,0.03866212312371753,0.08817128780201906,0.0714262240418695,0.0431410901054084,0.1,0.1,0.1,0.05915378934040902,True,-5.0,5.0
2026-08-24 11:09:30.048459,0.03854984534461808,0.08817128780201906,0.0714262240418695,0.0431410901054084,0.1,0.1,0.1,0.05714496970421382,True,-5.0,5.0
2026-08-24 11:09:30.061742,0.03851251518617464,0.08817128780201906,0.0714262240418695,0.0431410901054084,0.1,0.1,0.1,0.05616097073613577,True,-5.0,5.0
2026-08-24 11:09:30.080045,0.03851251518617464,0.08817128780201906,0.0714262240418695,0.0431410901054084,0.1,0.1,0.1,0.05616097073613577,True,-5.0,5.0
2026-08-24 11:09:30.092933,0.03849031379292207,0.08817128780201906,0.0714262240418695,0.0431410901054084,0.1,0.1,0.1,0.05521780067789953,True,-5.0,5.0
2026-08-24 11:09:30.109226,0.03846741858509408,0.08817128780201906,0.0714262240418695,0.0431410901054084,0.1,0.1,0.1,0.05315098659785185,True,-5.0,5.0
2026-08-24 11:09:30.131481,0.03846741858509408,0.08817128780201906,0.0714262240418695,0.0431410901054084,0.1,0.1,0.1,0.05315098659785185,True,-5.0,5.0
2026-08-24 11:09:30.141314,0.038489269151617926,0.08817128780201906,0.0714262240418695,0.0431410901054084,0.1,0.1,0.1,0.05116958364820558,True,-5.0,5.0
2026-08-24 11:09:30.157093,0.038489269151617926,0.08817128780201906,0.0714262240418695,0.0431410901054084,0.1,0.1,0.1,0.05116958364820558,True,-5.0,5.0
2026-08-24 11:09:30.171963,0.03852512302408104,0.08817128780201906,0.0714262240418695,0.0431410901054084,0.1,0.1,0.1,0.04933213209216747,True,-5.0,5.0
2026-08-24 11:09:30.186643,0.03867787433731995,0.08817128780201906,0.0714262240418695,0.0431410901054084,0.1,0.1,0.1,0.048618183145416626,True,-5.0,5.0
2026-08-24 11:09:30.203417,0.03867787433731995,0.08817128780201906,0.0714262240418695,0.0431410901054084,0.1,0.1,0.1,0.048618183145416626,True,-5.0,5.0
2026-08-24 11:09:30.220269,0.038781131231701196,0.08817128780201906,0.0714262240418695,0.0431410901054084,0.1,0.1,0.1,0.04795303082143346,True,-5.0,5.0
2026-08-24 11:09:30.236150,0.03889993953996293,0.08817128780201906,0.0714262240418695,0.0431410901054084,0.1,0.1,0.1,0.04732494642296819,True,-5.0,5.0
2026-08-24 11:09:30.250222,0.03903348646151617,0.08817128780201906,0.0714262240418695,0.0431410901054084,0.1,0.1,0.1,0.04673346441771398,True,-5.0,5.0
2026-08-24 11:09:30.268359,0.03929211495821838,0.08817128780201906,0.0714262240418695,0.0431410901054084,0.1,0.1,0.1,0.04534033699097294,True,-5.0,5.0
2026-08-24 11:09:30.283517,0.03943331216925198,0.08817128780201906,0.0714262240418695,0.0431410901054084,0.1,0.1,0.1,0.044644478532842105,True,-5.0,5.0
2026-08-24 11:09:30.305557,0.03963361523353187,0.08817128780201906,0.0714262240418695,0.0431410901054084,0.1,0.1,0.1,0.04413005982894378,True,-5.0,5.0
2026-08-24 11:09:30.315321,0.03983413693705371,0.08817128780201906,0.0714262240418695,0.0431410901054084,0.1,0.1,0.1,0.04360884500615994,True,-5.0,5.0
2026-08-24 11:09:30.332472,0.04004135744567025,0.08817128780201906,0.0714262240418695,0.0431410901054084,0.1,0.1,0.1,0.0430222937094562,True,-5.0,5.0
2026-08-24 11:09:30.346985,0.04004135744567025,0.08817128780201906,0.0714262240418695,0.0431410901054084,0.1,0.1,0.1,0.0430222937094562,True,-5.0,5.0
2026-08-24 11:09:30.363386,0.04028940002539787,0.08817128780201906,0.0714262240418695,0.0431410901054084,0.1,0.1,0.1,0.04259159357884997,True,-5.0,5.0
2026-08-24 11:09:30.377002,0.0405533558891211,0.08817128780201906,0.0714262240418695,0.0431410901054084,0.1,0.1,0.1,0.04218034639618521,True,-5.0,5.0
2026-08-24 11:09:30.436848,0.04083435552951992,0.07630841701894907,0.0880309912148779,0.1,0.1,0.1,0.08186017608802691,0.041791149064132865,True,0.0,0.0
2026-08-24 11:09:30.500023,0.04079959129371066,0.0762579826436645,0.08803184172517103,0.1,0.1,0.1,0.0818061414890216,0.04175576456603991,True,0.0,0.0
2026-08-24 11:09:30.520982,0.04079959129371066,0.0762579826436645,0.08803184172517103,0.1,0.1,0.1,0.0818061414890216,0.04175576456603991,True,0.0,0.0
2026-08-24 11:09:30.538811,0.04079959129371066,0.0762579826436645,0.08803184172517103,0.1,0.1,0.1,0.0818061414890216,0.04175576456603991,True,0.0,0.0
2026-08-24 11:09:30.553375,0.04079959129371066,0.0762579826436645,0.08803184172517103,0.1,0.1,0.1,0.0818061414890216,0.04175576456603991,True,0.0,0.0
2026-08-24 11:09:30.567940,0.04079959129371066,0.0762579826436645,0.08803184172517103,0.1,0.1,0.1,0.0818061414890216,0.04175576456603991,True,0.0,0.0
2026-08-24 11:09:30.583963,0.04079959129371066,0.0762579826436645,0.08803184172517103,0.1,0.1,0.1,0.0818061414890216,0.04175576456603991,True,0.0,0.0
2026-08-24 11:09:30.597838,0.04079959129371066,0.0762579826436645,0.08803184172517103,0.1,0.1,0.1,0.0818061414890216,0.04175576456603991,True,0.0,0.0
2026-08-24 11:09:30.613758,0.04079959129371066,0.0762579826436645,0.08803184172517103,0.1,0.1,0.1,0.0818061414890216,0.04175576456603991,True,0.0,0.0
2026-08-24 11:09:30.631321,0.04079959129371066,0.0762579826436645,0.08803184172517103,0.1,0.1,0.1,0.0818061414890216,0.04175576456603991,True,0.0,0.0
2026-08-24 11:09:30.645526,0.04079959129371066,0.0762579826436645,0.08803184172517103,0.1,0.1,0.1,0.0818061414890216,0.04175576456603991,True,0.0,0.0
2026-08-24 11:09:30.663313,0.04079959129371066,0.0762579826436645,0.08803184172517103,0.1,0.1,0.1,0.0818061414890216,0.04175576456603991,True,0.0,0.0
2026-08-24 11:09:30.679244,0.04079959129371066,0.0762579826436645,0.08803184172517103,0.1,0.1,0.1,0.0818061414890216,0.04175576456603991,True,0.0,0.0
2026-08-24 11:09:30.695020,0.04079959129371066,0.0762579826436645,0.08803184172517103,0.1,0.1,0.1,0.0818061414890216,0.04175576456603991,True,0.0,0.0
2026-08-24 11:09:30.710805,0.04079959129371066,0.0762579826436645,0.08803184172517103,0.1,0.1,0.1,0.0818061414890216,0.04175576456603991,True,0.0,0.0
2026-08-24 11:09:30.726005,0.04079959129371066,0.0762579826436645,0.08803184172517103,0.1,0.1,0.1,0.0818061414890216,0.04175576456603991,True,0.0,0.0
2026-08-24 11:09:30.742516,0.04079959129371066,0.0762579826436645,0.08803184172517103,0.1,0.1,0.1,0.0818061414890216,0.04175576456603991,True,0.0,0.0
2026-08-24 11:09:30.759107,0.04079959129371066,0.0762579826436645,0.08803184172517103,0.1,0.1,0.1,0.0818061414890216,0.04175576456603991,True,0.0,0.0
2026-08-24 11:09:30.772098,0.04079959129371066,0.0762579826436645,0.08803184172517103,0.1,0.1,0.1,0.0818061414890216,0.04175576456603991,True,0.0,0.0
2026-08-24 11:09:30.787876,0.04079959129371066,0.0762579826436645,0.08803184172517103,0.1,0.1,0.1,0.0818061414890216,0.04175576456603991,True,0.0,0.0
2026-08-24 11:09:30.805567,0.04079959129371066,0.0762579826436645,0.08803184172517103,0.1,0.1,0.1,0.0818061414890216,0.04175576456603991,True,0.0,0.0
2026-08-24 11:09:30.820111,0.04079959129371066,0.0762579826436645,0.08803184172517103,0.1,0.1,0.1,0.0818061414890216,0.04175576456603991,True,0.0,0.0
2026-08-24 11:09:30.836633,0.04079959129371066,0.0762579826436645,0.08803184172517103,0.1,0.1,0.1,0.0818061414890216,0.04175576456603991,True,0.0,0.0
2026-08-24 11:09:30.852487,0.04079959129371066,0.0762579826436645,0.08803184172517103,0.1,0.1,0.1,0.0818061414890216,0.04175576456603991,True,0.0,0.0
2026-08-24 11:09:30.898366,0.04053500534795322,0.07587301956127568,0.08803854350738212,0.1,0.1,0.1,0.08139696471708291,0.041487006564709154,True,0.0,0.0
2026-08-24 11:09:30.914108,0.04053500534795322,0.07587301956127568,0.08803854350738212,0.1,0.1,0.1,0.08139696471708291,0.041487006564709154,True,0.0,0.0
2026-08-24 11:09:30.932641,0.04050299036335038,0.07587301956127568,0.0880393837712587,0.1,0.1,0.1,0.08139696471708291,0.04145450639088214,True,10,-10
2026-08-24 11:09:30.954909,0.04050299036335038,0.07587301956127568,0.0880393837712587,0.1,0.1,0.1,0.08139696471708291,0.04145450639088214,True,10,-10
2026-08-24 11:09:30.963655,0.03896995262760992,0.07587301956127568,0.08851144805399608,0.1,0.1,0.1,0.08139696471708291,0.04311838002968231,True,10,-10
2026-08-24 11:09:30.979199,0.038396137463081376,0.07587301956127568,0.08907059137606993,0.1,0.1,0.1,0.08139696471708291,0.044491225024572284,True,10,-10
2026-08-24 11:09:30.997045,0.03811247558499046,0.07587301956127568,0.08970089542551646,0.1,0.1,0.1,0.08139696471708291,0.04591150475271934,True,10,-10
2026-08-24 11:09:31.017116,0.03790626224478708,0.07587301956127568,0.09041517184926846,0.1,0.1,0.1,0.08139696471708291,0.04739542114000752,True,10,-10
2026-08-24 11:09:31.042054,0.03790626224478708,0.07587301956127568,0.09041517184926846,0.1,0.1,0.1,0.08139696471708291,0.04739542114000752,True,10,-10
2026-08-24 11:09:31.062024,0.03779283176074097,0.07587301956127568,0.09132125676189529,0.1,0.1,0.1,0.08139696471708291,0.04909489871384485,True,10,-10
2026-08-24 11:09:31.073728,0.037824223342701246,0.07587301956127568,0.0937233650200578,0.1,0.1,0.1,0.08139696471708291,0.05314891086870158,True,10,-10
2026-08-24 11:09:31.090828,0.03795047227759857,0.07587301956127568,0.09502557037746887,0.1,0.1,0.1,0.08139696471708291,0.05525188167084997,True,10,-10
2026-08-24 11:09:31.109131,0.03816252279762422,0.07587301956127568,0.09655575151063747,0.1,0.1,0.1,0.08139696471708291,0.057650386677913716,True,10,-10
2026-08-24 11:09:31.118978,0.03846807901417556,0.07587301956127568,0.09832701127899734,0.1,0.1,0.1,0.08139696471708291,0.06036719610917299,True,10,-10
2026-08-24 11:09:31.136980,0.03846807901417556,0.07587301956127568,0.09832701127899734,0.1,0.1,0.1,0.08139696471708291,0.06036719610917299,True,10,-10
2026-08-24 11:09:31.152836,0.03914643129716644,0.07587301956127568,0.1,0.1,0.1,0.1,0.08139696471708291,0.06605139352472088,True,10,-10
2026-08-24 11:09:31.174812,0.03972616244677122,0.07587301956127568,0.1,0.1,0.1,0.1,0.08139696471708291,0.06954090888721266,True,10,-10
2026-08-24 11:09:31.182685,0.03972616244677122,0.07587301956127568,0.1,0.1,0.1,0.1,0.08139696471708291,0.06954090888721266,True,10,-10
2026-08-24 11:09:31.199758,0.04122994434221949,0.07587301956127568,0.1,0.1,0.1,0.1,0.08139696471708291,0.07794802494997279,True,10,-10
2026-08-24 11:09:31.213898,0.042178146543773776,0.07587301956127568,0.0973195022261604,0.1,0.1,0.1,0.08139696471708291,0.08297300822047919,True,10,-10
2026-08-24 11:09:31.234373,0.042178146543773776,0.07587301956127568,0.0973195022261604,0.1,0.1,0.1,0.08139696471708291,0.08297300822047919,True,10,-10
2026-08-24 11:09:31.247566,0.04406399105825888,0.07587301956127568,0.08681310391716146,0.1,0.1,0.1,0.08139696471708291,0.0933868061319405,True,10,-10
2026-08-24 11:09:31.268544,0.04406399105825888,0.07587301956127568,0.08681310391716146,0.1,0.1,0.1,0.08139696471708291,0.0933868061319405,True,10,-10
2026-08-24 11:09:31.279024,0.04667842731972068,0.07587301956127568,0.07766613582161436,0.1,0.1,0.1,0.08139696471708291,0.1,True,10,-10
2026-08-24 11:09:31.299435,0.048183182847635696,0.07587301956127568,0.07378533734297978,0.1,0.1,0.1,0.08139696471708291,0.1,True,10,-10
2026-08-24 11:09:31.317048,0.049801416479474996,0.07587301956127568,0.0702990404394641,0.1,0.1,0.1,0.08139696471708291,0.1,True,10,-10
2026-08-24 11:09:31.326861,0.049801416479474996,0.07587301956127568,0.0702990404394641,0.1,0.1,0.1,0.08139696471708291,0.1,True,10,-10
2026-08-24 11:09:31.344234,0.05354504176796654,0.07587301956127568,0.06424112953461157,0.1,0.1,0.1,0.08139696471708291,0.1,True,10,-10
2026-08-24 11:09:31.362298,0.05567340599885761,0.07587301956127568,0.06164787178117124,0.1,0.1,0.1,0.08139696471708291,0.1,True,10,-10
2026-08-24 11:09:31.382563,0.05797303213081667,0.07587301956127568,0.059330286623487494,0.1,0.1,0.1,0.08139696471708291,0.1,True,10,-10
2026-08-24 11:09:31.390360,0.05797303213081667,0.07587301956127568,0.059330286623487494,0.1,0.1,0.1,0.08139696471708291,0.1,True,10,-10
2026-08-24 11:09:31.406315,0.06034039864313191,0.07587301956127568,0.0569551269219567,0.1,0.1,0.1,0.08139696471708291,0.1,True,10,-10
2026-08-24 11:09:31.423192,0.06581179651120125,0.07587301956127568,0.05289575951749818,0.1,0.1,0.1,0.08139696471708291,0.1,True,10,-10
2026-08-24 11:09:31.440886,0.06581179651120125,0.07587301956127568,0.05289575951749818,0.1,0.1,0.1,0.08139696471708291,0.1,True,10,-10
2026-08-24 11:09:31.479512,0.07244669544253717,0.041812894557227274,0.049600393892154204,0.08631556241208617,0.1,0.1,0.1,0.1,True,0.0,0.0
2026-08-24 11:09:31.507673,0.07244669544253717,0.041812894557227274,0.049600393892154204,0.08631556241208617,0.1,0.1,0.1,0.1,True,0.0,0.0
2026-08-24 11:09:31.544129,0.072662452920815,0.04190441728181997,0.049636319757162733,0.08620846697111254,0.1,0.1,0.1,0.1,True,0.0,0.0
2026-08-24 11:09:31.564679,0.072662452920815,0.04190441728181997,0.049636319757162733,0.08620846697111254,0.1,0.1,0.1,0.1,True,0.0,0.0
2026-08-24 11:09:31.582319,0.072662452920815,0.04190441728181997,0.049636319757162733,0.08620846697111254,0.1,0.1,0.1,0.1,True,0.0,0.0
2026-08-24 11:09:31.596507,0.072662452920815,0.04190441728181997,0.049636319757162733,0.08620846697111254,0.1,0.1,0.1,0.1,True,0.0,0.0
2026-08-24 11:09:31.612170,0.072662452920815,0.04190441728181997,0.049636319757162733,0.08620846697111254,0.1,0.1,0.1,0.1,True,0.0,0.0
2026-08-24 11:09:31.628192,0.072662452920815,0.04190441728181997,0.049636319757162733,0.08620846697111254,0.1,0.1,0.1,0.1,True,0.0,0.0
2026-08-24 11:09:31.643794,0.072662452920815,0.04190441728181997,0.049636319757162733,0.08620846697111254,0.1,0.1,0.1,0.1,True,0.0,0.0
2026-08-24 11:09:31.659500,0.072662452920815,0.04190441728181997,0.049636319757162733,0.08620846697111254,0.1,0.1,0.1,0.1,True,0.0,0.0
2026-08-24 11:09:31.674946,0.072662452920815,0.04190441728181997,0.049636319757162733,0.08620846697111254,0.1,0.1,0.1,0.1,True,0.0,0.0
2026-08-24 11:09:31.688777,0.072662452920815,0.04190441728181997,0.049636319757162733,0.08620846697111254,0.1,0.1,0.1,0.1,True,0.0,0.0
2026-08-24 11:09:31.704473,0.072662452920815,0.04190441728181997,0.049636319757162733,0.08620846697111254,0.1,0.1,0.1,0.1,True,0.0,0.0
2026-08-24 11:09:31.720290,0.072662452920815,0.04190441728181997,0.049636319757162733,0.08620846697111254,0.1,0.1,0.1,0.1,True,0.0,0.0
2026-08-24 11:09:31.736180,0.072662452920815,0.04190441728181997,0.049636319757162733,0.08620846697111254,0.1,0.1,0.1,0.1,True,0.0,0.0
2026-08-24 11:09:31.751601,0.072662452920815,0.04190441728181997,0.049636319757162733,0.08620846697111254,0.1,0.1,0.1,0.1,True,0.0,0.0
2026-08-24 11:09:31.769710,0.072662452920815,0.04190441728181997,0.049636319757162733,0.08620846697111254,0.1,0.1,0.1,0.1,True,0.0,0.0
2026-08-24 11:09:31.786488,0.072662452920815,0.04190441728181997,0.049636319757162733,0.08620846697111254,0.1,0.1,0.1,0.1,True,0.0,0.0
2026-08-24 11:09:31.800919,0.072662452920815,0.04190441728181997,0.049636319757162733,0.08620846697111254,0.1,0.1,0.1,0.1,True,0.0,0.0
2026-08-24 11:09:31.815384,0.072662452920815,0.04190441728181997,0.049636319757162733,0.08620846697111254,0.1,0.1,0.1,0.1,True,0.0,0.0
2026-08-24 11:09:31.831258,0.072662452920815,0.04190441728181997,0.049636319757162733,0.08620846697111254,0.1,0.1,0.1,0.1,True,0.0,0.0
2026-08-24 11:09:31.846918,0.072662452920815,0.04190441728181997,0.049636319757162733,0.08620846697111254,0.1,0.1,0.1,0.1,True,0.0,0.0
2026-08-24 11:09:31.864682,0.072662452920815,0.04190441728181997,0.049636319757162733,0.08620846697111254,0.1,0.1,0.1,0.1,True,0.0,0.0
2026-08-24 11:09:31.880378,0.072662452920815,0.04190441728181997,0.049636319757162733,0.08620846697111254,0.1,0.1,0.1,0.1,True,0.0,0.0
2026-08-24 11:09:31.893997,0.072662452920815,0.04190441728181997,0.049636319757162733,0.08620846697111254,0.1,0.1,0.1,0.1,True,0.0,0.0
2026-08-24 11:09:31.937634,0.07262607189594668,0.04187498441323848,0.049600540997997836,0.08620279547082388,0.1,0.1,0.1,0.1,True,0.0,0.0
2026-08-24 11:09:31.957463,0.07262607189594668,0.04187498441323848,0.049600540997997836,0.08620279547082388,0.1,0.1,0.1,0.1,True,0.0,0.0
2026-08-24 11:09:32.003008,0.07249556798864831,0.04178859858499961,0.04951292016548295,0.08631981670510912,0.1,0.1,0.1,0.1,True,10,10
2026-08-24 11:09:32.028523,0.07249556798864831,0.04178859858499961,0.04951292016548295,0.08631981670510912,0.1,0.1,0.1,0.1,True,10,10
2026-08-24 11:09:32.037063,0.07249556798864831,0.04178859858499961,0.04951292016548295,0.08631981670510912,0.1,0.1,0.1,0.1,True,10,10
2026-08-24 11:09:32.076298,0.0714614883834812,0.041010260307473595,0.048619565924250874,0.08809614385054804,0.1,0.1,0.1,0.1,True,10,10
2026-08-24 11:09:32.087644,0.0714614883834812,0.041010260307473595,0.048619565924250874,0.08809614385054804,0.1,0.1,0.1,0.1,True,10,10
2026-08-24 11:09:32.099136,0.0714614883834812,0.041010260307473595,0.048619565924250874,0.08809614385054804,0.1,0.1,0.1,0.1,True,10,10
2026-08-24 11:09:32.117200,0.0714614883834812,0.041010260307473595,0.048619565924250874,0.08809614385054804,0.1,0.1,0.1,0.1,True,-10,10
2026-08-24 11:09:32.136623,0.0714614883834812,0.041010260307473595,0.048619565924250874,0.08809614385054804,0.1,0.1,0.1,0.1,True,-10,10
2026-08-24 11:09:32.148435,0.0714614883834812,0.041010260307473595,0.048619565924250874,0.08809614385054804,0.1,0.1,0.1,0.1,True,-10,10
2026-08-24 11:09:32.165040,0.0714614883834812,0.041010260307473595,0.048619565924250874,0.08809614385054804,0.1,0.1,0.1,0.1,True,-10,10
2026-08-24 11:09:32.181521,0.0714614883834812,0.041010260307473595,0.048619565924250874,0.08809614385054804,0.1,0.1,0.1,0.1,True,-10,10
2026-08-24 11:09:32.195616,0.0714614883834812,0.041010260307473595,0.048619565924250874,0.08809614385054804,0.1,0.1,0.1,0.1,True,-10,10
2026-08-24 11:09:32.212563,0.0714614883834812,0.041010260307473595,0.048619565924250874,0.08809614385054804,0.1,0.1,0.1,0.1,True,-10,10
2026-08-24 11:09:32.228468,0.0714614883834812,0.041010260307473595,0.048619565924250874,0.08809614385054804,0.1,0.1,0.1,0.1,True,-10,10
2026-08-24 11:09:32.244182,0.0714614883834812,0.041010260307473595,0.048619565924250874,0.08809614385054804,0.1,0.1,0.1,0.1,True,-10,10
2026-08-24 11:09:32.260288,0.0714614883834812,0.041010260307473595,0.048619565924250874,0.08809614385054804,0.1,0.1,0.1,0.1,True,-10,10
2026-08-24 11:09:32.274157,0.0714614883834812,0.041010260307473595,0.048619565924250874,0.08809614385054804,0.1,0.1,0.1,0.1,True,-10,10
2026-08-24 11:09:32.290248,0.0714614883834812,0.041010260307473595,0.048619565924250874,0.08809614385054804,0.1,0.1,0.1,0.1,True,-10,10
2026-08-24 11:09:32.306142,0.0714614883834812,0.041010260307473595,0.048619565924250874,0.08809614385054804,0.1,0.1,0.1,0.1,True,-10,10
2026-08-24 11:09:32.324270,0.0714614883834812,0.041010260307473595,0.048619565924250874,0.08809614385054804,0.1,0.1,0.1,0.1,True,-10,10
2026-08-24 11:09:32.338092,0.0714614883834812,0.041010260307473595,0.048619565924250874,0.08809614385054804,0.1,0.1,0.1,0.1,True,-10,10
2026-08-24 11:09:32.355858,0.0714614883834812,0.041010260307473595,0.048619565924250874,0.08809614385054804,0.1,0.1,0.1,0.1,True,-10,10
2026-08-24 11:09:32.369541,0.0714614883834812,0.041010260307473595,0.048619565924250874,0.08809614385054804,0.1,0.1,0.1,0.1,True,-10,10
2026-08-24 11:09:32.385414,0.0714614883834812,0.041010260307473595,0.048619565924250874,0.08809614385054804,0.1,0.1,0.1,0.1,True,-10,10
2026-08-24 11:09:32.403409,0.0714614883834812,0.041010260307473595,0.048619565924250874,0.08809614385054804,0.1,0.1,0.1,0.1,True,-10,10
2026-08-24 11:09:32.419593,0.0714614883834812,0.041010260307473595,0.048619565924250874,0.08809614385054804,0.1,0.1,0.1,0.1,True,-10,10
2026-08-24 11:09:32.435116,0.0714614883834812,0.041010260307473595,0.048619565924250874,0.08809614385054804,0.1,0.1,0.1,0.1,True,-10,10
2026-08-24 11:09:32.451502,0.0714614883834812,0.041010260307473595,0.048619565924250874,0.08809614385054804,0.1,0.1,0.1,0.1,True,-10,10
2026-08-24 11:09:32.464731,0.0714614883834812,0.041010260307473595,0.048619565924250874,0.08809614385054804,0.1,0.1,0.1,0.1,True,-10,10
2026-08-24 11:09:32.480770,0.0714614883834812,0.041010260307473595,0.048619565924250874,0.08809614385054804,0.1,0.1,0.1,0.1,True,-10,10
2026-08-24 11:09:32.498161,0.0714614883834812,0.041010260307473595,0.048619565924250874,0.08809614385054804,0.1,0.1,0.1,0.1,True,-10,10
2026-08-24 11:09:32.515301,0.0714614883834812,0.041010260307473595,0.048619565924250874,0.08809614385054804,0.1,0.1,0.1,0.1,True,-10,10
2026-08-24 11:09:32.529846,0.0714614883834812,0.041010260307473595,0.048619565924250874,0.08809614385054804,0.1,0.1,0.1,0.1,True,-10,10
2026-08-24 11:09:32.546548,0.0714614883834812,0.041010260307473595,0.048619565924250874,0.08809614385054804,0.1,0.1,0.1,0.1,True,-10,10
2026-08-24 11:09:32.561538,0.0714614883834812,0.041010260307473595,0.048619565924250874,0.08809614385054804,0.1,0.1,0.1,0.1,True,-10,10
2026-08-24 11:09:32.575397,0.0714614883834812,0.041010260307473595,0.048619565924250874,0.08809614385054804,0.1,0.1,0.1,0.1,True,-10,10
2026-08-24 11:09:32.593506,0.0714614883834812,0.041010260307473595,0.048619565924250874,0.08809614385054804,0.1,0.1,0.1,0.1,True,-10,10
2026-08-24 11:09:32.607222,0.0714614883834812,0.041010260307473595,0.048619565924250874,0.08809614385054804,0.1,0.1,0.1,0.1,True,-10,10
2026-08-24 11:09:32.624438,0.0714614883834812,0.041010260307473595,0.048619565924250874,0.08809614385054804,0.1,0.1,0.1,0.1,True,-10,10
2026-08-24 11:09:32.639490,0.0714614883834812,0.041010260307473595,0.048619565924250874,0.08809614385054804,0.1,0.1,0.1,0.1,True,-10,10
2026-08-24 11:09:32.656317,0.0714614883834812,0.041010260307473595,0.048619565924250874,0.08809614385054804,0.1,0.1,0.1,0.1,True,-10,10
2026-08-24 11:09:32.671944,0.0714614883834812,0.041010260307473595,0.048619565924250874,0.08809614385054804,0.1,0.1,0.1,0.1,True,-10,10
2026-08-24 11:09:32.685855,0.0714614883834812,0.041010260307473595,0.048619565924250874,0.08809614385054804,0.1,0.1,0.1,0.1,True,-10,10
2026-08-24 11:09:32.703274,0.0714614883834812,0.041010260307473595,0.048619565924250874,0.08809614385054804,0.1,0.1,0.1,0.1,True,-10,10
2026-08-24 11:09:32.717586,0.0714614883834812,0.041010260307473595,0.048619565924250874,0.08809614385054804,0.1,0.1,0.1,0.1,True,-10,10
2026-08-24 11:09:32.734827,0.0714614883834812,0.041010260307473595,0.048619565924250874,0.08809614385054804,0.1,0.1,0.1,0.1,True,-10,10
2026-08-24 11:09:32.751740,0.0714614883834812,0.041010260307473595,0.048619565924250874,0.08809614385054804,0.1,0.1,0.1,0.1,True,-10,10
2026-08-24 11:09:32.767429,0.0714614883834812,0.041010260307473595,0.048619565924250874,0.08809614385054804,0.1,0.1,0.1,0.1,True,-10,10
2026-08-24 11:09:32.781392,0.0714614883834812,0.041010260307473595,0.048619565924250874,0.08809614385054804,0.1,0.1,0.1,0.1,True,-10,10
2026-08-24 11:09:32.799077,0.0714614883834812,0.041010260307473595,0.048619565924250874,0.08809614385054804,0.1,0.1,0.1,0.1,True,-10,10
2026-08-24 11:09:32.814444,0.0714614883834812,0.041010260307473595,0.048619565924250874,0.08809614385054804,0.1,0.1,0.1,0.1,True,-10,10
2026-08-24 11:09:32.828577,0.0714614883834812,0.041010260307473595,0.048619565924250874,0.08809614385054804,0.1,0.1,0.1,0.1,True,-10,10
2026-08-24 11:09:32.846485,0.0714614883834812,0.041010260307473595,0.048619565924250874,0.08809614385054804,0.1,0.1,0.1,0.1,True,-10,10
2026-08-24 11:09:32.862380,0.0714614883834812,0.041010260307473595,0.048619565924250874,0.08809614385054804,0.1,0.1,0.1,0.1,True,-10,10
2026-08-24 11:09:32.877948,0.0714614883834812,0.041010260307473595,0.048619565924250874,0.08809614385054804,0.1,0.1,0.1,0.1,True,-10,10
2026-08-24 11:09:32.893729,0.0714614883834812,0.041010260307473595,0.048619565924250874,0.08809614385054804,0.1,0.1,0.1,0.1,True,-10,10
2026-08-24 11:09:32.907230,0.0714614883834812,0.041010260307473595,0.048619565924250874,0.08809614385054804,0.1,0.1,0.1,0.1,True,-10,10
2026-08-24 11:09:32.925716,0.0714614883834812,0.041010260307473595,0.048619565924250874,0.08809614385054804,0.1,0.1,0.1,0.1,True,-10,10
2026-08-24 11:09:32.941476,0.0714614883834812,0.041010260307473595,0.048619565924250874,0.08809614385054804,0.1,0.1,0.1,0.1,True,-10,10
2026-08-24 11:09:32.955404,0.0714614883834812,0.041010260307473595,0.048619565924250874,0.08809614385054804,0.1,0.1,0.1,0.1,True,-10,10
2026-08-24 11:09:32.972754,0.0714614883834812,0.041010260307473595,0.048619565924250874,0.08809614385054804,0.1,0.1,0.1,0.1,True,-10,10
2026-08-24 11:09:32.988562,0.0714614883834812,0.041010260307473595,0.048619565924250874,0.08809614385054804,0.1,0.1,0.1,0.1,True,-10,10
2026-08-24 11:09:33.004827,0.0714614883834812,0.041010260307473595,0.048619565924250874,0.08809614385054804,0.1,0.1,0.1,0.1,True,-10,10
2026-08-24 11:09:33.021092,0.0714614883834812,0.041010260307473595,0.048619565924250874,0.08809614385054804,0.1,0.1,0.1,0.1,True,-10,10
2026-08-24 11:09:33.034374,0.0714614883834812,0.041010260307473595,0.048619565924250874,0.08809614385054804,0.1,0.1,0.1,0.1,True,-10,10
2026-08-24 11:09:33.052159,0.0714614883834812,0.041010260307473595,0.048619565924250874,0.08809614385054804,0.1,0.1,0.1,0.1,True,-10,10
2026-08-24 11:09:33.068611,0.0714614883834812,0.041010260307473595,0.048619565924250874,0.08809614385054804,0.1,0.1,0.1,0.1,True,-10,10
2026-08-24 11:09:33.083396,0.0714614883834812,0.041010260307473595,0.048619565924250874,0.08809614385054804,0.1,0.1,0.1,0.1,True,-10,10
2026-08-24 11:09:33.098131,0.0714614883834812,0.041010260307473595,0.048619565924250874,0.08809614385054804,0.1,0.1,0.1,0.1,True,-10,10
2026-08-24 11:09:33.115482,0.0714614883834812,0.041010260307473595,0.048619565924250874,0.08809614385054804,0.1,0.1,0.1,0.1,True,-10,10
2026-08-24 11:09:33.166417,0.1,0.09465432290924407,0.1,0.1,0.1,0.05722045445145545,0.03633932726246044,0.051131373895672454,True,0.0,0.0
2026-08-24 11:09:33.179199,0.1,0.09465432290924407,0.1,0.1,0.1,0.05722045445145545,0.03633932726246044,0.051131373895672454,True,0.0,0.0
2026-08-24 11:09:33.194366,0.1,0.09465432290924407,0.1,0.1,0.1,0.05722045445145545,0.03633932726246044,0.051131373895672454,True,0.0,0.0
2026-08-24 11:09:33.238616,0.1,0.09472501013949831,0.1,0.1,0.1,0.05597325176054427,0.0361288458557877,0.05161414724184617,True,0.0,0.0
2026-08-24 11:09:33.258311,0.1,0.09472501013949831,0.1,0.1,0.1,0.05597325176054427,0.0361288458557877,0.05161414724184617,True,0.0,0.0
2026-08-24 11:09:33.276330,0.1,0.09472501013949831,0.1,0.1,0.1,0.05597325176054427,0.0361288458557877,0.05161414724184617,True,0.0,0.0
2026-08-24 11:09:33.287459,0.1,0.09472501013949831,0.1,0.1,0.1,0.05597325176054427,0.0361288458557877,0.05161414724184617,True,0.0,0.0
2026-08-24 11:09:33.305522,0.1,0.09472501013949831,0.1,0.1,0.1,0.05597325176054427,0.0361288458557877,0.05161414724184617,True,0.0,0.0
2026-08-24 11:09:33.319470,0.1,0.09472501013949831,0.1,0.1,0.1,0.05597325176054427,0.0361288458557877,0.05161414724184617,True,0.0,0.0
2026-08-24 11:09:33.337048,0.1,0.09472501013949831,0.1,0.1,0.1,0.05597325176054427,0.0361288458557877,0.05161414724184617,True,0.0,0.0
2026-08-24 11:09:33.353566,0.1,0.09472501013949831,0.1,0.1,0.1,0.05597325176054427,0.0361288458557877,0.05161414724184617,True,0.0,0.0
2026-08-24 11:09:33.368911,0.1,0.09472501013949831,0.1,0.1,0.1,0.05597325176054427,0.0361288458557877,0.05161414724184617,True,0.0,0.0
2026-08-24 11:09:33.384764,0.1,0.09472501013949831,0.1,0.1,0.1,0.05597325176054427,0.0361288458557877,0.05161414724184617,True,0.0,0.0
2026-08-24 11:09:33.399974,0.1,0.09472501013949831,0.1,0.1,0.1,0.05597325176054427,0.0361288458557877,0.05161414724184617,True,0.0,0.0
2026-08-24 11:09:33.416142,0.1,0.09472501013949831,0.1,0.1,0.1,0.05597325176054427,0.0361288458557877,0.05161414724184617,True,0.0,0.0
2026-08-24 11:09:33.430143,0.1,0.09472501013949831,0.1,0.1,0.1,0.05597325176054427,0.0361288458557877,0.05161414724184617,True,0.0,0.0
2026-08-24 11:09:33.446077,0.1,0.09472501013949831,0.1,0.1,0.1,0.05597325176054427,0.0361288458557877,0.05161414724184617,True,0.0,0.0
2026-08-24 11:09:33.465359,0.1,0.09472501013949831,0.1,0.1,0.1,0.05597325176054427,0.0361288458557877,0.05161414724184617,True,0.0,0.0
2026-08-24 11:09:33.480968,0.1,0.09472501013949831,0.1,0.1,0.1,0.05597325176054427,0.0361288458557877,0.05161414724184617,True,0.0,0.0
2026-08-24 11:09:33.494812,0.1,0.09472501013949831,0.1,0.1,0.1,0.05597325176054427,0.0361288458557877,0.05161414724184617,True,0.0,0.0
2026-08-24 11:09:33.511098,0.1,0.09472501013949831,0.1,0.1,0.1,0.05597325176054427,0.0361288458557877,0.05161414724184617,True,0.0,0.0
2026-08-24 11:09:33.527420,0.1,0.09472501013949831,0.1,0.1,0.1,0.05597325176054427,0.0361288458557877,0.05161414724184617,True,0.0,0.0
2026-08-24 11:09:33.543449,0.1,0.09472501013949831,0.1,0.1,0.1,0.05597325176054427,0.0361288458557877,0.05161414724184617,True,0.0,0.0
2026-08-24 11:09:33.557085,0.1,0.09472501013949831,0.1,0.1,0.1,0.05597325176054427,0.0361288458557877,0.05161414724184617,True,0.0,0.0
2026-08-24 11:09:33.574822,0.1,0.09472501013949831,0.1,0.1,0.1,0.05597325176054427,0.0361288458557877,0.05161414724184617,True,0.0,0.0
2026-08-24 11:09:33.591136,0.1,0.09472501013949831,0.1,0.1,0.1,0.05597325176054427,0.0361288458557877,0.05161414724184617,True,0.0,0.0
2026-08-24 11:09:33.606273,0.1,0.09472501013949831,0.1,0.1,0.1,0.05597325176054427,0.0361288458557877,0.05161414724184617,True,0.0,0.0
2026-08-24 11:09:33.652487,0.1,0.09450497695763663,0.1,0.1,0.1,0.05559239994974185,0.035921505165920874,0.05145204922501545,True,0.0,0.0
2026-08-24 11:09:33.668493,0.1,0.09450497695763663,0.1,0.1,0.1,0.05559239994974185,0.035921505165920874,0.05145204922501545,True,0.0,0.0
2026-08-24 11:09:33.688411,0.1,0.09450497695763663,0.1,0.1,0.1,0.055614686910900414,0.035921505165920874,0.051468220498856534,True,-10,10
2026-08-24 11:09:33.708064,0.1,0.09450497695763663,0.1,0.1,0.1,0.055614686910900414,0.035921505165920874,0.051468220498856534,True,-10,10
2026-08-24 11:09:33.736775,0.09975236548379604,0.09450497695763663,0.1,0.1,0.1,0.053728054128531245,0.035921505165920874,0.05279476230859042,True,-10,10
2026-08-24 11:09:33.746713,0.09807095844063646,0.09450497695763663,0.1,0.1,0.1,0.0514745419565007,0.035921505165920874,0.05499606926506928,True,-10,10
2026-08-24 11:09:33.763805,0.09573010696661059,0.09450497695763663,0.1,0.1,0.1,0.04787043445864243,0.035921505165920874,0.060478084724478576,True,-10,10
2026-08-24 11:09:33.778945,0.09573010696661059,0.09450497695763663,0.1,0.1,0.1,0.04787043445864243,0.035921505165920874,0.060478084724478576,True,-10,10
2026-08-24 11:09:33.821718,0.09386545406899796,0.1,0.1,0.1,0.1,0.04479354615107043,0.03760244195001602,0.06681773039508314,True,0.0,0.0
2026-08-24 11:09:33.849115,0.09386545406899796,0.1,0.1,0.1,0.1,0.04479354615107043,0.03760244195001602,0.06681773039508314,True,0.0,0.0
2026-08-24 11:09:33.859280,0.09386545406899796,0.1,0.1,0.1,0.1,0.04479354615107043,0.03760244195001602,0.06681773039508314,True,0.0,0.0
2026-08-24 11:09:33.892180,0.09386316728582264,0.1,0.1,0.1,0.1,0.04478768177996559,0.03759771854413075,0.06681206452188053,True,0.0,0.0
2026-08-24 11:09:33.904876,0.09386316728582264,0.1,0.1,0.1,0.1,0.04478768177996559,0.03759771854413075,0.06681206452188053,True,0.0,0.0
2026-08-24 11:09:33.919580,0.09386316728582264,0.1,0.1,0.1,0.1,0.04478768177996559,0.03759771854413075,0.06681206452188053,True,0.0,0.0
2026-08-24 11:09:33.937713,0.09386316728582264,0.1,0.1,0.1,0.1,0.04478768177996559,0.03759771854413075,0.06681206452188053,True,0.0,0.0
2026-08-24 11:09:33.953250,0.09386316728582264,0.1,0.1,0.1,0.1,0.04478768177996559,0.03759771854413075,0.06681206452188053,True,0.0,0.0
2026-08-24 11:09:33.968828,0.09386316728582264,0.1,0.1,0.1,0.1,0.04478768177996559,0.03759771854413075,0.06681206452188053,True,0.0,0.0
2026-08-24 11:09:33.982553,0.09386316728582264,0.1,0.1,0.1,0.1,0.04478768177996559,0.03759771854413075,0.06681206452188053,True,0.0,0.0
2026-08-24 11:09:33.999635,0.09386316728582264,0.1,0.1,0.1,0.1,0.04478768177996559,0.03759771854413075,0.06681206452188053,True,0.0,0.0
2026-08-24 11:09:34.016124,0.09386316728582264,0.1,0.1,0.1,0.1,0.04478768177996559,0.03759771854413075,0.06681206452188053,True,0.0,0.0
2026-08-24 11:09:34.034243,0.09386316728582264,0.1,0.1,0.1,0.1,0.04478768177996559,0.03759771854413075,0.06681206452188053,True,0.0,0.0
2026-08-24 11:09:34.045972,0.09386316728582264,0.1,0.1,0.1,0.1,0.04478768177996559,0.03759771854413075,0.06681206452188053,True,0.0,0.0
2026-08-24 11:09:34.063966,0.09386316728582264,0.1,0.1,0.1,0.1,0.04478768177996559,0.03759771854413075,0.06681206452188053,True,0.0,0.0
2026-08-24 11:09:34.080357,0.09386316728582264,0.1,0.1,0.1,0.1,0.04478768177996559,0.03759771854413075,0.06681206452188053,True,0.0,0.0
2026-08-24 11:09:34.095348,0.09386316728582264,0.1,0.1,0.1,0.1,0.04478768177996559,0.03759771854413075,0.06681206452188053,True,0.0,0.0
2026-08-24 11:09:34.113263,0.09386316728582264,0.1,0.1,0.1,0.1,0.04478768177996559,0.03759771854413075,0.06681206452188053,True,0.0,0.0
2026-08-24 11:09:34.126810,0.09386316728582264,0.1,0.1,0.1,0.1,0.04478768177996559,0.03759771854413075,0.06681206452188053,True,0.0,0.0
2026-08-24 11:09:34.142960,0.09386316728582264,0.1,0.1,0.1,0.1,0.04478768177996559,0.03759771854413075,0.06681206452188053,True,0.0,0.0
2026-08-24 11:09:34.157797,0.09386316728582264,0.1,0.1,0.1,0.1,0.04478768177996559,0.03759771854413075,0.06681206452188053,True,0.0,0.0
2026-08-24 11:09:34.172171,0.09386316728582264,0.1,0.1,0.1,0.1,0.04478768177996559,0.03759771854413075,0.06681206452188053,True,0.0,0.0
2026-08-24 11:09:34.187806,0.09386316728582264,0.1,0.1,0.1,0.1,0.04478768177996559,0.03759771854413075,0.06681206452188053,True,0.0,0.0
2026-08-24 11:09:34.205171,0.09386316728582264,0.1,0.1,0.1,0.1,0.04478768177996559,0.03759771854413075,0.06681206452188053,True,0.0,0.0
2026-08-24 11:09:34.221449,0.09386316728582264,0.1,0.1,0.1,0.1,0.04478768177996559,0.03759771854413075,0.06681206452188053,True,0.0,0.0
2026-08-24 11:09:34.237444,0.09386316728582264,0.1,0.1,0.1,0.1,0.04478768177996559,0.03759771854413075,0.06681206452188053,True,0.0,0.0
2026-08-24 11:09:34.287453,0.09379408709973963,0.1,0.1,0.1,0.1,0.044710194739709636,0.03753598996415902,0.06673918581628811,True,0.0,0.0
2026-08-24 11:09:34.299497,0.09379408709973963,0.1,0.1,0.1,0.1,0.044710194739709636,0.03753598996415902,0.06673918581628811,True,0.0,0.0
2026-08-24 11:09:34.314105,0.09379408709973963,0.1,0.1,0.1,0.1,0.044710194739709636,0.03753598996415902,0.06673918581628811,True,0.0,0.0
2026-08-24 11:09:34.336256,0.09379395091863675,0.1,0.1,0.1,0.1,0.044709165515234656,0.03753598996415902,0.06673816450944563,True,-10,10
2026-08-24 11:09:34.351632,0.09379395091863675,0.1,0.1,0.1,0.1,0.044709165515234656,0.03753598996415902,0.06673816450944563,True,-10,10
2026-08-24 11:09:34.365497,0.09325656957052299,0.1,0.1,0.1,0.1,0.043343489129791156,0.03753598996415902,0.07156350775914756,True,-10,10
2026-08-24 11:09:34.377334,0.09325656957052299,0.1,0.1,0.1,0.1,0.043343489129791156,0.03753598996415902,0.07156350775914756,True,-10,10
2026-08-24 11:09:34.402207,0.09263604481327187,0.1,0.1,0.1,0.1,0.04211605071579005,0.03753598996415902,0.07571435429055318,True,-10,10
2026-08-24 11:09:34.412344,0.09183922909148404,0.1,0.1,0.1,0.1,0.040051965233121184,0.03753598996415902,0.0854870010835986,True,-10,10
2026-08-24 11:09:34.434041,0.09183922909148404,0.1,0.1,0.1,0.1,0.040051965233121184,0.03753598996415902,0.0854870010835986,True,-10,10
2026-08-24 11:09:34.443998,0.09165662801023028,0.1,0.1,0.1,0.1,0.03919429533423378,0.03753598996415902,0.091233655827988,True,-10,10
2026-08-24 11:09:34.457859,0.09181981630677587,0.1,0.1,0.1,0.1,0.037878542320882835,0.03753598996415902,0.1,True,-10,10
2026-08-24 11:09:34.479133,0.09181981630677587,0.1,0.1,0.1,0.1,0.037878542320882835,0.03753598996415902,0.1,True,-10,10
2026-08-24 11:09:34.487812,0.09242997546059553,0.1,0.1,0.1,0.1,0.03681305169726241,0.03753598996415902,0.1,True,-10,10
2026-08-24 11:09:34.504761,0.09242997546059553,0.1,0.1,0.1,0.1,0.03681305169726241,0.03753598996415902,0.1,True,-10,10
2026-08-24 11:09:34.521435,0.09294635197213129,0.1,0.1,0.1,0.1,0.036414783752576944,0.03753598996415902,0.1,True,-10,10
2026-08-24 11:09:34.537422,0.09494609239336627,0.1,0.1,0.1,0.1,0.03592228690119549,0.03753598996415902,0.1,True,-10,10
2026-08-24 11:09:34.552585,0.0961935388714734,0.1,0.1,0.1,0.1,0.03581251552189752,0.03753598996415902,0.0993817485197359,True,-10,10
2026-08-24 11:09:34.574839,0.0961935388714734,0.1,0.1,0.1,0.1,0.03581251552189752,0.03753598996415902,0.0993817485197359,True,-10,10
2026-08-24 11:09:34.584672,0.09921024891180619,0.1,0.1,0.1,0.1,0.035781712906030626,0.03753598996415902,0.09685628422858773,True,-10,10
2026-08-24 11:09:34.598509,0.1,0.1,0.1,0.1,0.1,0.03588314216968499,0.03753598996415902,0.09587257491208098,True,-10,10
2026-08-24 11:09:34.617935,0.1,0.1,0.1,0.1,0.1,0.03610214398707152,0.03753598996415902,0.09508110053883972,True,-10,10
2026-08-24 11:09:34.632473,0.1,0.1,0.1,0.1,0.1,0.03637250068217313,0.03753598996415902,0.09441786158301801,True,-10,10
2026-08-24 11:09:34.652597,0.1,0.1,0.1,0.1,0.1,0.03637250068217313,0.03753598996415902,0.09441786158301801,True,-10,10
2026-08-24 11:09:34.664508,0.1,0.1,0.1,0.1,0.1,0.0370889980527341,0.03753598996415902,0.0934821100583025,True,-10,10
2026-08-24 11:09:34.680921,0.1,0.1,0.1,0.1,0.1,0.03759149709735782,0.03753598996415902,0.09325599852395061,True,-10,10
2026-08-24 11:09:34.693670,0.1,0.1,0.1,0.1,0.1,0.03820254591021591,0.03753598996415902,0.09320132944144878,True,-10,10
2026-08-24 11:09:34.713087,0.1,0.1,0.1,0.1,0.1,0.03820254591021591,0.03753598996415902,0.09320132944144878,True,-10,10
2026-08-24 11:09:34.729730,0.1,0.1,0.1,0.1,0.1,0.03968160470596013,0.03753598996415902,0.0934608374057463,True,-10,10
2026-08-24 11:09:34.744258,0.1,0.1,0.1,0.1,0.1,0.03968160470596013,0.03753598996415902,0.0934608374057463,True,-10,10
2026-08-24 11:09:34.756278,0.1,0.1,0.1,0.1,0.1,0.040544699420442254,0.03753598996415902,0.09380748451152877,True,-10,10
2026-08-24 11:09:34.773469,0.1,0.1,0.1,0.1,0.1,0.041532622573565284,0.03753598996415902,0.0943094756905113,True,-10,10
2026-08-24 11:09:34.789148,0.1,0.1,0.1,0.1,0.1,0.04247965543601571,0.03753598996415902,0.09474004905360645,True,-10,10
2026-08-24 11:09:34.805969,0.1,0.1,0.1,0.1,0.1,0.04504679876316042,0.03753598996415902,0.09646977707126303,True,-10,10
2026-08-24 11:09:34.825858,0.1,0.1,0.1,0.1,0.1,0.04504679876316042,0.03753598996415902,0.09646977707126303,True,-10,10
2026-08-24 11:09:34.837524,0.1,0.1,0.1,0.1,0.1,0.04650572235180358,0.03753598996415902,0.09755481824588848,True,-10,10
2026-08-24 11:09:34.853419,0.1,0.1,0.1,0.1,0.1,0.04991081247425964,0.03753598996415902,0.1,True,-10,10
2026-08-24 11:09:34.867352,0.1,0.1,0.1,0.1,0.1,0.04991081247425964,0.03753598996415902,0.1,True,-10,10
2026-08-24 11:09:34.885272,0.1,0.1,0.1,0.1,0.1,0.05402419636276221,0.03753598996415902,0.1,True,-10,10
2026-08-24 11:09:34.900869,0.1,0.1,0.1,0.1,0.1,0.05639222117599724,0.03753598996415902,0.1,True,-10,10
2026-08-24 11:09:34.920743,0.1,0.1,0.1,0.1,0.1,0.05639222117599724,0.03753598996415902,0.1,True,-10,10
2026-08-24 11:09:34.963180,0.1,0.1,0.1,0.1,0.03795888581756212,0.06149609410222228,0.09548377402292439,0.1,True,0.0,0.0
2026-08-24 11:09:35.009401,0.1,0.1,0.1,0.1,0.0373637864037538,0.06326840441280124,0.09536834553086378,0.1,True,0.0,0.0
2026-08-24 11:09:35.027193,0.1,0.1,0.1,0.1,0.0373637864037538,0.06326840441280124,0.09536834553086378,0.1,True,0.0,0.0
2026-08-24 11:09:35.044829,0.1,0.1,0.1,0.1,0.0373637864037538,0.06326840441280124,0.09536834553086378,0.1,True,0.0,0.0
2026-08-24 11:09:35.059092,0.1,0.1,0.1,0.1,0.0373637864037538,0.06326840441280124,0.09536834553086378,0.1,True,0.0,0.0
2026-08-24 11:09:35.074759,0.1,0.1,0.1,0.1,0.0373637864037538,0.06326840441280124,0.09536834553086378,0.1,True,0.0,0.0
2026-08-24 11:09:35.090679,0.1,0.1,0.1,0.1,0.0373637864037538,0.06326840441280124,0.09536834553086378,0.1,True,0.0,0.0
2026-08-24 11:09:35.106005,0.1,0.1,0.1,0.1,0.0373637864037538,0.06326840441280124,0.09536834553086378,0.1,True,0.0,0.0
2026-08-24 11:09:35.121401,0.1,0.1,0.1,0.1,0.0373637864037538,0.06326840441280124,0.09536834553086378,0.1,True,0.0,0.0
2026-08-24 11:09:35.135886,0.1,0.1,0.1,0.1,0.0373637864037538,0.06326840441280124,0.09536834553086378,0.1,True,0.0,0.0
2026-08-24 11:09:35.153964,0.1,0.1,0.1,0.1,0.0373637864037538,0.06326840441280124,0.09536834553086378,0.1,True,0.0,0.0
2026-08-24 11:09:35.170422,0.1,0.1,0.1,0.1,0.0373637864037538,0.06326840441280124,0.09536834553086378,0.1,True,0.0,0.0
2026-08-24 11:09:35.186102,0.1,0.1,0.1,0.1,0.0373637864037538,0.06326840441280124,0.09536834553086378,0.1,True,0.0,0.0
2026-08-24 11:09:35.201231,0.1,0.1,0.1,0.1,0.0373637864037538,0.06326840441280124,0.09536834553086378,0.1,True,0.0,0.0
2026-08-24 11:09:35.217381,0.1,0.1,0.1,0.1,0.0373637864037538,0.06326840441280124,0.09536834553086378,0.1,True,0.0,0.0
2026-08-24 11:09:35.232357,0.1,0.1,0.1,0.1,0.0373637864037538,0.06326840441280124,0.09536834553086378,0.1,True,0.0,0.0
2026-08-24 11:09:35.249064,0.1,0.1,0.1,0.1,0.0373637864037538,0.06326840441280124,0.09536834553086378,0.1,True,0.0,0.0
2026-08-24 11:09:35.264812,0.1,0.1,0.1,0.1,0.0373637864037538,0.06326840441280124,0.09536834553086378,0.1,True,0.0,0.0
2026-08-24 11:09:35.279077,0.1,0.1,0.1,0.1,0.0373637864037538,0.06326840441280124,0.09536834553086378,0.1,True,0.0,0.0
2026-08-24 11:09:35.296218,0.1,0.1,0.1,0.1,0.0373637864037538,0.06326840441280124,0.09536834553086378,0.1,True,0.0,0.0
2026-08-24 11:09:35.311451,0.1,0.1,0.1,0.1,0.0373637864037538,0.06326840441280124,0.09536834553086378,0.1,True,0.0,0.0
2026-08-24 11:09:35.328415,0.1,0.1,0.1,0.1,0.0373637864037538,0.06326840441280124,0.09536834553086378,0.1,True,0.0,0.0
2026-08-24 11:09:35.345895,0.1,0.1,0.1,0.1,0.0373637864037538,0.06326840441280124,0.09536834553086378,0.1,True,0.0,0.0
2026-08-24 11:09:35.361153,0.1,0.1,0.1,0.1,0.0373637864037538,0.06326840441280124,0.09536834553086378,0.1,True,0.0,0.0
2026-08-24 11:09:35.377319,0.1,0.1,0.1,0.1,0.0373637864037538,0.06326840441280124,0.09536834553086378,0.1,True,0.0,0.0
2026-08-24 11:09:35.390200,0.1,0.1,0.1,0.1,0.0373637864037538,0.06326840441280124,0.09536834553086378,0.1,True,0.0,0.0
2026-08-24 11:09:35.434173,0.1,0.1,0.1,0.1,0.03715850866175191,0.0630449296474083,0.09550756344300912,0.1,True,0.0,0.0
2026-08-24 11:09:35.453423,0.1,0.1,0.1,0.1,0.03715850866175191,0.0630449296474083,0.09550756344300912,0.1,True,0.0,0.0
2026-08-24 11:09:35.469945,0.1,0.1,0.1,0.1,0.03715850866175191,0.0630449296474083,0.09550756344300912,0.1,True,-10,10
2026-08-24 11:09:35.494641,0.1,0.1,0.1,0.1,0.03715850866175191,0.0630449296474083,0.09550756344300912,0.1,True,-10,10
2026-08-24 11:09:35.517782,0.1,0.1,0.1,0.1,0.03715850866175191,0.0630449296474083,0.09550756344300912,0.1,True,-10,10
2026-08-24 11:09:35.532953,0.1,0.1,0.1,0.1,0.03715850866175191,0.0630449296474083,0.09550756344300912,0.1,True,-10,10
2026-08-24 11:09:35.548958,0.1,0.1,0.1,0.1,0.03715850866175191,0.0630449296474083,0.09550756344300912,0.1,True,-10,10
2026-08-24 11:09:35.564969,0.1,0.1,0.1,0.1,0.03715850866175191,0.0630449296474083,0.09550756344300912,0.1,True,-10,10
2026-08-24 11:09:35.580910,0.1,0.1,0.1,0.1,0.03715850866175191,0.0630449296474083,0.09550756344300912,0.1,True,-10,10
2026-08-24 11:09:35.594795,0.1,0.1,0.1,0.1,0.03715850866175191,0.0630449296474083,0.09550756344300912,0.1,True,-10,10
2026-08-24 11:09:35.612074,0.1,0.1,0.1,0.1,0.03715850866175191,0.0630449296474083,0.09550756344300912,0.1,True,-10,10
2026-08-24 11:09:35.628701,0.1,0.1,0.1,0.1,0.03715850866175191,0.0630449296474083,0.09550756344300912,0.1,True,-10,10
2026-08-24 11:09:35.645283,0.1,0.1,0.1,0.1,0.03715850866175191,0.0630449296474083,0.09550756344300912,0.1,True,-10,10
2026-08-24 11:09:35.657363,0.1,0.1,0.1,0.1,0.03715850866175191,0.0630449296474083,0.09550756344300912,0.1,True,-10,10
2026-08-24 11:09:35.672824,0.1,0.1,0.1,0.1,0.03715850866175191,0.0630449296474083,0.09550756344300912,0.1,True,-10,10
2026-08-24 11:09:35.692104,0.1,0.1,0.1,0.1,0.03715850866175191,0.0630449296474083,0.09550756344300912,0.1,True,-10,10
2026-08-24 11:09:35.705787,0.1,0.1,0.1,0.1,0.03715850866175191,0.0630449296474083,0.09550756344300912,0.1,True,-10,10
2026-08-24 11:09:35.722497,0.1,0.1,0.1,0.1,0.03715850866175191,0.0630449296474083,0.09550756344300912,0.1,True,-10,10
2026-08-24 11:09:35.739261,0.1,0.1,0.1,0.1,0.03715850866175191,0.0630449296474083,0.09550756344300912,0.1,True,-10,10
2026-08-24 11:09:35.754099,0.1,0.1,0.1,0.1,0.03715850866175191,0.0630449296474083,0.09550756344300912,0.1,True,-10,10
2026-08-24 11:09:35.768742,0.1,0.1,0.1,0.1,0.03715850866175191,0.0630449296474083,0.09550756344300912,0.1,True,-10,10
2026-08-24 11:09:35.785061,0.1,0.1,0.1,0.1,0.03715850866175191,0.0630449296474083,0.09550756344300912,0.1,True,-10,10
2026-08-24 11:09:35.799357,0.1,0.1,0.1,0.1,0.03715850866175191,0.0630449296474083,0.09550756344300912,0.1,True,-10,10
2026-08-24 11:09:35.818210,0.1,0.1,0.1,0.1,0.03715850866175191,0.0630449296474083,0.09550756344300912,0.1,True,-10,10
2026-08-24 11:09:35.833185,0.1,0.1,0.1,0.1,0.03715850866175191,0.0630449296474083,0.09550756344300912,0.1,True,-10,10
2026-08-24 11:09:35.847942,0.1,0.1,0.1,0.1,0.03715850866175191,0.0630449296474083,0.09550756344300912,0.1,True,-10,10
2026-08-24 11:09:35.864216,0.1,0.1,0.1,0.1,0.03715850866175191,0.0630449296474083,0.09550756344300912,0.1,True,-10,10
2026-08-24 11:09:35.880140,0.1,0.1,0.1,0.1,0.03715850866175191,0.0630449296474083,0.09550756344300912,0.1,True,-10,10
2026-08-24 11:09:35.895461,0.1,0.1,0.1,0.1,0.03715850866175191,0.0630449296474083,0.09550756344300912,0.1,True,-10,10
2026-08-24 11:09:35.912739,0.1,0.1,0.1,0.1,0.03715850866175191,0.0630449296474083,0.09550756344300912,0.1,True,-10,10
2026-08-24 11:09:35.927219,0.1,0.1,0.1,0.1,0.03715850866175191,0.0630449296474083,0.09550756344300912,0.1,True,-10,10
2026-08-24 11:09:35.945859,0.1,0.1,0.1,0.1,0.03715850866175191,0.0630449296474083,0.09550756344300912,0.1,True,-10,10
2026-08-24 11:09:35.959035,0.1,0.1,0.1,0.1,0.03715850866175191,0.0630449296474083,0.09550756344300912,0.1,True,-10,10
2026-08-24 11:09:35.976759,0.1,0.1,0.1,0.1,0.03715850866175191,0.0630449296474083,0.09550756344300912,0.1,True,-10,10
2026-08-24 11:09:35.989727,0.1,0.1,0.1,0.1,0.03715850866175191,0.0630449296474083,0.09550756344300912,0.1,True,-10,10
2026-08-24 11:09:36.004017,0.1,0.1,0.1,0.1,0.03715850866175191,0.0630449296474083,0.09550756344300912,0.1,True,-10,10
2026-08-24 11:09:36.020232,0.1,0.1,0.1,0.1,0.03715850866175191,0.0630449296474083,0.09550756344300912,0.1,True,-10,10
2026-08-24 11:09:36.036168,0.1,0.1,0.1,0.1,0.03715850866175191,0.0630449296474083,0.09550756344300912,0.1,True,-10,10
2026-08-24 11:09:36.052360,0.1,0.1,0.1,0.1,0.03715850866175191,0.0630449296474083,0.09550756344300912,0.1,True,-10,10
2026-08-24 11:09:36.066775,0.1,0.1,0.1,0.1,0.03715850866175191,0.0630449296474083,0.09550756344300912,0.1,True,-10,10
2026-08-24 11:09:36.082813,0.1,0.1,0.1,0.1,0.03715850866175191,0.0630449296474083,0.09550756344300912,0.1,True,-10,10
2026-08-24 11:09:36.101198,0.1,0.1,0.1,0.1,0.03715850866175191,0.0630449296474083,0.09550756344300912,0.1,True,-10,10
2026-08-24 11:09:36.114833,0.1,0.1,0.1,0.1,0.03715850866175191,0.0630449296474083,0.09550756344300912,0.1,True,-10,10
2026-08-24 11:09:36.133042,0.1,0.1,0.1,0.1,0.03715850866175191,0.0630449296474083,0.09550756344300912,0.1,True,-10,10
2026-08-24 11:09:36.148501,0.1,0.1,0.1,0.1,0.03715850866175191,0.0630449296474083,0.09550756344300912,0.1,True,-10,10
2026-08-24 11:09:36.162615,0.1,0.1,0.1,0.1,0.03715850866175191,0.0630449296474083,0.09550756344300912,0.1,True,-10,10
2026-08-24 11:09:36.179919,0.1,0.1,0.1,0.1,0.03715850866175191,0.0630449296474083,0.09550756344300912,0.1,True,-10,10
2026-08-24 11:09:36.195107,0.1,0.1,0.1,0.1,0.03715850866175191,0.0630449296474083,0.09550756344300912,0.1,True,-10,10
2026-08-24 11:09:36.213267,0.1,0.1,0.1,0.1,0.03715850866175191,0.0630449296474083,0.09550756344300912,0.1,True,-10,10
2026-08-24 11:09:36.227355,0.1,0.1,0.1,0.1,0.03715850866175191,0.0630449296474083,0.09550756344300912,0.1,True,-10,10
2026-08-24 11:09:36.244481,0.1,0.1,0.1,0.1,0.03715850866175191,0.0630449296474083,0.09550756344300912,0.1,True,-10,10
2026-08-24 11:09:36.259620,0.1,0.1,0.1,0.1,0.03715850866175191,0.0630449296474083,0.09550756344300912,0.1,True,-10,10
2026-08-24 11:09:36.274847,0.1,0.1,0.1,0.1,0.03715850866175191,0.0630449296474083,0.09550756344300912,0.1,True,-10,10
2026-08-24 11:09:36.290967,0.1,0.1,0.1,0.1,0.03715850866175191,0.0630449296474083,0.09550756344300912,0.1,True,-10,10
2026-08-24 11:09:36.304848,0.1,0.1,0.1,0.1,0.03715850866175191,0.0630449296474083,0.09550756344300912,0.1,True,-10,10
2026-08-24 11:09:36.322715,0.1,0.1,0.1,0.1,0.03715850866175191,0.0630449296474083,0.09550756344300912,0.1,True,-10,10
2026-08-24 11:09:36.338706,0.1,0.1,0.1,0.1,0.03715850866175191,0.0630449296474083,0.09550756344300912,0.1,True,-10,10
2026-08-24 11:09:36.353747,0.1,0.1,0.1,0.1,0.03715850866175191,0.0630449296474083,0.09550756344300912,0.1,True,-10,10
2026-08-24 11:09:36.371350,0.1,0.1,0.1,0.1,0.03715850866175191,0.0630449296474083,0.09550756344300912,0.1,True,-10,10
2026-08-24 11:09:36.385490,0.1,0.1,0.1,0.1,0.03715850866175191,0.0630449296474083,0.09550756344300912,0.1,True,-10,10
2026-08-24 11:09:36.400237,0.1,0.1,0.1,0.1,0.03715850866175191,0.0630449296474083,0.09550756344300912,0.1,True,-10,10
2026-08-24 11:09:36.416368,0.1,0.1,0.1,0.1,0.03715850866175191,0.0630449296474083,0.09550756344300912,0.1,True,-10,10
2026-08-24 11:09:36.432297,0.1,0.1,0.1,0.1,0.03715850866175191,0.0630449296474083,0.09550756344300912,0.1,True,-10,10
2026-08-24 11:09:36.450903,0.1,0.1,0.1,0.1,0.03715850866175191,0.0630449296474083,0.09550756344300912,0.1,True,-10,10
2026-08-24 11:09:36.463975,0.1,0.1,0.1,0.1,0.03715850866175191,0.0630449296474083,0.09550756344300912,0.1,True,-10,10
2026-08-24 11:09:36.519816,0.1,0.1,0.04209817663931082,0.06259966242475597,0.09841625901305676,0.1,0.1,0.1,True,0.0,0.0
2026-08-24 11:09:36.529498,0.1,0.1,0.04209817663931082,0.06259966242475597,0.09841625901305676,0.1,0.1,0.1,True,0.0,0.0
2026-08-24 11:09:36.560589,0.1,0.1,0.04174568700797043,0.06481781348887104,0.09947215750798713,0.1,0.1,0.1,True,0.0,0.0
2026-08-24 11:09:36.591852,0.1,0.1,0.04174568700797043,0.06481781348887104,0.09947215750798713,0.1,0.1,0.1,True,0.0,0.0
2026-08-24 11:09:36.609535,0.1,0.1,0.04174568700797043,0.06481781348887104,0.09947215750798713,0.1,0.1,0.1,True,0.0,0.0
2026-08-24 11:09:36.624823,0.1,0.1,0.04174568700797043,0.06481781348887104,0.09947215750798713,0.1,0.1,0.1,True,0.0,0.0
2026-08-24 11:09:36.640731,0.1,0.1,0.04174568700797043,0.06481781348887104,0.09947215750798713,0.1,0.1,0.1,True,0.0,0.0
2026-08-24 11:09:36.655438,0.1,0.1,0.04174568700797043,0.06481781348887104,0.09947215750798713,0.1,0.1,0.1,True,0.0,0.0
2026-08-24 11:09:36.672049,0.1,0.1,0.04174568700797043,0.06481781348887104,0.09947215750798713,0.1,0.1,0.1,True,0.0,0.0
2026-08-24 11:09:36.687999,0.1,0.1,0.04174568700797043,0.06481781348887104,0.09947215750798713,0.1,0.1,0.1,True,0.0,0.0
2026-08-24 11:09:36.704136,0.1,0.1,0.04174568700797043,0.06481781348887104,0.09947215750798713,0.1,0.1,0.1,True,0.0,0.0
2026-08-24 11:09:36.720851,0.1,0.1,0.04174568700797043,0.06481781348887104,0.09947215750798713,0.1,0.1,0.1,True,0.0,0.0
2026-08-24 11:09:36.735957,0.1,0.1,0.04174568700797043,0.06481781348887104,0.09947215750798713,0.1,0.1,0.1,True,0.0,0.0
2026-08-24 11:09:36.752414,0.1,0.1,0.04174568700797043,0.06481781348887104,0.09947215750798713,0.1,0.1,0.1,True,0.0,0.0
2026-08-24 11:09:36.766769,0.1,0.1,0.04174568700797043,0.06481781348887104,0.09947215750798713,0.1,0.1,0.1,True,0.0,0.0
2026-08-24 11:09:36.781421,0.1,0.1,0.04174568700797043,0.06481781348887104,0.09947215750798713,0.1,0.1,0.1,True,0.0,0.0
2026-08-24 11:09:36.799269,0.1,0.1,0.04174568700797043,0.06481781348887104,0.09947215750798713,0.1,0.1,0.1,True,0.0,0.0
2026-08-24 11:09:36.814519,0.1,0.1,0.04174568700797043,0.06481781348887104,0.09947215750798713,0.1,0.1,0.1,True,0.0,0.0
2026-08-24 11:09:36.830889,0.1,0.1,0.04174568700797043,0.06481781348887104,0.09947215750798713,0.1,0.1,0.1,True,0.0,0.0
2026-08-24 11:09:36.846792,0.1,0.1,0.04174568700797043,0.06481781348887104,0.09947215750798713,0.1,0.1,0.1,True,0.0,0.0
2026-08-24 11:09:36.862757,0.1,0.1,0.04174568700797043,0.06481781348887104,0.09947215750798713,0.1,0.1,0.1,True,0.0,0.0
2026-08-24 11:09:36.876524,0.1,0.1,0.04174568700797043,0.06481781348887104,0.09947215750798713,0.1,0.1,0.1,True,0.0,0.0
2026-08-24 11:09:36.894278,0.1,0.1,0.04174568700797043,0.06481781348887104,0.09947215750798713,0.1,0.1,0.1,True,0.0,0.0
2026-08-24 11:09:36.911571,0.1,0.1,0.04174568700797043,0.06481781348887104,0.09947215750798713,0.1,0.1,0.1,True,0.0,0.0
2026-08-24 11:09:36.925688,0.1,0.1,0.04174568700797043,0.06481781348887104,0.09947215750798713,0.1,0.1,0.1,True,0.0,0.0
2026-08-24 11:09:36.943055,0.1,0.1,0.04174568700797043,0.06481781348887104,0.09947215750798713,0.1,0.1,0.1,True,0.0,0.0
2026-08-24 11:09:36.980528,0.1,0.1,0.04183787210251979,0.06496029399277913,0.09982872827192733,0.1,0.1,0.1,True,0.0,0.0
2026-08-24 11:09:37.005110,0.1,0.1,0.04183787210251979,0.06496029399277913,0.09982872827192733,0.1,0.1,0.1,True,0.0,0.0
2026-08-24 11:09:37.052065,0.1,0.1,0.04183050197763909,0.06494844518873906,0.09979645020923594,0.1,0.1,0.1,True,10,10
2026-08-24 11:09:37.072691,0.1,0.1,0.04183050197763909,0.06494844518873906,0.09979645020923594,0.1,0.1,0.1,True,10,10
2026-08-24 11:09:37.083072,0.1,0.1,0.04183050197763909,0.06494844518873906,0.09979645020923594,0.1,0.1,0.1,True,10,10
2026-08-24 11:09:37.098266,0.1,0.1,0.04183050197763909,0.06494844518873906,0.09979645020923594,0.1,0.1,0.1,True,10,-10
2026-08-24 11:09:37.118181,0.1,0.1,0.04183050197763909,0.06494844518873906,0.09979645020923594,0.1,0.1,0.1,True,10,-10
2026-08-24 11:09:37.128272,0.1,0.1,0.04183050197763909,0.06494844518873906,0.09979645020923594,0.1,0.1,0.1,True,10,-10
2026-08-24 11:09:37.144783,0.1,0.1,0.04183050197763909,0.06494844518873906,0.09979645020923594,0.1,0.1,0.1,True,10,-10
2026-08-24 11:09:37.161636,0.1,0.1,0.04183050197763909,0.06494844518873906,0.09979645020923594,0.1,0.1,0.1,True,10,-10
2026-08-24 11:09:37.175568,0.1,0.1,0.04183050197763909,0.06494844518873906,0.09979645020923594,0.1,0.1,0.1,True,10,-10
2026-08-24 11:09:37.192946,0.1,0.1,0.04183050197763909,0.06494844518873906,0.09979645020923594,0.1,0.1,0.1,True,10,-10
2026-08-24 11:09:37.208850,0.1,0.1,0.04183050197763909,0.06494844518873906,0.09979645020923594,0.1,0.1,0.1,True,10,-10
2026-08-24 11:09:37.225150,0.1,0.1,0.04183050197763909,0.06494844518873906,0.09979645020923594,0.1,0.1,0.1,True,10,-10
2026-08-24 11:09:37.239557,0.1,0.1,0.04183050197763909,0.06494844518873906,0.09979645020923594,0.1,0.1,0.1,True,10,-10
2026-08-24 11:09:37.255296,0.1,0.1,0.04183050197763909,0.06494844518873906,0.09979645020923594,0.1,0.1,0.1,True,10,-10
2026-08-24 11:09:37.272239,0.1,0.1,0.04183050197763909,0.06494844518873906,0.09979645020923594,0.1,0.1,0.1,True,10,-10
2026-08-24 11:09:37.287944,0.1,0.1,0.04183050197763909,0.06494844518873906,0.09979645020923594,0.1,0.1,0.1,True,10,-10
2026-08-24 11:09:37.301251,0.1,0.1,0.04183050197763909,0.06494844518873906,0.09979645020923594,0.1,0.1,0.1,True,10,-10
2026-08-24 11:09:37.318155,0.1,0.1,0.04183050197763909,0.06494844518873906,0.09979645020923594,0.1,0.1,0.1,True,10,-10
2026-08-24 11:09:37.334907,0.1,0.1,0.04183050197763909,0.06494844518873906,0.09979645020923594,0.1,0.1,0.1,True,10,-10
2026-08-24 11:09:37.350718,0.1,0.1,0.04183050197763909,0.06494844518873906,0.09979645020923594,0.1,0.1,0.1,True,10,-10
2026-08-24 11:09:37.363888,0.1,0.1,0.04183050197763909,0.06494844518873906,0.09979645020923594,0.1,0.1,0.1,True,10,-10
2026-08-24 11:09:37.380837,0.1,0.1,0.04183050197763909,0.06494844518873906,0.09979645020923594,0.1,0.1,0.1,True,10,-10
2026-08-24 11:09:37.395950,0.1,0.1,0.04183050197763909,0.06494844518873906,0.09979645020923594,0.1,0.1,0.1,True,10,-10
2026-08-24 11:09:37.411684,0.1,0.1,0.04183050197763909,0.06494844518873906,0.09979645020923594,0.1,0.1,0.1,True,10,-10
2026-08-24 11:09:37.428582,0.1,0.1,0.04183050197763909,0.06494844518873906,0.09979645020923594,0.1,0.1,0.1,True,10,-10
2026-08-24 11:09:37.444741,0.1,0.1,0.04183050197763909,0.06494844518873906,0.09979645020923594,0.1,0.1,0.1,True,10,-10
2026-08-24 11:09:37.460448,0.1,0.1,0.04183050197763909,0.06494844518873906,0.09979645020923594,0.1,0.1,0.1,True,10,-10
2026-08-24 11:09:37.475955,0.1,0.1,0.04183050197763909,0.06494844518873906,0.09979645020923594,0.1,0.1,0.1,True,10,-10
2026-08-24 11:09:37.492068,0.1,0.1,0.04183050197763909,0.06494844518873906,0.09979645020923594,0.1,0.1,0.1,True,10,-10
2026-08-24 11:09:37.505614,0.1,0.1,0.04183050197763909,0.06494844518873906,0.09979645020923594,0.1,0.1,0.1,True,10,-10
2026-08-24 11:09:37.521607,0.1,0.1,0.04183050197763909,0.06494844518873906,0.09979645020923594,0.1,0.1,0.1,True,10,-10
2026-08-24 11:09:37.538079,0.1,0.1,0.04183050197763909,0.06494844518873906,0.09979645020923594,0.1,0.1,0.1,True,10,-10
2026-08-24 11:09:37.553396,0.1,0.1,0.04183050197763909,0.06494844518873906,0.09979645020923594,0.1,0.1,0.1,True,10,-10
2026-08-24 11:09:37.570490,0.1,0.1,0.04183050197763909,0.06494844518873906,0.09979645020923594,0.1,0.1,0.1,True,10,-10
2026-08-24 11:09:37.585072,0.1,0.1,0.04183050197763909,0.06494844518873906,0.09979645020923594,0.1,0.1,0.1,True,10,-10
2026-08-24 11:09:37.602342,0.1,0.1,0.04183050197763909,0.06494844518873906,0.09979645020923594,0.1,0.1,0.1,True,10,-10
2026-08-24 11:09:37.617914,0.1,0.1,0.04183050197763909,0.06494844518873906,0.09979645020923594,0.1,0.1,0.1,True,10,-10
2026-08-24 11:09:37.634126,0.1,0.1,0.04183050197763909,0.06494844518873906,0.09979645020923594,0.1,0.1,0.1,True,10,-10
2026-08-24 11:09:37.650028,0.1,0.1,0.04183050197763909,0.06494844518873906,0.09979645020923594,0.1,0.1,0.1,True,10,-10
2026-08-24 11:09:37.663968,0.1,0.1,0.04183050197763909,0.06494844518873906,0.09979645020923594,0.1,0.1,0.1,True,10,-10
2026-08-24 11:09:37.680259,0.1,0.1,0.04183050197763909,0.06494844518873906,0.09979645020923594,0.1,0.1,0.1,True,10,-10
2026-08-24 11:09:37.697433,0.1,0.1,0.04183050197763909,0.06494844518873906,0.09979645020923594,0.1,0.1,0.1,True,10,-10
2026-08-24 11:09:37.713279,0.1,0.1,0.04183050197763909,0.06494844518873906,0.09979645020923594,0.1,0.1,0.1,True,10,-10
2026-08-24 11:09:37.728459,0.1,0.1,0.04183050197763909,0.06494844518873906,0.09979645020923594,0.1,0.1,0.1,True,10,-10
2026-08-24 11:09:37.745477,0.1,0.1,0.04183050197763909,0.06494844518873906,0.09979645020923594,0.1,0.1,0.1,True,10,-10
2026-08-24 11:09:37.760957,0.1,0.1,0.04183050197763909,0.06494844518873906,0.09979645020923594,0.1,0.1,0.1,True,10,-10
2026-08-24 11:09:37.776742,0.1,0.1,0.04183050197763909,0.06494844518873906,0.09979645020923594,0.1,0.1,0.1,True,10,-10
2026-08-24 11:09:37.791695,0.1,0.1,0.04183050197763909,0.06494844518873906,0.09979645020923594,0.1,0.1,0.1,True,10,-10
2026-08-24 11:09:37.806993,0.1,0.1,0.04183050197763909,0.06494844518873906,0.09979645020923594,0.1,0.1,0.1,True,10,-10
2026-08-24 11:09:37.823116,0.1,0.1,0.04183050197763909,0.06494844518873906,0.09979645020923594,0.1,0.1,0.1,True,10,-10
2026-08-24 11:09:37.839021,0.1,0.1,0.04183050197763909,0.06494844518873906,0.09979645020923594,0.1,0.1,0.1,True,10,-10
2026-08-24 11:09:37.854898,0.1,0.1,0.04183050197763909,0.06494844518873906,0.09979645020923594,0.1,0.1,0.1,True,10,-10
2026-08-24 11:09:37.870812,0.1,0.1,0.04183050197763909,0.06494844518873906,0.09979645020923594,0.1,0.1,0.1,True,10,-10
2026-08-24 11:09:37.885867,0.1,0.1,0.04183050197763909,0.06494844518873906,0.09979645020923594,0.1,0.1,0.1,True,10,-10
2026-08-24 11:09:37.902339,0.1,0.1,0.04183050197763909,0.06494844518873906,0.09979645020923594,0.1,0.1,0.1,True,10,-10
2026-08-24 11:09:37.917594,0.1,0.1,0.04183050197763909,0.06494844518873906,0.09979645020923594,0.1,0.1,0.1,True,10,-10
2026-08-24 11:09:37.933909,0.1,0.1,0.04183050197763909,0.06494844518873906,0.09979645020923594,0.1,0.1,0.1,True,10,-10
2026-08-24 11:09:37.948313,0.1,0.1,0.04183050197763909,0.06494844518873906,0.09979645020923594,0.1,0.1,0.1,True,10,-10
2026-08-24 11:09:37.963791,0.1,0.1,0.04183050197763909,0.06494844518873906,0.09979645020923594,0.1,0.1,0.1,True,10,-10
2026-08-24 11:09:37.980825,0.1,0.1,0.04183050197763909,0.06494844518873906,0.09979645020923594,0.1,0.1,0.1,True,10,-10
2026-08-24 11:09:37.997238,0.1,0.1,0.04183050197763909,0.06494844518873906,0.09979645020923594,0.1,0.1,0.1,True,10,-10
2026-08-24 11:09:38.012633,0.1,0.1,0.04183050197763909,0.06494844518873906,0.09979645020923594,0.1,0.1,0.1,True,10,-10
2026-08-24 11:09:38.027446,0.1,0.1,0.04183050197763909,0.06494844518873906,0.09979645020923594,0.1,0.1,0.1,True,10,-10
2026-08-24 11:09:38.045418,0.1,0.1,0.04183050197763909,0.06494844518873906,0.09979645020923594,0.1,0.1,0.1,True,10,-10
2026-08-24 11:09:38.061321,0.1,0.1,0.04183050197763909,0.06494844518873906,0.09979645020923594,0.1,0.1,0.1,True,10,-10
2026-08-24 11:09:38.076552,0.1,0.1,0.04183050197763909,0.06494844518873906,0.09979645020923594,0.1,0.1,0.1,True,10,-10
2026-08-24 11:09:38.092233,0.1,0.1,0.04183050197763909,0.06494844518873906,0.09979645020923594,0.1,0.1,0.1,True,10,-10
2026-08-24 11:09:38.142870,0.1,0.1,0.1,0.1,0.04044190489836354,0.07689349806265956,0.09986736569613838,0.1,True,0.0,0.0
2026-08-24 11:09:38.154216,0.1,0.1,0.1,0.1,0.04044190489836354,0.07689349806265956,0.09986736569613838,0.1,True,0.0,0.0
2026-08-24 11:09:38.173375,0.1,0.1,0.1,0.1,0.04044190489836354,0.07689349806265956,0.09986736569613838,0.1,True,0.0,0.0
2026-08-24 11:09:38.216083,0.1,0.1,0.1,0.1,0.04026566847025659,0.0765865984580131,0.1,0.1,True,0.0,0.0
2026-08-24 11:09:38.235882,0.1,0.1,0.1,0.1,0.04026566847025659,0.0765865984580131,0.1,0.1,True,0.0,0.0
2026-08-24 11:09:38.251595,0.1,0.1,0.1,0.1,0.04026566847025659,0.0765865984580131,0.1,0.1,True,0.0,0.0
2026-08-24 11:09:38.268068,0.1,0.1,0.1,0.1,0.04026566847025659,0.0765865984580131,0.1,0.1,True,0.0,0.0
2026-08-24 11:09:38.285527,0.1,0.1,0.1,0.1,0.04026566847025659,0.0765865984580131,0.1,0.1,True,0.0,0.0
2026-08-24 11:09:38.297529,0.1,0.1,0.1,0.1,0.04026566847025659,0.0765865984580131,0.1,0.1,True,0.0,0.0
2026-08-24 11:09:38.315452,0.1,0.1,0.1,0.1,0.04026566847025659,0.0765865984580131,0.1,0.1,True,0.0,0.0
2026-08-24 11:09:38.330428,0.1,0.1,0.1,0.1,0.04026566847025659,0.0765865984580131,0.1,0.1,True,0.0,0.0
2026-08-24 11:09:38.346216,0.1,0.1,0.1,0.1,0.04026566847025659,0.0765865984580131,0.1,0.1,True,0.0,0.0
2026-08-24 11:09:38.362477,0.1,0.1,0.1,0.1,0.04026566847025659,0.0765865984580131,0.1,0.1,True,0.0,0.0
2026-08-24 11:09:38.376398,0.1,0.1,0.1,0.1,0.04026566847025659,0.0765865984580131,0.1,0.1,True,0.0,0.0
2026-08-24 11:09:38.394113,0.1,0.1,0.1,0.1,0.04026566847025659,0.0765865984580131,0.1,0.1,True,0.0,0.0
2026-08-24 11:09:38.410185,0.1,0.1,0.1,0.1,0.04026566847025659,0.0765865984580131,0.1,0.1,True,0.0,0.0
2026-08-24 11:09:38.427075,0.1,0.1,0.1,0.1,0.04026566847025659,0.0765865984580131,0.1,0.1,True,0.0,0.0
2026-08-24 11:09:38.441483,0.1,0.1,0.1,0.1,0.04026566847025659,0.0765865984580131,0.1,0.1,True,0.0,0.0
2026-08-24 11:09:38.458167,0.1,0.1,0.1,0.1,0.04026566847025659,0.0765865984580131,0.1,0.1,True,0.0,0.0
2026-08-24 11:09:38.474041,0.1,0.1,0.1,0.1,0.04026566847025659,0.0765865984580131,0.1,0.1,True,0.0,0.0
2026-08-24 11:09:38.487776,0.1,0.1,0.1,0.1,0.04026566847025659,0.0765865984580131,0.1,0.1,True,0.0,0.0
2026-08-24 11:09:38.504057,0.1,0.1,0.1,0.1,0.04026566847025659,0.0765865984580131,0.1,0.1,True,0.0,0.0
2026-08-24 11:09:38.520390,0.1,0.1,0.1,0.1,0.04026566847025659,0.0765865984580131,0.1,0.1,True,0.0,0.0
2026-08-24 11:09:38.537140,0.1,0.1,0.1,0.1,0.04026566847025659,0.0765865984580131,0.1,0.1,True,0.0,0.0
2026-08-24 11:09:38.553002,0.1,0.1,0.1,0.1,0.04026566847025659,0.0765865984580131,0.1,0.1,True,0.0,0.0
2026-08-24 11:09:38.594225,0.1,0.1,0.1,0.1,0.040474575137791645,0.07697934814588743,0.09986545934673308,0.1,True,0.0,0.0
2026-08-24 11:09:38.618018,0.1,0.1,0.1,0.1,0.040474575137791645,0.07709850432176854,0.09986545934673308,0.1,True,-10,10
2026-08-24 11:09:38.638216,0.1,0.1,0.1,0.1,0.040474575137791645,0.08097593392622986,0.09986545934673308,0.1,True,-10,10
2026-08-24 11:09:38.648302,0.1,0.1,0.1,0.1,0.040474575137791645,0.08588982134474027,0.09986545934673308,0.1,True,-10,10
2026-08-24 11:09:38.668275,0.1,0.1,0.1,0.1,0.040474575137791645,0.09136511110454808,0.09986545934673308,0.1,True,-10,10
2026-08-24 11:09:38.680253,0.1,0.1,0.1,0.1,0.040474575137791645,0.09755309140451746,0.09986545934673308,0.1,True,-10,10
2026-08-24 11:09:38.702224,0.1,0.1,0.1,0.1,0.040474575137791645,0.09755309140451746,0.09986545934673308,0.1,True,-10,10
2026-08-24 11:09:38.709819,0.1,0.1,0.1,0.1,0.040474575137791645,0.1,0.09986545934673308,0.1,True,-10,10
2026-08-24 11:09:38.728542,0.1,0.1,0.1,0.1,0.040474575137791645,0.1,0.09986545934673308,0.1,True,-10,10
2026-08-24 11:09:38.743676,0.1,0.1,0.1,0.1,0.040474575137791645,0.1,0.09986545934673308,0.1,True,-10,10
2026-08-24 11:09:38.759561,0.1,0.1,0.1,0.1,0.040474575137791645,0.1,0.09986545934673308,0.1,True,-10,10
2026-08-24 11:09:38.777023,0.1,0.1,0.1,0.1,0.040474575137791645,0.1,0.09986545934673308,0.1,True,-10,10
2026-08-24 11:09:38.791745,0.1,0.1,0.1,0.1,0.040474575137791645,0.1,0.09986545934673308,0.1,True,-10,10
2026-08-24 11:09:38.807398,0.1,0.1,0.1,0.1,0.040474575137791645,0.1,0.09986545934673308,0.1,True,-10,10
2026-08-24 11:09:38.823285,0.1,0.1,0.1,0.1,0.040474575137791645,0.1,0.09986545934673308,0.1,True,-10,10
2026-08-24 11:09:38.836921,0.1,0.1,0.1,0.1,0.040474575137791645,0.1,0.09986545934673308,0.1,True,-10,10
2026-08-24 11:09:38.855082,0.1,0.1,0.1,0.1,0.040474575137791645,0.1,0.09986545934673308,0.1,True,-10,10
2026-08-24 11:09:38.870956,0.1,0.1,0.1,0.1,0.040474575137791645,0.1,0.09986545934673308,0.1,True,-10,10
2026-08-24 11:09:38.886925,0.1,0.1,0.1,0.1,0.040474575137791645,0.1,0.09986545934673308,0.1,True,-10,10
2026-08-24 11:09:38.903527,0.1,0.1,0.1,0.1,0.040474575137791645,0.1,0.09986545934673308,0.1,True,-10,10
2026-08-24 11:09:38.918752,0.1,0.1,0.1,0.1,0.040474575137791645,0.1,0.09986545934673308,0.1,True,-10,10
2026-08-24 11:09:38.932782,0.1,0.1,0.1,0.1,0.040474575137791645,0.1,0.09986545934673308,0.1,True,-10,10
2026-08-24 11:09:38.950374,0.1,0.1,0.1,0.1,0.040474575137791645,0.09956324389081454,0.09986545934673308,0.1,True,-10,10
2026-08-24 11:09:38.966258,0.1,0.1,0.1,0.1,0.040474575137791645,0.09928552445767481,0.09986545934673308,0.1,True,-10,10
2026-08-24 11:09:38.982695,0.1,0.1,0.1,0.1,0.040474575137791645,0.09924748918011465,0.09986545934673308,0.1,True,-10,10
2026-08-24 11:09:38.997184,0.1,0.1,0.1,0.1,0.040474575137791645,0.09935605712762302,0.09986545934673308,0.1,True,-10,10
2026-08-24 11:09:39.011334,0.1,0.1,0.1,0.1,0.040474575137791645,0.09959586625702559,0.09986545934673308,0.1,True,-10,10
2026-08-24 11:09:39.028502,0.1,0.1,0.1,0.1,0.040474575137791645,0.1,0.09986545934673308,0.1,True,-10,10
2026-08-24 11:09:39.043323,0.1,0.1,0.1,0.1,0.040474575137791645,0.1,0.09986545934673308,0.1,True,-10,10
2026-08-24 11:09:39.060974,0.1,0.1,0.1,0.1,0.040474575137791645,0.1,0.09986545934673308,0.1,True,-10,10
2026-08-24 11:09:39.077298,0.1,0.1,0.1,0.1,0.040474575137791645,0.1,0.09986545934673308,0.1,True,-10,10
2026-08-24 11:09:39.092384,0.1,0.1,0.1,0.1,0.040474575137791645,0.1,0.09986545934673308,0.1,True,-10,10
2026-08-24 11:09:39.110484,0.1,0.1,0.1,0.1,0.040474575137791645,0.1,0.09986545934673308,0.1,True,-10,10
2026-08-24 11:09:39.125293,0.1,0.1,0.1,0.1,0.040474575137791645,0.1,0.09986545934673308,0.1,True,-10,10
2026-08-24 11:09:39.138565,0.1,0.1,0.1,0.1,0.040474575137791645,0.1,0.09986545934673308,0.1,True,-10,10
2026-08-24 11:09:39.156236,0.1,0.1,0.1,0.1,0.040474575137791645,0.1,0.09986545934673308,0.1,True,-10,10
2026-08-24 11:09:39.172384,0.1,0.1,0.1,0.1,0.040474575137791645,0.1,0.09986545934673308,0.1,True,-10,10
2026-08-24 11:09:39.187964,0.1,0.1,0.1,0.1,0.040474575137791645,0.1,0.09986545934673308,0.1,True,-10,10
2026-08-24 11:09:39.201936,0.1,0.1,0.1,0.1,0.040474575137791645,0.1,0.09986545934673308,0.1,True,-10,10
2026-08-24 11:09:39.220568,0.1,0.1,0.1,0.1,0.040474575137791645,0.1,0.09986545934673308,0.1,True,-10,10
2026-08-24 11:09:39.233799,0.1,0.1,0.1,0.1,0.040474575137791645,0.1,0.09986545934673308,0.1,True,-10,10
2026-08-24 11:09:39.249723,0.1,0.1,0.1,0.1,0.040474575137791645,0.1,0.09986545934673308,0.1,True,-10,10
2026-08-24 11:09:39.265699,0.1,0.1,0.1,0.1,0.040474575137791645,0.1,0.09986545934673308,0.1,True,-10,10
2026-08-24 11:09:39.282647,0.1,0.1,0.1,0.1,0.040474575137791645,0.1,0.09986545934673308,0.1,True,-10,10
2026-08-24 11:09:39.298747,0.1,0.1,0.1,0.1,0.040474575137791645,0.1,0.09986545934673308,0.1,True,-10,10
2026-08-24 11:09:39.313915,0.1,0.1,0.1,0.1,0.040474575137791645,0.1,0.09986545934673308,0.1,True,-10,10
2026-08-24 11:09:39.331690,0.1,0.1,0.1,0.1,0.040474575137791645,0.1,0.09986545934673308,0.1,True,-10,10
2026-08-24 11:09:39.345199,0.1,0.1,0.1,0.1,0.040474575137791645,0.1,0.09986545934673308,0.1,True,-10,10
2026-08-24 11:09:39.361729,0.1,0.1,0.1,0.1,0.040474575137791645,0.1,0.09986545934673308,0.1,True,-10,10
2026-08-24 11:09:39.376176,0.1,0.1,0.1,0.1,0.040474575137791645,0.1,0.09986545934673308,0.1,True,-10,10
2026-08-24 11:09:39.393458,0.1,0.1,0.1,0.1,0.040474575137791645,0.1,0.09986545934673308,0.1,True,-10,10
2026-08-24 11:09:39.409750,0.1,0.1,0.1,0.1,0.040474575137791645,0.1,0.09986545934673308,0.1,True,-10,10
2026-08-24 11:09:39.425236,0.1,0.1,0.1,0.1,0.040474575137791645,0.1,0.09986545934673308,0.1,True,-10,10
2026-08-24 11:09:39.476821,0.1,0.1,0.059198450193068755,0.04941771450882987,0.1,0.1,0.1,0.1,True,0.0,0.0
2026-08-24 11:09:39.488475,0.1,0.1,0.059198450193068755,0.04941771450882987,0.1,0.1,0.1,0.1,True,0.0,0.0
2026-08-24 11:09:39.506417,0.1,0.1,0.059198450193068755,0.04941771450882987,0.1,0.1,0.1,0.1,True,-10,10
2026-08-24 11:09:39.526318,0.1,0.1,0.059198450193068755,0.04941771450882987,0.1,0.1,0.1,0.1,True,-10,10
2026-08-24 11:09:39.536172,0.1,0.1,0.059198450193068755,0.04941771450882987,0.1,0.1,0.1,0.1,True,-10,10
2026-08-24 11:09:39.552136,0.1,0.1,0.059198450193068755,0.04941771450882987,0.1,0.1,0.1,0.1,True,-10,10
2026-08-24 11:09:39.568036,0.1,0.1,0.059198450193068755,0.04941771450882987,0.1,0.1,0.1,0.1,True,-10,10
2026-08-24 11:09:39.584018,0.1,0.1,0.059198450193068755,0.04941771450882987,0.1,0.1,0.1,0.1,True,-10,10
2026-08-24 11:09:39.599596,0.1,0.1,0.059198450193068755,0.04941771450882987,0.1,0.1,0.1,0.1,True,-10,10
2026-08-24 11:09:39.613615,0.1,0.1,0.059198450193068755,0.04941771450882987,0.1,0.1,0.1,0.1,True,-10,10
2026-08-24 11:09:39.631137,0.1,0.1,0.059198450193068755,0.04941771450882987,0.1,0.1,0.1,0.1,True,-10,10
2026-08-24 11:09:39.645039,0.1,0.1,0.059198450193068755,0.04941771450882987,0.1,0.1,0.1,0.1,True,-10,10
2026-08-24 11:09:39.662761,0.1,0.1,0.059198450193068755,0.04941771450882987,0.1,0.1,0.1,0.1,True,-10,10
2026-08-24 11:09:39.678074,0.1,0.1,0.059198450193068755,0.04941771450882987,0.1,0.1,0.1,0.1,True,-10,10
2026-08-24 11:09:39.694220,0.1,0.1,0.059198450193068755,0.04941771450882987,0.1,0.1,0.1,0.1,True,-10,10
2026-08-24 11:09:39.709964,0.1,0.1,0.059198450193068755,0.04941771450882987,0.1,0.1,0.1,0.1,True,-10,10
2026-08-24 11:09:39.725922,0.1,0.1,0.059198450193068755,0.04941771450882987,0.1,0.1,0.1,0.1,True,-10,10
2026-08-24 11:09:39.739775,0.1,0.1,0.059198450193068755,0.04941771450882987,0.1,0.1,0.1,0.1,True,-10,10
2026-08-24 11:09:39.759154,0.1,0.1,0.059198450193068755,0.04941771450882987,0.1,0.1,0.1,0.1,True,-10,10
2026-08-24 11:09:39.773109,0.1,0.1,0.059198450193068755,0.04941771450882987,0.1,0.1,0.1,0.1,True,-10,10
2026-08-24 11:09:39.789080,0.1,0.1,0.059198450193068755,0.04941771450882987,0.1,0.1,0.1,0.1,True,-10,10
2026-08-24 11:09:39.804956,0.1,0.1,0.059198450193068755,0.04941771450882987,0.1,0.1,0.1,0.1,True,-10,10
2026-08-24 11:09:39.820824,0.1,0.1,0.059198450193068755,0.04941771450882987,0.1,0.1,0.1,0.1,True,-10,10
2026-08-24 11:09:39.836685,0.1,0.1,0.059198450193068755,0.04941771450882987,0.1,0.1,0.1,0.1,True,-10,10
2026-08-24 11:09:39.850702,0.1,0.1,0.059198450193068755,0.04941771450882987,0.1,0.1,0.1,0.1,True,-10,10
2026-08-24 11:09:39.866725,0.1,0.1,0.059198450193068755,0.04941771450882987,0.1,0.1,0.1,0.1,True,-10,10
2026-08-24 11:09:39.884715,0.1,0.1,0.059198450193068755,0.04941771450882987,0.1,0.1,0.1,0.1,True,-10,10
2026-08-24 11:09:39.899626,0.1,0.1,0.059198450193068755,0.04941771450882987,0.1,0.1,0.1,0.1,True,-10,10
2026-08-24 11:09:39.914965,0.1,0.1,0.059198450193068755,0.04941771450882987,0.1,0.1,0.1,0.1,True,-10,10
2026-08-24 11:09:39.929673,0.1,0.1,0.059198450193068755,0.04941771450882987,0.1,0.1,0.1,0.1,True,-10,10
2026-08-24 11:09:39.947043,0.1,0.1,0.059198450193068755,0.04941771450882987,0.1,0.1,0.1,0.1,True,-10,10
2026-08-24 11:09:39.963454,0.1,0.1,0.059198450193068755,0.04941771450882987,0.1,0.1,0.1,0.1,True,-10,10
2026-08-24 11:09:39.979345,0.1,0.1,0.059198450193068755,0.04941771450882987,0.1,0.1,0.1,0.1,True,-10,10
2026-08-24 11:09:39.992998,0.1,0.1,0.059198450193068755,0.04941771450882987,0.1,0.1,0.1,0.1,True,-10,10
2026-08-24 11:09:40.008949,0.1,0.1,0.059198450193068755,0.04941771450882987,0.1,0.1,0.1,0.1,True,-10,10
2026-08-24 11:09:40.026850,0.1,0.1,0.059198450193068755,0.04941771450882987,0.1,0.1,0.1,0.1,True,-10,10
2026-08-24 11:09:40.042030,0.1,0.1,0.059198450193068755,0.04941771450882987,0.1,0.1,0.1,0.1,True,-10,10
2026-08-24 11:09:40.059165,0.1,0.1,0.059198450193068755,0.04941771450882987,0.1,0.1,0.1,0.1,True,-10,10
2026-08-24 11:09:40.071297,0.1,0.1,0.059198450193068755,0.04941771450882987,0.1,0.1,0.1,0.1,True,-10,10
2026-08-24 11:09:40.089970,0.1,0.1,0.059198450193068755,0.04941771450882987,0.1,0.1,0.1,0.1,True,-10,10
2026-08-24 11:09:40.105091,0.1,0.1,0.059198450193068755,0.04941771450882987,0.1,0.1,0.1,0.1,True,-10,10
2026-08-24 11:09:40.119903,0.1,0.1,0.059198450193068755,0.04941771450882987,0.1,0.1,0.1,0.1,True,-10,10
2026-08-24 11:09:40.135918,0.1,0.1,0.059198450193068755,0.04941771450882987,0.1,0.1,0.1,0.1,True,-10,10
2026-08-24 11:09:40.151453,0.1,0.1,0.059198450193068755,0.04941771450882987,0.1,0.1,0.1,0.1,True,-10,10
2026-08-24 11:09:40.167371,0.1,0.1,0.059198450193068755,0.04941771450882987,0.1,0.1,0.1,0.1,True,-10,10
2026-08-24 11:09:40.182054,0.1,0.1,0.059198450193068755,0.04941771450882987,0.1,0.1,0.1,0.1,True,-10,10
2026-08-24 11:09:40.199463,0.1,0.1,0.059198450193068755,0.04941771450882987,0.1,0.1,0.1,0.1,True,-10,10
2026-08-24 11:09:40.215018,0.1,0.1,0.059198450193068755,0.04941771450882987,0.1,0.1,0.1,0.1,True,-10,10
2026-08-24 11:09:40.231789,0.1,0.1,0.059198450193068755,0.04941771450882987,0.1,0.1,0.1,0.1,True,-10,10
2026-08-24 11:09:40.247700,0.1,0.1,0.059198450193068755,0.04941771450882987,0.1,0.1,0.1,0.1,True,-10,10
2026-08-24 11:09:40.262924,0.1,0.1,0.059198450193068755,0.04941771450882987,0.1,0.1,0.1,0.1,True,-10,10
2026-08-24 11:09:40.279130,0.1,0.1,0.059198450193068755,0.04941771450882987,0.1,0.1,0.1,0.1,True,-10,10
2026-08-24 11:09:40.294231,0.1,0.1,0.059198450193068755,0.04941771450882987,0.1,0.1,0.1,0.1,True,-10,10
2026-08-24 11:09:40.309304,0.1,0.1,0.059198450193068755,0.04941771450882987,0.1,0.1,0.1,0.1,True,-10,10
2026-08-24 11:09:40.326430,0.1,0.1,0.059198450193068755,0.04941771450882987,0.1,0.1,0.1,0.1,True,-10,10
2026-08-24 11:09:40.341782,0.1,0.1,0.059198450193068755,0.04941771450882987,0.1,0.1,0.1,0.1,True,-10,10
2026-08-24 11:09:40.356429,0.1,0.1,0.059198450193068755,0.04941771450882987,0.1,0.1,0.1,0.1,True,-10,10
2026-08-24 11:09:40.374552,0.1,0.1,0.059198450193068755,0.04941771450882987,0.1,0.1,0.1,0.1,True,-10,10
2026-08-24 11:09:40.388208,0.1,0.1,0.059198450193068755,0.04941771450882987,0.1,0.1,0.1,0.1,True,-10,10
2026-08-24 11:09:40.405646,0.1,0.1,0.059198450193068755,0.04941771450882987,0.1,0.1,0.1,0.1,True,-10,10
2026-08-24 11:09:40.419840,0.1,0.1,0.059198450193068755,0.04941771450882987,0.1,0.1,0.1,0.1,True,-10,10
2026-08-24 11:09:40.436990,0.1,0.1,0.059198450193068755,0.04941771450882987,0.1,0.1,0.1,0.1,True,-10,10
2026-08-24 11:09:40.452562,0.1,0.1,0.059198450193068755,0.04941771450882987,0.1,0.1,0.1,0.1,True,-10,10
2026-08-24 11:09:40.467339,0.1,0.1,0.059198450193068755,0.04941771450882987,0.1,0.1,0.1,0.1,True,-10,10
2026-08-24 11:09:40.483552,0.1,0.1,0.059198450193068755,0.04941771450882987,0.1,0.1,0.1,0.1,True,-10,10
2026-08-24 11:09:40.498985,0.1,0.1,0.059198450193068755,0.04941771450882987,0.1,0.1,0.1,0.1,True,-10,10
2026-08-24 11:09:40.548553,0.04209656403393908,0.0684756154118619,0.1,0.1,0.1,0.1,0.1,0.048645211123595884,True,0.0,0.0
2026-08-24 11:09:40.562383,0.04209656403393908,0.0684756154118619,0.1,0.1,0.1,0.1,0.1,0.048645211123595884,True,0.0,0.0
2026-08-24 11:09:40.611759,0.04199642916988788,0.06871129629214526,0.1,0.1,0.1,0.1,0.1,0.0482891677231339,True,0.0,0.0
2026-08-24 11:09:40.625079,0.04199642916988788,0.06871129629214526,0.1,0.1,0.1,0.1,0.1,0.0482891677231339,True,0.0,0.0
2026-08-24 11:09:40.644978,0.04199642916988788,0.06871129629214526,0.1,0.1,0.1,0.1,0.1,0.0482891677231339,True,0.0,0.0
2026-08-24 11:09:40.658797,0.04199642916988788,0.06871129629214526,0.1,0.1,0.1,0.1,0.1,0.0482891677231339,True,0.0,0.0
2026-08-24 11:09:40.675568,0.04199642916988788,0.06871129629214526,0.1,0.1,0.1,0.1,0.1,0.0482891677231339,True,0.0,0.0
2026-08-24 11:09:40.689627,0.04199642916988788,0.06871129629214526,0.1,0.1,0.1,0.1,0.1,0.0482891677231339,True,0.0,0.0
2026-08-24 11:09:40.706205,0.04199642916988788,0.06871129629214526,0.1,0.1,0.1,0.1,0.1,0.0482891677231339,True,0.0,0.0
2026-08-24 11:09:40.722664,0.04199642916988788,0.06871129629214526,0.1,0.1,0.1,0.1,0.1,0.0482891677231339,True,0.0,0.0
2026-08-24 11:09:40.736889,0.04199642916988788,0.06871129629214526,0.1,0.1,0.1,0.1,0.1,0.0482891677231339,True,0.0,0.0
2026-08-24 11:09:40.753753,0.04199642916988788,0.06871129629214526,0.1,0.1,0.1,0.1,0.1,0.0482891677231339,True,0.0,0.0
2026-08-24 11:09:40.769131,0.04199642916988788,0.06871129629214526,0.1,0.1,0.1,0.1,0.1,0.0482891677231339,True,0.0,0.0
2026-08-24 11:09:40.783582,0.04199642916988788,0.06871129629214526,0.1,0.1,0.1,0.1,0.1,0.0482891677231339,True,0.0,0.0
2026-08-24 11:09:40.799721,0.04199642916988788,0.06871129629214526,0.1,0.1,0.1,0.1,0.1,0.0482891677231339,True,0.0,0.0
2026-08-24 11:09:40.817557,0.04199642916988788,0.06871129629214526,0.1,0.1,0.1,0.1,0.1,0.0482891677231339,True,0.0,0.0
2026-08-24 11:09:40.831395,0.04199642916988788,0.06871129629214526,0.1,0.1,0.1,0.1,0.1,0.0482891677231339,True,0.0,0.0
2026-08-24 11:09:40.849145,0.04199642916988788,0.06871129629214526,0.1,0.1,0.1,0.1,0.1,0.0482891677231339,True,0.0,0.0
2026-08-24 11:09:40.864209,0.04199642916988788,0.06871129629214526,0.1,0.1,0.1,0.1,0.1,0.0482891677231339,True,0.0,0.0
2026-08-24 11:09:40.881206,0.04199642916988788,0.06871129629214526,0.1,0.1,0.1,0.1,0.1,0.0482891677231339,True,0.0,0.0
2026-08-24 11:09:40.896724,0.04199642916988788,0.06871129629214526,0.1,0.1,0.1,0.1,0.1,0.0482891677231339,True,0.0,0.0
2026-08-24 11:09:40.911751,0.04199642916988788,0.06871129629214526,0.1,0.1,0.1,0.1,0.1,0.0482891677231339,True,0.0,0.0
2026-08-24 11:09:40.927857,0.04199642916988788,0.06871129629214526,0.1,0.1,0.1,0.1,0.1,0.0482891677231339,True,0.0,0.0
2026-08-24 11:09:40.943275,0.04199642916988788,0.06871129629214526,0.1,0.1,0.1,0.1,0.1,0.0482891677231339,True,0.0,0.0
2026-08-24 11:09:40.962496,0.04199642916988788,0.06871129629214526,0.1,0.1,0.1,0.1,0.1,0.0482891677231339,True,0.0,0.0
2026-08-24 11:09:40.996919,0.041822410451279934,0.06847557129748927,0.1,0.1,0.1,0.1,0.1,0.04810250797766078,True,0.0,0.0
2026-08-24 11:09:41.027014,0.04183536169894042,0.06847557129748927,0.1,0.1,0.1,0.1,0.1,0.048117045575370825,True,-5.0,5.0
2026-08-24 11:09:41.042302,0.04183536169894042,0.06847557129748927,0.1,0.1,0.1,0.1,0.1,0.048117045575370825,True,-5.0,5.0
2026-08-24 11:09:41.052123,0.04218694470435389,0.06847557129748927,0.1,0.1,0.1,0.1,0.1,0.046791103814002845,True,-5.0,5.0
2026-08-24 11:09:41.070058,0.042405278598639046,0.06847557129748927,0.1,0.1,0.1,0.1,0.1,0.04616061024277318,True,-5.0,5.0
2026-08-24 11:09:41.086060,0.042405278598639046,0.06847557129748927,0.1,0.1,0.1,0.1,0.1,0.04616061024277318,True,-5.0,5.0
2026-08-24 11:09:41.101365,0.0427694118836701,0.06847557129748927,0.1,0.1,0.1,0.1,0.1,0.04570125830121363,True,-5.0,5.0
2026-08-24 11:09:41.115912,0.043155795731319016,0.06847557129748927,0.1,0.1,0.1,0.1,0.1,0.0452770427399263,True,-5.0,5.0
2026-08-24 11:09:41.143867,0.04357529468820229,0.06847557129748927,0.1,0.1,0.1,0.1,0.1,0.04487131068842698,True,-5.0,5.0
2026-08-24 11:09:41.193038,0.04389345891365598,0.08158627637713076,0.1,0.1,0.1,0.1,0.08507994364288651,0.04449576649594522,True,0.0,0.0
2026-08-24 11:09:41.248637,0.043898523225838836,0.08162236231413778,0.1,0.1,0.1,0.1,0.08503634252066394,0.044487098081510926,True,0.0,0.0
2026-08-24 11:09:41.260419,0.043898523225838836,0.08162236231413778,0.1,0.1,0.1,0.1,0.08503634252066394,0.044487098081510926,True,0.0,0.0
2026-08-24 11:09:41.277337,0.043898523225838836,0.08162236231413778,0.1,0.1,0.1,0.1,0.08503634252066394,0.044487098081510926,True,0.0,0.0
2026-08-24 11:09:41.293624,0.043898523225838836,0.08162236231413778,0.1,0.1,0.1,0.1,0.08503634252066394,0.044487098081510926,True,0.0,0.0
2026-08-24 11:09:41.306681,0.043898523225838836,0.08162236231413778,0.1,0.1,0.1,0.1,0.08503634252066394,0.044487098081510926,True,0.0,0.0
2026-08-24 11:09:41.323454,0.043898523225838836,0.08162236231413778,0.1,0.1,0.1,0.1,0.08503634252066394,0.044487098081510926,True,0.0,0.0
2026-08-24 11:09:41.337301,0.043898523225838836,0.08162236231413778,0.1,0.1,0.1,0.1,0.08503634252066394,0.044487098081510926,True,0.0,0.0
2026-08-24 11:09:41.353238,0.043898523225838836,0.08162236231413778,0.1,0.1,0.1,0.1,0.08503634252066394,0.044487098081510926,True,0.0,0.0
2026-08-24 11:09:41.368940,0.043898523225838836,0.08162236231413778,0.1,0.1,0.1,0.1,0.08503634252066394,0.044487098081510926,True,0.0,0.0
2026-08-24 11:09:41.386228,0.043898523225838836,0.08162236231413778,0.1,0.1,0.1,0.1,0.08503634252066394,0.044487098081510926,True,0.0,0.0
2026-08-24 11:09:41.400490,0.043898523225838836,0.08162236231413778,0.1,0.1,0.1,0.1,0.08503634252066394,0.044487098081510926,True,0.0,0.0
2026-08-24 11:09:41.418774,0.043898523225838836,0.08162236231413778,0.1,0.1,0.1,0.1,0.08503634252066394,0.044487098081510926,True,0.0,0.0
2026-08-24 11:09:41.434409,0.043898523225838836,0.08162236231413778,0.1,0.1,0.1,0.1,0.08503634252066394,0.044487098081510926,True,0.0,0.0
2026-08-24 11:09:41.449482,0.043898523225838836,0.08162236231413778,0.1,0.1,0.1,0.1,0.08503634252066394,0.044487098081510926,True,0.0,0.0
2026-08-24 11:09:41.466074,0.043898523225838836,0.08162236231413778,0.1,0.1,0.1,0.1,0.08503634252066394,0.044487098081510926,True,0.0,0.0
2026-08-24 11:09:41.479955,0.043898523225838836,0.08162236231413778,0.1,0.1,0.1,0.1,0.08503634252066394,0.044487098081510926,True,0.0,0.0
2026-08-24 11:09:41.495967,0.043898523225838836,0.08162236231413778,0.1,0.1,0.1,0.1,0.08503634252066394,0.044487098081510926,True,0.0,0.0
2026-08-24 11:09:41.511854,0.043898523225838836,0.08162236231413778,0.1,0.1,0.1,0.1,0.08503634252066394,0.044487098081510926,True,0.0,0.0
2026-08-24 11:09:41.529562,0.043898523225838836,0.08162236231413778,0.1,0.1,0.1,0.1,0.08503634252066394,0.044487098081510926,True,0.0,0.0
2026-08-24 11:09:41.545535,0.043898523225838836,0.08162236231413778,0.1,0.1,0.1,0.1,0.08503634252066394,0.044487098081510926,True,0.0,0.0
2026-08-24 11:09:41.561480,0.043898523225838836,0.08162236231413778,0.1,0.1,0.1,0.1,0.08503634252066394,0.044487098081510926,True,0.0,0.0
2026-08-24 11:09:41.577238,0.043898523225838836,0.08162236231413778,0.1,0.1,0.1,0.1,0.08503634252066394,0.044487098081510926,True,0.0,0.0
2026-08-24 11:09:41.622998,0.04438144522483706,0.08233275973927634,0.1,0.1,0.1,0.1,0.0857688663167459,0.04497383459910991,True,0.0,0.0
2026-08-24 11:09:41.638776,0.04438144522483706,0.08233275973927634,0.1,0.1,0.1,0.1,0.0857688663167459,0.04497383459910991,True,0.0,0.0
2026-08-24 11:09:41.658502,0.04438144522483706,0.08233275973927634,0.1,0.1,0.1,0.1,0.0857688663167459,0.04497383459910991,True,-10,10
2026-08-24 11:09:41.680821,0.04438144522483706,0.08233275973927634,0.1,0.1,0.1,0.1,0.0857688663167459,0.04497383459910991,True,-10,10
2026-08-24 11:09:41.704126,0.04438144522483706,0.08233275973927634,0.1,0.1,0.1,0.1,0.0857688663167459,0.04497383459910991,True,-10,10
2026-08-24 11:09:41.720390,0.04438144522483706,0.08233275973927634,0.1,0.1,0.1,0.1,0.0857688663167459,0.04497383459910991,True,-10,10
2026-08-24 11:09:41.736023,0.04438144522483706,0.08233275973927634,0.1,0.1,0.1,0.1,0.0857688663167459,0.04497383459910991,True,-10,10
2026-08-24 11:09:41.751790,0.04438144522483706,0.08233275973927634,0.1,0.1,0.1,0.1,0.0857688663167459,0.04497383459910991,True,-10,10
2026-08-24 11:09:41.765626,0.04438144522483706,0.08233275973927634,0.1,0.1,0.1,0.1,0.0857688663167459,0.04497383459910991,True,-10,10
2026-08-24 11:09:41.781293,0.04438144522483706,0.08233275973927634,0.1,0.1,0.1,0.1,0.0857688663167459,0.04497383459910991,True,-10,10
2026-08-24 11:09:41.798482,0.04438144522483706,0.08233275973927634,0.1,0.1,0.1,0.1,0.0857688663167459,0.04497383459910991,True,-10,10
2026-08-24 11:09:41.815357,0.04438144522483706,0.08233275973927634,0.1,0.1,0.1,0.1,0.0857688663167459,0.04497383459910991,True,-10,10
2026-08-24 11:09:41.831333,0.04438144522483706,0.08233275973927634,0.1,0.1,0.1,0.1,0.0857688663167459,0.04497383459910991,True,-10,10
2026-08-24 11:09:41.846492,0.04438144522483706,0.08233275973927634,0.1,0.1,0.1,0.1,0.0857688663167459,0.04497383459910991,True,-10,10
2026-08-24 11:09:41.860357,0.04438144522483706,0.08233275973927634,0.1,0.1,0.1,0.1,0.0857688663167459,0.04497383459910991,True,-10,10
2026-08-24 11:09:41.876244,0.04438144522483706,0.08233275973927634,0.1,0.1,0.1,0.1,0.0857688663167459,0.04497383459910991,True,-10,10
2026-08-24 11:09:41.892989,0.04438144522483706,0.08233275973927634,0.1,0.1,0.1,0.1,0.0857688663167459,0.04497383459910991,True,-10,10
2026-08-24 11:09:41.910215,0.04438144522483706,0.08233275973927634,0.1,0.1,0.1,0.1,0.0857688663167459,0.04497383459910991,True,-10,10
2026-08-24 11:09:41.923745,0.04438144522483706,0.08233275973927634,0.1,0.1,0.1,0.1,0.0857688663167459,0.04497383459910991,True,-10,10
2026-08-24 11:09:41.939580,0.04438144522483706,0.08233275973927634,0.1,0.1,0.1,0.1,0.0857688663167459,0.04497383459910991,True,-10,10
2026-08-24 11:09:41.957464,0.04438144522483706,0.08233275973927634,0.1,0.1,0.1,0.1,0.0857688663167459,0.04497383459910991,True,-10,10
2026-08-24 11:09:41.973387,0.04438144522483706,0.08233275973927634,0.1,0.1,0.1,0.1,0.0857688663167459,0.04497383459910991,True,-10,10
2026-08-24 11:09:41.989172,0.04438144522483706,0.08233275973927634,0.1,0.1,0.1,0.1,0.0857688663167459,0.04497383459910991,True,-10,10
2026-08-24 11:09:42.005127,0.04438144522483706,0.08233275973927634,0.1,0.1,0.1,0.1,0.0857688663167459,0.04497383459910991,True,-10,10
2026-08-24 11:09:42.019006,0.04438144522483706,0.08233275973927634,0.1,0.1,0.1,0.1,0.0857688663167459,0.04497383459910991,True,-10,10
2026-08-24 11:09:42.037045,0.04438144522483706,0.08233275973927634,0.1,0.1,0.1,0.1,0.0857688663167459,0.04497383459910991,True,-10,10
2026-08-24 11:09:42.050879,0.04438144522483706,0.08233275973927634,0.1,0.1,0.1,0.1,0.0857688663167459,0.04497383459910991,True,-10,10
2026-08-24 11:09:42.068171,0.04438144522483706,0.08233275973927634,0.1,0.1,0.1,0.1,0.0857688663167459,0.04497383459910991,True,-10,10
2026-08-24 11:09:42.083443,0.04438144522483706,0.08233275973927634,0.1,0.1,0.1,0.1,0.0857688663167459,0.04497383459910991,True,-10,10
2026-08-24 11:09:42.100158,0.04438144522483706,0.08233275973927634,0.1,0.1,0.1,0.1,0.0857688663167459,0.04497383459910991,True,-10,10
2026-08-24 11:09:42.115357,0.04438144522483706,0.08233275973927634,0.1,0.1,0.1,0.1,0.0857688663167459,0.04497383459910991,True,-10,10
2026-08-24 11:09:42.131186,0.04438144522483706,0.08233275973927634,0.1,0.1,0.1,0.1,0.0857688663167459,0.04497383459910991,True,-10,10
2026-08-24 11:09:42.147216,0.04438144522483706,0.08233275973927634,0.1,0.1,0.1,0.1,0.0857688663167459,0.04497383459910991,True,-10,10
2026-08-24 11:09:42.161275,0.04438144522483706,0.08233275973927634,0.1,0.1,0.1,0.1,0.0857688663167459,0.04497383459910991,True,-10,10
2026-08-24 11:09:42.176668,0.04438144522483706,0.08233275973927634,0.1,0.1,0.1,0.1,0.0857688663167459,0.04497383459910991,True,-10,10
2026-08-24 11:09:42.193679,0.04438144522483706,0.08233275973927634,0.1,0.1,0.1,0.1,0.0857688663167459,0.04497383459910991,True,-10,10
2026-08-24 11:09:42.210729,0.04438144522483706,0.08233275973927634,0.1,0.1,0.1,0.1,0.0857688663167459,0.04497383459910991,True,-10,10
2026-08-24 11:09:42.223841,0.04438144522483706,0.08233275973927634,0.1,0.1,0.1,0.1,0.0857688663167459,0.04497383459910991,True,-10,10
2026-08-24 11:09:42.239406,0.04438144522483706,0.08233275973927634,0.1,0.1,0.1,0.1,0.0857688663167459,0.04497383459910991,True,-10,10
2026-08-24 11:09:42.257316,0.04438144522483706,0.08233275973927634,0.1,0.1,0.1,0.1,0.0857688663167459,0.04497383459910991,True,-10,10
2026-08-24 11:09:42.271225,0.04438144522483706,0.08233275973927634,0.1,0.1,0.1,0.1,0.0857688663167459,0.04497383459910991,True,-10,10
2026-08-24 11:09:42.287752,0.04438144522483706,0.08233275973927634,0.1,0.1,0.1,0.1,0.0857688663167459,0.04497383459910991,True,-10,10
2026-08-24 11:09:42.304096,0.04438144522483706,0.08233275973927634,0.1,0.1,0.1,0.1,0.0857688663167459,0.04497383459910991,True,-10,10
2026-08-24 11:09:42.318914,0.04438144522483706,0.08233275973927634,0.1,0.1,0.1,0.1,0.0857688663167459,0.04497383459910991,True,-10,10
2026-08-24 11:09:42.336813,0.04438144522483706,0.08233275973927634,0.1,0.1,0.1,0.1,0.0857688663167459,0.04497383459910991,True,-10,10
2026-08-24 11:09:42.351088,0.04438144522483706,0.08233275973927634,0.1,0.1,0.1,0.1,0.0857688663167459,0.04497383459910991,True,-10,10
2026-08-24 11:09:42.367070,0.04438144522483706,0.08233275973927634,0.1,0.1,0.1,0.1,0.0857688663167459,0.04497383459910991,True,-10,10
2026-08-24 11:09:42.383826,0.04438144522483706,0.08233275973927634,0.1,0.1,0.1,0.1,0.0857688663167459,0.04497383459910991,True,-10,10
2026-08-24 11:09:42.398647,0.04438144522483706,0.08233275973927634,0.1,0.1,0.1,0.1,0.0857688663167459,0.04497383459910991,True,-10,10
2026-08-24 11:09:42.414402,0.04438144522483706,0.08233275973927634,0.1,0.1,0.1,0.1,0.0857688663167459,0.04497383459910991,True,-10,10
2026-08-24 11:09:42.431355,0.04438144522483706,0.08233275973927634,0.1,0.1,0.1,0.1,0.0857688663167459,0.04497383459910991,True,-10,10
2026-08-24 11:09:42.445243,0.04438144522483706,0.08233275973927634,0.1,0.1,0.1,0.1,0.0857688663167459,0.04497383459910991,True,-10,10
2026-08-24 11:09:42.461114,0.04438144522483706,0.08233275973927634,0.1,0.1,0.1,0.1,0.0857688663167459,0.04497383459910991,True,-10,10
2026-08-24 11:09:42.477045,0.04438144522483706,0.08233275973927634,0.1,0.1,0.1,0.1,0.0857688663167459,0.04497383459910991,True,-10,10
2026-08-24 11:09:42.492694,0.04438144522483706,0.08233275973927634,0.1,0.1,0.1,0.1,0.0857688663167459,0.04497383459910991,True,-10,10
2026-08-24 11:09:42.510291,0.04438144522483706,0.08233275973927634,0.1,0.1,0.1,0.1,0.0857688663167459,0.04497383459910991,True,-10,10
2026-08-24 11:09:42.526757,0.04438144522483706,0.08233275973927634,0.1,0.1,0.1,0.1,0.0857688663167459,0.04497383459910991,True,-10,10
2026-08-24 11:09:42.541877,0.04438144522483706,0.08233275973927634,0.1,0.1,0.1,0.1,0.0857688663167459,0.04497383459910991,True,-10,10
2026-08-24 11:09:42.555723,0.04438144522483706,0.08233275973927634,0.1,0.1,0.1,0.1,0.0857688663167459,0.04497383459910991,True,-10,10
2026-08-24 11:09:42.573060,0.04438144522483706,0.08233275973927634,0.1,0.1,0.1,0.1,0.0857688663167459,0.04497383459910991,True,-10,10
2026-08-24 11:09:42.589723,0.04438144522483706,0.08233275973927634,0.1,0.1,0.1,0.1,0.0857688663167459,0.04497383459910991,True,-10,10
2026-08-24 11:09:42.604858,0.04438144522483706,0.08233275973927634,0.1,0.1,0.1,0.1,0.0857688663167459,0.04497383459910991,True,-10,10
2026-08-24 11:09:42.619404,0.04438144522483706,0.08233275973927634,0.1,0.1,0.1,0.1,0.0857688663167459,0.04497383459910991,True,-10,10
2026-08-24 11:09:42.637041,0.04438144522483706,0.08233275973927634,0.1,0.1,0.1,0.1,0.0857688663167459,0.04497383459910991,True,-10,10
2026-08-24 11:09:42.652904,0.04438144522483706,0.08233275973927634,0.1,0.1,0.1,0.1,0.0857688663167459,0.04497383459910991,True,-10,10
2026-08-24 11:09:42.704097,0.1,0.1,0.1,0.1,0.05594918897382876,0.048696162005041906,0.1,0.1,True,0.0,0.0
2026-08-24 11:09:42.720153,0.1,0.1,0.1,0.1,0.05594918897382876,0.048696162005041906,0.1,0.1,True,0.0,0.0
2026-08-24 11:09:42.763170,0.1,0.1,0.1,0.1,0.05607317856847008,0.048797125744393266,0.1,0.1,True,0.0,0.0
2026-08-24 11:09:42.779382,0.1,0.1,0.1,0.1,0.05607317856847008,0.048797125744393266,0.1,0.1,True,0.0,0.0
2026-08-24 11:09:42.793140,0.1,0.1,0.1,0.1,0.05607317856847008,0.048797125744393266,0.1,0.1,True,0.0,0.0
2026-08-24 11:09:42.811129,0.1,0.1,0.1,0.1,0.05607317856847008,0.048797125744393266,0.1,0.1,True,0.0,0.0
2026-08-24 11:09:42.828496,0.1,0.1,0.1,0.1,0.05607317856847008,0.048797125744393266,0.1,0.1,True,0.0,0.0
2026-08-24 11:09:42.843462,0.1,0.1,0.1,0.1,0.05607317856847008,0.048797125744393266,0.1,0.1,True,0.0,0.0
2026-08-24 11:09:42.858573,0.1,0.1,0.1,0.1,0.05607317856847008,0.048797125744393266,0.1,0.1,True,0.0,0.0
2026-08-24 11:09:42.874446,0.1,0.1,0.1,0.1,0.05607317856847008,0.048797125744393266,0.1,0.1,True,0.0,0.0
2026-08-24 11:09:42.890355,0.1,0.1,0.1,0.1,0.05607317856847008,0.048797125744393266,0.1,0.1,True,0.0,0.0
2026-08-24 11:09:42.906051,0.1,0.1,0.1,0.1,0.05607317856847008,0.048797125744393266,0.1,0.1,True,0.0,0.0
2026-08-24 11:09:42.922291,0.1,0.1,0.1,0.1,0.05607317856847008,0.048797125744393266,0.1,0.1,True,0.0,0.0
2026-08-24 11:09:42.937608,0.1,0.1,0.1,0.1,0.05607317856847008,0.048797125744393266,0.1,0.1,True,0.0,0.0
2026-08-24 11:09:42.952069,0.1,0.1,0.1,0.1,0.05607317856847008,0.048797125744393266,0.1,0.1,True,0.0,0.0
2026-08-24 11:09:42.968646,0.1,0.1,0.1,0.1,0.05607317856847008,0.048797125744393266,0.1,0.1,True,0.0,0.0
2026-08-24 11:09:42.984570,0.1,0.1,0.1,0.1,0.05607317856847008,0.048797125744393266,0.1,0.1,True,0.0,0.0
2026-08-24 11:09:43.000478,0.1,0.1,0.1,0.1,0.05607317856847008,0.048797125744393266,0.1,0.1,True,0.0,0.0
2026-08-24 11:09:43.016405,0.1,0.1,0.1,0.1,0.05607317856847008,0.048797125744393266,0.1,0.1,True,0.0,0.0
2026-08-24 11:09:43.032349,0.1,0.1,0.1,0.1,0.05607317856847008,0.048797125744393266,0.1,0.1,True,0.0,0.0
2026-08-24 11:09:43.048223,0.1,0.1,0.1,0.1,0.05607317856847008,0.048797125744393266,0.1,0.1,True,0.0,0.0
2026-08-24 11:09:43.064563,0.1,0.1,0.1,0.1,0.05607317856847008,0.048797125744393266,0.1,0.1,True,0.0,0.0
2026-08-24 11:09:43.079265,0.1,0.1,0.1,0.1,0.05607317856847008,0.048797125744393266,0.1,0.1,True,0.0,0.0
2026-08-24 11:09:43.098211,0.1,0.1,0.1,0.1,0.05607317856847008,0.048797125744393266,0.1,0.1,True,0.0,0.0
2026-08-24 11:09:43.129871,0.1,0.1,0.1,0.1,0.0565572544978755,0.049151284537314786,0.1,0.1,True,0.0,0.0
2026-08-24 11:09:43.160809,0.1,0.1,0.1,0.1,0.0565572544978755,0.049151284537314786,0.1,0.1,True,0.0,0.0
2026-08-24 11:09:43.176730,0.1,0.1,0.1,0.1,0.0565572544978755,0.049151284537314786,0.1,0.1,True,-10,10
2026-08-24 11:09:43.197960,0.1,0.1,0.1,0.1,0.0565572544978755,0.049151284537314786,0.1,0.1,True,-10,10
2026-08-24 11:09:43.207087,0.1,0.1,0.1,0.1,0.0565572544978755,0.049151284537314786,0.1,0.1,True,-10,10
2026-08-24 11:09:43.221452,0.1,0.1,0.1,0.1,0.0565572544978755,0.049151284537314786,0.1,0.1,True,-10,10
2026-08-24 11:09:43.237237,0.1,0.1,0.1,0.1,0.0565572544978755,0.049151284537314786,0.1,0.1,True,-10,10
2026-08-24 11:09:43.254306,0.1,0.1,0.1,0.1,0.0565572544978755,0.049151284537314786,0.1,0.1,True,-10,10
2026-08-24 11:09:43.271468,0.1,0.1,0.1,0.1,0.0565572544978755,0.049151284537314786,0.1,0.1,True,-10,10
2026-08-24 11:09:43.284718,0.1,0.1,0.1,0.1,0.0565572544978755,0.049151284537314786,0.1,0.1,True,-10,10
2026-08-24 11:09:43.299863,0.1,0.1,0.1,0.1,0.0565572544978755,0.049151284537314786,0.1,0.1,True,-10,10
2026-08-24 11:09:43.317977,0.1,0.1,0.1,0.1,0.0565572544978755,0.049151284537314786,0.1,0.1,True,-10,10
2026-08-24 11:09:43.333299,0.1,0.1,0.1,0.1,0.0565572544978755,0.049151284537314786,0.1,0.1,True,-10,10
2026-08-24 11:09:43.347864,0.1,0.1,0.1,0.1,0.0565572544978755,0.049151284537314786,0.1,0.1,True,-10,10
2026-08-24 11:09:43.365704,0.1,0.1,0.1,0.1,0.0565572544978755,0.049151284537314786,0.1,0.1,True,-10,10
2026-08-24 11:09:43.379449,0.1,0.1,0.1,0.1,0.0565572544978755,0.049151284537314786,0.1,0.1,True,-10,10
2026-08-24 11:09:43.397811,0.1,0.1,0.1,0.1,0.0565572544978755,0.049151284537314786,0.1,0.1,True,-10,10
2026-08-24 11:09:43.412458,0.1,0.1,0.1,0.1,0.0565572544978755,0.049151284537314786,0.1,0.1,True,-10,10
2026-08-24 11:09:43.428340,0.1,0.1,0.1,0.1,0.0565572544978755,0.049151284537314786,0.1,0.1,True,-10,10
2026-08-24 11:09:43.443951,0.1,0.1,0.1,0.1,0.0565572544978755,0.049151284537314786,0.1,0.1,True,-10,10
2026-08-24 11:09:43.462132,0.1,0.1,0.1,0.1,0.0565572544978755,0.049151284537314786,0.1,0.1,True,-10,10
2026-08-24 11:09:43.476027,0.1,0.1,0.1,0.1,0.0565572544978755,0.049151284537314786,0.1,0.1,True,-10,10
2026-08-24 11:09:43.492447,0.1,0.1,0.1,0.1,0.0565572544978755,0.049151284537314786,0.1,0.1,True,-10,10
2026-08-24 11:09:43.506475,0.1,0.1,0.1,0.1,0.0565572544978755,0.049151284537314786,0.1,0.1,True,-10,10
2026-08-24 11:09:43.520740,0.1,0.1,0.1,0.1,0.0565572544978755,0.049151284537314786,0.1,0.1,True,-10,10
2026-08-24 11:09:43.536401,0.1,0.1,0.1,0.1,0.0565572544978755,0.049151284537314786,0.1,0.1,True,-10,10
2026-08-24 11:09:43.554199,0.1,0.1,0.1,0.1,0.0565572544978755,0.049151284537314786,0.1,0.1,True,-10,10
2026-08-24 11:09:43.569535,0.1,0.1,0.1,0.1,0.0565572544978755,0.049151284537314786,0.1,0.1,True,-10,10
2026-08-24 11:09:43.585731,0.1,0.1,0.1,0.1,0.0565572544978755,0.049151284537314786,0.1,0.1,True,-10,10
2026-08-24 11:09:43.600108,0.1,0.1,0.1,0.1,0.0565572544978755,0.049151284537314786,0.1,0.1,True,-10,10
2026-08-24 11:09:43.616048,0.1,0.1,0.1,0.1,0.0565572544978755,0.049151284537314786,0.1,0.1,True,-10,10
2026-08-24 11:09:43.633511,0.1,0.1,0.1,0.1,0.0565572544978755,0.049151284537314786,0.1,0.1,True,-10,10
2026-08-24 11:09:43.647458,0.1,0.1,0.1,0.1,0.0565572544978755,0.049151284537314786,0.1,0.1,True,-10,10
2026-08-24 11:09:43.664062,0.1,0.1,0.1,0.1,0.0565572544978755,0.049151284537314786,0.1,0.1,True,-10,10
2026-08-24 11:09:43.679257,0.1,0.1,0.1,0.1,0.0565572544978755,0.049151284537314786,0.1,0.1,True,-10,10
2026-08-24 11:09:43.695093,0.1,0.1,0.1,0.1,0.0565572544978755,0.049151284537314786,0.1,0.1,True,-10,10
2026-08-24 11:09:43.712661,0.1,0.1,0.1,0.1,0.0565572544978755,0.049151284537314786,0.1,0.1,True,-10,10
2026-08-24 11:09:43.729307,0.1,0.1,0.1,0.1,0.0565572544978755,0.049151284537314786,0.1,0.1,True,-10,10
2026-08-24 11:09:43.742956,0.1,0.1,0.1,0.1,0.0565572544978755,0.049151284537314786,0.1,0.1,True,-10,10
2026-08-24 11:09:43.760856,0.1,0.1,0.1,0.1,0.0565572544978755,0.049151284537314786,0.1,0.1,True,-10,10
2026-08-24 11:09:43.774712,0.1,0.1,0.1,0.1,0.0565572544978755,0.049151284537314786,0.1,0.1,True,-10,10
2026-08-24 11:09:43.792880,0.1,0.1,0.1,0.1,0.0565572544978755,0.049151284537314786,0.1,0.1,True,-10,10
2026-08-24 11:09:43.808799,0.1,0.1,0.1,0.1,0.0565572544978755,0.049151284537314786,0.1,0.1,True,-10,10
2026-08-24 11:09:43.825094,0.1,0.1,0.1,0.1,0.0565572544978755,0.049151284537314786,0.1,0.1,True,-10,10
2026-08-24 11:09:43.841311,0.1,0.1,0.1,0.1,0.0565572544978755,0.049151284537314786,0.1,0.1,True,-10,10
2026-08-24 11:09:43.856417,0.1,0.1,0.1,0.1,0.0565572544978755,0.049151284537314786,0.1,0.1,True,-10,10
2026-08-24 11:09:43.872298,0.1,0.1,0.1,0.1,0.0565572544978755,0.049151284537314786,0.1,0.1,True,-10,10
2026-08-24 11:09:43.887431,0.1,0.1,0.1,0.1,0.0565572544978755,0.049151284537314786,0.1,0.1,True,-10,10
2026-08-24 11:09:43.901322,0.1,0.1,0.1,0.1,0.0565572544978755,0.049151284537314786,0.1,0.1,True,-10,10
2026-08-24 11:09:43.919201,0.1,0.1,0.1,0.1,0.0565572544978755,0.049151284537314786,0.1,0.1,True,-10,10
2026-08-24 11:09:43.933047,0.1,0.1,0.1,0.1,0.0565572544978755,0.049151284537314786,0.1,0.1,True,-10,10
2026-08-24 11:09:43.948693,0.1,0.1,0.1,0.1,0.0565572544978755,0.049151284537314786,0.1,0.1,True,-10,10
2026-08-24 11:09:43.964792,0.1,0.1,0.1,0.1,0.0565572544978755,0.049151284537314786,0.1,0.1,True,-10,10
2026-08-24 11:09:43.982573,0.1,0.1,0.1,0.1,0.0565572544978755,0.049151284537314786,0.1,0.1,True,-10,10
2026-08-24 11:09:43.996898,0.1,0.1,0.1,0.1,0.0565572544978755,0.049151284537314786,0.1,0.1,True,-10,10
2026-08-24 11:09:44.013605,0.1,0.1,0.1,0.1,0.0565572544978755,0.049151284537314786,0.1,0.1,True,-10,10
2026-08-24 11:09:44.028234,0.1,0.1,0.1,0.1,0.0565572544978755,0.049151284537314786,0.1,0.1,True,-10,10
2026-08-24 11:09:44.046416,0.1,0.1,0.1,0.1,0.0565572544978755,0.049151284537314786,0.1,0.1,True,-10,10
2026-08-24 11:09:44.060181,0.1,0.1,0.1,0.1,0.0565572544978755,0.049151284537314786,0.1,0.1,True,-10,10
2026-08-24 11:09:44.076297,0.1,0.1,0.1,0.1,0.0565572544978755,0.049151284537314786,0.1,0.1,True,-10,10
2026-08-24 11:09:44.091986,0.1,0.1,0.1,0.1,0.0565572544978755,0.049151284537314786,0.1,0.1,True,-10,10
2026-08-24 11:09:44.107999,0.1,0.1,0.1,0.1,0.0565572544978755,0.049151284537314786,0.1,0.1,True,-10,10
2026-08-24 11:09:44.123891,0.1,0.1,0.1,0.1,0.0565572544978755,0.049151284537314786,0.1,0.1,True,-10,10
2026-08-24 11:09:44.139605,0.1,0.1,0.1,0.1,0.0565572544978755,0.049151284537314786,0.1,0.1,True,-10,10
2026-08-24 11:09:44.158572,0.1,0.1,0.1,0.1,0.0565572544978755,0.049151284537314786,0.1,0.1,True,-10,10
2026-08-24 11:09:44.173566,0.1,0.1,0.1,0.1,0.0565572544978755,0.049151284537314786,0.1,0.1,True,-10,10
2026-08-24 11:09:44.223567,0.1,0.1,0.0586105913561634,0.04087122173121876,0.1,0.1,0.1,0.1,True,0.0,0.0
2026-08-24 11:09:44.235789,0.1,0.1,0.0586105913561634,0.04087122173121876,0.1,0.1,0.1,0.1,True,0.0,0.0
2026-08-24 11:09:44.269669,0.1,0.1,0.05853108741539936,0.04080709995074472,0.1,0.1,0.1,0.1,True,0.0,0.0
2026-08-24 11:09:44.284251,0.1,0.1,0.05853108741539936,0.04080709995074472,0.1,0.1,0.1,0.1,True,0.0,0.0
2026-08-24 11:09:44.300877,0.1,0.1,0.05853108741539936,0.04080709995074472,0.1,0.1,0.1,0.1,True,0.0,0.0
2026-08-24 11:09:44.315559,0.1,0.1,0.05853108741539936,0.04080709995074472,0.1,0.1,0.1,0.1,True,0.0,0.0
2026-08-24 11:09:44.331736,0.1,0.1,0.05853108741539936,0.04080709995074472,0.1,0.1,0.1,0.1,True,0.0,0.0
2026-08-24 11:09:44.344895,0.1,0.1,0.05853108741539936,0.04080709995074472,0.1,0.1,0.1,0.1,True,0.0,0.0
2026-08-24 11:09:44.361767,0.1,0.1,0.05853108741539936,0.04080709995074472,0.1,0.1,0.1,0.1,True,0.0,0.0
2026-08-24 11:09:44.378411,0.1,0.1,0.05853108741539936,0.04080709995074472,0.1,0.1,0.1,0.1,True,0.0,0.0
2026-08-24 11:09:44.393529,0.1,0.1,0.05853108741539936,0.04080709995074472,0.1,0.1,0.1,0.1,True,0.0,0.0
2026-08-24 11:09:44.410177,0.1,0.1,0.05853108741539936,0.04080709995074472,0.1,0.1,0.1,0.1,True,0.0,0.0
2026-08-24 11:09:44.426063,0.1,0.1,0.05853108741539936,0.04080709995074472,0.1,0.1,0.1,0.1,True,0.0,0.0
2026-08-24 11:09:44.440161,0.1,0.1,0.05853108741539936,0.04080709995074472,0.1,0.1,0.1,0.1,True,0.0,0.0
2026-08-24 11:09:44.455718,0.1,0.1,0.05853108741539936,0.04080709995074472,0.1,0.1,0.1,0.1,True,0.0,0.0
2026-08-24 11:09:44.473664,0.1,0.1,0.05853108741539936,0.04080709995074472,0.1,0.1,0.1,0.1,True,0.0,0.0
2026-08-24 11:09:44.489808,0.1,0.1,0.05853108741539936,0.04080709995074472,0.1,0.1,0.1,0.1,True,0.0,0.0
2026-08-24 11:09:44.505370,0.1,0.1,0.05853108741539936,0.04080709995074472,0.1,0.1,0.1,0.1,True,0.0,0.0
2026-08-24 11:09:44.519673,0.1,0.1,0.05853108741539936,0.04080709995074472,0.1,0.1,0.1,0.1,True,0.0,0.0
2026-08-24 11:09:44.538241,0.1,0.1,0.05853108741539936,0.04080709995074472,0.1,0.1,0.1,0.1,True,0.0,0.0
2026-08-24 11:09:44.552708,0.1,0.1,0.05853108741539936,0.04080709995074472,0.1,0.1,0.1,0.1,True,0.0,0.0
2026-08-24 11:09:44.569338,0.1,0.1,0.05853108741539936,0.04080709995074472,0.1,0.1,0.1,0.1,True,0.0,0.0
2026-08-24 11:09:44.620907,0.1,0.1,0.05819145235474802,0.04051983290216063,0.1,0.1,0.1,0.1,True,0.0,0.0
2026-08-24 11:09:44.631555,0.1,0.1,0.05819145235474802,0.04051983290216063,0.1,0.1,0.1,0.1,True,0.0,0.0
2026-08-24 11:09:44.671517,0.1,0.1,0.05819769196066271,0.04050622336052015,0.1,0.1,0.1,0.1,True,10,10
2026-08-24 11:09:44.698571,0.1,0.1,0.05819769196066271,0.04050622336052015,0.1,0.1,0.1,0.1,True,10,10
2026-08-24 11:09:44.711052,0.1,0.1,0.05819769196066271,0.04050622336052015,0.1,0.1,0.1,0.1,True,10,10
2026-08-24 11:09:44.727510,0.1,0.1,0.05819769196066271,0.04050622336052015,0.1,0.1,0.1,0.1,True,-10,10
2026-08-24 11:09:44.748939,0.1,0.1,0.05819769196066271,0.04050622336052015,0.1,0.1,0.1,0.1,True,-10,10
2026-08-24 11:09:44.759972,0.1,0.1,0.05819769196066271,0.04050622336052015,0.1,0.1,0.1,0.1,True,-10,10
2026-08-24 11:09:44.774212,0.1,0.1,0.05819769196066271,0.04050622336052015,0.1,0.1,0.1,0.1,True,-10,10
2026-08-24 11:09:44.790468,0.1,0.1,0.05819769196066271,0.04050622336052015,0.1,0.1,0.1,0.1,True,-10,10
2026-08-24 11:09:44.806565,0.1,0.1,0.05819769196066271,0.04050622336052015,0.1,0.1,0.1,0.1,True,-10,10
2026-08-24 11:09:44.821842,0.1,0.1,0.05819769196066271,0.04050622336052015,0.1,0.1,0.1,0.1,True,-10,10
2026-08-24 11:09:44.841380,0.1,0.1,0.05819769196066271,0.04050622336052015,0.1,0.1,0.1,0.1,True,-10,10
2026-08-24 11:09:44.852657,0.1,0.1,0.05819769196066271,0.04050622336052015,0.1,0.1,0.1,0.1,True,-10,10
2026-08-24 11:09:44.867608,0.1,0.1,0.05819769196066271,0.04050622336052015,0.1,0.1,0.1,0.1,True,-10,10
2026-08-24 11:09:44.884908,0.1,0.1,0.05819769196066271,0.04050622336052015,0.1,0.1,0.1,0.1,True,-10,10
2026-08-24 11:09:44.902454,0.1,0.1,0.05819769196066271,0.04050622336052015,0.1,0.1,0.1,0.1,True,-10,10
2026-08-24 11:09:44.915953,0.1,0.1,0.05819769196066271,0.04050622336052015,0.1,0.1,0.1,0.1,True,-10,10
2026-08-24 11:09:44.934659,0.1,0.1,0.05819769196066271,0.04050622336052015,0.1,0.1,0.1,0.1,True,-10,10
2026-08-24 11:09:44.949885,0.1,0.1,0.05819769196066271,0.04050622336052015,0.1,0.1,0.1,0.1,True,-10,10
2026-08-24 11:09:44.964859,0.1,0.1,0.05819769196066271,0.04050622336052015,0.1,0.1,0.1,0.1,True,-10,10
2026-08-24 11:09:44.978446,0.1,0.1,0.05819769196066271,0.04050622336052015,0.1,0.1,0.1,0.1,True,-10,10
2026-08-24 11:09:44.996011,0.1,0.1,0.05819769196066271,0.04050622336052015,0.1,0.1,0.1,0.1,True,-10,10
2026-08-24 11:09:45.012397,0.1,0.1,0.05819769196066271,0.04050622336052015,0.1,0.1,0.1,0.1,True,-10,10
2026-08-24 11:09:45.026254,0.1,0.1,0.05819769196066271,0.04050622336052015,0.1,0.1,0.1,0.1,True,-10,10
2026-08-24 11:09:45.044120,0.1,0.1,0.05819769196066271,0.04050622336052015,0.1,0.1,0.1,0.1,True,-10,10
2026-08-24 11:09:45.059412,0.1,0.1,0.05819769196066271,0.04050622336052015,0.1,0.1,0.1,0.1,True,-10,10
2026-08-24 11:09:45.075728,0.1,0.1,0.05819769196066271,0.04050622336052015,0.1,0.1,0.1,0.1,True,-10,10
2026-08-24 11:09:45.093813,0.1,0.1,0.05819769196066271,0.04050622336052015,0.1,0.1,0.1,0.1,True,-10,10
2026-08-24 11:09:45.107678,0.1,0.1,0.05819769196066271,0.04050622336052015,0.1,0.1,0.1,0.1,True,-10,10
2026-08-24 11:09:45.124725,0.1,0.1,0.05819769196066271,0.04050622336052015,0.1,0.1,0.1,0.1,True,-10,10
2026-08-24 11:09:45.140984,0.1,0.1,0.05819769196066271,0.04050622336052015,0.1,0.1,0.1,0.1,True,-10,10
2026-08-24 11:09:45.154859,0.1,0.1,0.05819769196066271,0.04050622336052015,0.1,0.1,0.1,0.1,True,-10,10
2026-08-24 11:09:45.169923,0.1,0.1,0.05819769196066271,0.04050622336052015,0.1,0.1,0.1,0.1,True,-10,10
2026-08-24 11:09:45.187301,0.1,0.1,0.05819769196066271,0.04050622336052015,0.1,0.1,0.1,0.1,True,-10,10
2026-08-24 11:09:45.201869,0.1,0.1,0.05819769196066271,0.04050622336052015,0.1,0.1,0.1,0.1,True,-10,10
2026-08-24 11:09:45.216316,0.1,0.1,0.05819769196066271,0.04050622336052015,0.1,0.1,0.1,0.1,True,-10,10
2026-08-24 11:09:45.233278,0.1,0.1,0.05819769196066271,0.04050622336052015,0.1,0.1,0.1,0.1,True,-10,10
2026-08-24 11:09:45.249932,0.1,0.1,0.05819769196066271,0.04050622336052015,0.1,0.1,0.1,0.1,True,-10,10
2026-08-24 11:09:45.266048,0.1,0.1,0.05819769196066271,0.04050622336052015,0.1,0.1,0.1,0.1,True,-10,10
2026-08-24 11:09:45.282539,0.1,0.1,0.05819769196066271,0.04050622336052015,0.1,0.1,0.1,0.1,True,-10,10
2026-08-24 11:09:45.296254,0.09561275117132985,0.1,0.05819769196066271,0.04050622336052015,0.1,0.1,0.1,0.1,True,-10,10
2026-08-24 11:09:45.315690,0.08967137694580357,0.1,0.05819769196066271,0.04050622336052015,0.1,0.1,0.1,0.1,True,-10,10
2026-08-24 11:09:45.329518,0.07967979622980557,0.1,0.05819769196066271,0.04050622336052015,0.1,0.1,0.1,0.1,True,-10,10
2026-08-24 11:09:45.349468,0.07967979622980557,0.1,0.05819769196066271,0.04050622336052015,0.1,0.1,0.1,0.1,True,-10,10
2026-08-24 11:09:45.362453,0.07237243076376018,0.1,0.05819769196066271,0.04050622336052015,0.1,0.1,0.1,0.1,True,-10,10
2026-08-24 11:09:45.381663,0.07237243076376018,0.1,0.05819769196066271,0.04050622336052015,0.1,0.1,0.1,0.1,True,-10,10
2026-08-24 11:09:45.391368,0.0658211295751694,0.1,0.05819769196066271,0.04050622336052015,0.1,0.1,0.1,0.1,True,-10,10
2026-08-24 11:09:45.410201,0.0658211295751694,0.1,0.05819769196066271,0.04050622336052015,0.1,0.1,0.1,0.1,True,-10,10
2026-08-24 11:09:45.424530,0.06077895366293948,0.1,0.05819769196066271,0.04050622336052015,0.1,0.1,0.1,0.1,True,-10,10
2026-08-24 11:09:45.441095,0.05841427683534842,0.1,0.05819769196066271,0.04050622336052015,0.1,0.1,0.1,0.1,True,-10,10
2026-08-24 11:09:45.458457,0.05626252301932155,0.1,0.05819769196066271,0.04050622336052015,0.1,0.1,0.1,0.1,True,-10,10
2026-08-24 11:09:45.474126,0.05433180075390542,0.1,0.05819769196066271,0.04050622336052015,0.1,0.1,0.1,0.1,True,-10,10
2026-08-24 11:09:45.492768,0.05433180075390542,0.1,0.05819769196066271,0.04050622336052015,0.1,0.1,0.1,0.1,True,-10,10
2026-08-24 11:09:45.502287,0.05116583518713585,0.1,0.05819769196066271,0.04050622336052015,0.1,0.1,0.1,0.1,True,-10,10
2026-08-24 11:09:45.520176,0.05116583518713585,0.1,0.05819769196066271,0.04050622336052015,0.1,0.1,0.1,0.1,True,-10,10
2026-08-24 11:09:45.535801,0.04852721504089505,0.1,0.05819769196066271,0.04050622336052015,0.1,0.1,0.1,0.1,True,-10,10
2026-08-24 11:09:45.587573,0.04852721504089505,0.04117645750603516,0.0777831317781553,0.1,0.1,0.1,0.1,0.1,True,0.0,0.0
2026-08-24 11:09:45.597985,0.04852721504089505,0.04117645750603516,0.0777831317781553,0.1,0.1,0.1,0.1,0.1,True,0.0,0.0
2026-08-24 11:09:45.612444,0.04852721504089505,0.04117645750603516,0.0777831317781553,0.1,0.1,0.1,0.1,0.1,True,-10,10
2026-08-24 11:09:45.629872,0.04852721504089505,0.04117645750603516,0.0777831317781553,0.1,0.1,0.1,0.1,0.1,True,-10,10
2026-08-24 11:09:45.644381,0.04852721504089505,0.04117645750603516,0.0777831317781553,0.1,0.1,0.1,0.1,0.1,True,-10,10
2026-08-24 11:09:45.661962,0.04852721504089505,0.04117645750603516,0.0777831317781553,0.1,0.1,0.1,0.1,0.1,True,-10,10
2026-08-24 11:09:45.676481,0.04852721504089505,0.04117645750603516,0.0777831317781553,0.1,0.1,0.1,0.1,0.1,True,-10,10
2026-08-24 11:09:45.693023,0.04852721504089505,0.04117645750603516,0.0777831317781553,0.1,0.1,0.1,0.1,0.1,True,-10,10
2026-08-24 11:09:45.708222,0.04852721504089505,0.04117645750603516,0.0777831317781553,0.1,0.1,0.1,0.1,0.1,True,-10,10
2026-08-24 11:09:45.725400,0.04852721504089505,0.04117645750603516,0.0777831317781553,0.1,0.1,0.1,0.1,0.1,True,-10,10
2026-08-24 11:09:45.740471,0.04852721504089505,0.04117645750603516,0.0777831317781553,0.1,0.1,0.1,0.1,0.1,True,-10,10
2026-08-24 11:09:45.754448,0.04852721504089505,0.04117645750603516,0.0777831317781553,0.1,0.1,0.1,0.1,0.1,True,-10,10
2026-08-24 11:09:45.769660,0.04852721504089505,0.04117645750603516,0.0777831317781553,0.1,0.1,0.1,0.1,0.1,True,-10,10
2026-08-24 11:09:45.787574,0.04852721504089505,0.04117645750603516,0.0777831317781553,0.1,0.1,0.1,0.1,0.1,True,-10,10
2026-08-24 11:09:45.802649,0.04852721504089505,0.04117645750603516,0.0777831317781553,0.1,0.1,0.1,0.1,0.1,True,-10,10
2026-08-24 11:09:45.816792,0.04852721504089505,0.04117645750603516,0.0777831317781553,0.1,0.1,0.1,0.1,0.1,True,-10,10
2026-08-24 11:09:45.832761,0.04852721504089505,0.04117645750603516,0.0777831317781553,0.1,0.1,0.1,0.1,0.1,True,-10,10
2026-08-24 11:09:45.848609,0.04852721504089505,0.04117645750603516,0.0777831317781553,0.1,0.1,0.1,0.1,0.1,True,-10,10
2026-08-24 11:09:45.866612,0.04852721504089505,0.04117645750603516,0.0777831317781553,0.1,0.1,0.1,0.1,0.1,True,-10,10
2026-08-24 11:09:45.881866,0.04852721504089505,0.04117645750603516,0.0777831317781553,0.1,0.1,0.1,0.1,0.1,True,-10,10
2026-08-24 11:09:45.898268,0.04852721504089505,0.04117645750603516,0.0777831317781553,0.1,0.1,0.1,0.1,0.1,True,-10,10
2026-08-24 11:09:45.914353,0.04852721504089505,0.04117645750603516,0.0777831317781553,0.1,0.1,0.1,0.1,0.1,True,-10,10
2026-08-24 11:09:45.928298,0.04852721504089505,0.04117645750603516,0.0777831317781553,0.1,0.1,0.1,0.1,0.1,True,-10,10
2026-08-24 11:09:45.945419,0.04852721504089505,0.04117645750603516,0.0777831317781553,0.1,0.1,0.1,0.1,0.1,True,-10,10
2026-08-24 11:09:45.960274,0.04852721504089505,0.04117645750603516,0.0777831317781553,0.1,0.1,0.1,0.1,0.1,True,-10,10
2026-08-24 11:09:45.976337,0.04852721504089505,0.04117645750603516,0.0777831317781553,0.1,0.1,0.1,0.1,0.1,True,-10,10
2026-08-24 11:09:45.994274,0.04852721504089505,0.04117645750603516,0.0777831317781553,0.1,0.1,0.1,0.1,0.1,True,-10,10
2026-08-24 11:09:46.010704,0.04852721504089505,0.04117645750603516,0.0777831317781553,0.1,0.1,0.1,0.1,0.1,True,-10,10
2026-08-24 11:09:46.027633,0.04852721504089505,0.04117645750603516,0.0777831317781553,0.1,0.1,0.1,0.1,0.1,True,-10,10
2026-08-24 11:09:46.042201,0.04852721504089505,0.04117645750603516,0.0777831317781553,0.1,0.1,0.1,0.1,0.1,True,-10,10
2026-08-24 11:09:46.057528,0.04852721504089505,0.04117645750603516,0.0777831317781553,0.1,0.1,0.1,0.1,0.1,True,-10,10
2026-08-24 11:09:46.071997,0.04852721504089505,0.04117645750603516,0.0777831317781553,0.1,0.1,0.1,0.1,0.1,True,-10,10
2026-08-24 11:09:46.088091,0.04852721504089505,0.04117645750603516,0.0777831317781553,0.1,0.1,0.1,0.1,0.1,True,-10,10
2026-08-24 11:09:46.106053,0.04852721504089505,0.04117645750603516,0.0777831317781553,0.1,0.1,0.1,0.1,0.1,True,-10,10
2026-08-24 11:09:46.122202,0.04852721504089505,0.04117645750603516,0.0777831317781553,0.1,0.1,0.1,0.1,0.1,True,-10,10
2026-08-24 11:09:46.137482,0.04852721504089505,0.04117645750603516,0.0777831317781553,0.1,0.1,0.1,0.1,0.1,True,-10,10
2026-08-24 11:09:46.151564,0.04852721504089505,0.04117645750603516,0.0777831317781553,0.1,0.1,0.1,0.1,0.1,True,-10,10
2026-08-24 11:09:46.167658,0.04852721504089505,0.04117645750603516,0.0777831317781553,0.1,0.1,0.1,0.1,0.1,True,-10,10
2026-08-24 11:09:46.183764,0.04852721504089505,0.04117645750603516,0.0777831317781553,0.1,0.1,0.1,0.1,0.1,True,-10,10
2026-08-24 11:09:46.199691,0.04852721504089505,0.04117645750603516,0.0777831317781553,0.1,0.1,0.1,0.1,0.1,True,-10,10
2026-08-24 11:09:46.215488,0.04852721504089505,0.04117645750603516,0.0777831317781553,0.1,0.1,0.1,0.1,0.1,True,-10,10
2026-08-24 11:09:46.231678,0.04852721504089505,0.04117645750603516,0.0777831317781553,0.1,0.1,0.1,0.1,0.1,True,-10,10
2026-08-24 11:09:46.249113,0.04852721504089505,0.04117645750603516,0.0777831317781553,0.1,0.1,0.1,0.1,0.1,True,-10,10
2026-08-24 11:09:46.261261,0.04852721504089505,0.04117645750603516,0.0777831317781553,0.1,0.1,0.1,0.1,0.1,True,-10,10
2026-08-24 11:09:46.277148,0.04852721504089505,0.04117645750603516,0.0777831317781553,0.1,0.1,0.1,0.1,0.1,True,-10,10
2026-08-24 11:09:46.294394,0.04852721504089505,0.04117645750603516,0.0777831317781553,0.1,0.1,0.1,0.1,0.1,True,-10,10
2026-08-24 11:09:46.311289,0.04852721504089505,0.04117645750603516,0.0777831317781553,0.1,0.1,0.1,0.1,0.1,True,-10,10
2026-08-24 11:09:46.326289,0.04852721504089505,0.04117645750603516,0.0777831317781553,0.1,0.1,0.1,0.1,0.1,True,-10,10
2026-08-24 11:09:46.342058,0.04852721504089505,0.04117645750603516,0.0777831317781553,0.1,0.1,0.1,0.1,0.1,True,-10,10
2026-08-24 11:09:46.359008,0.04852721504089505,0.04117645750603516,0.0777831317781553,0.1,0.1,0.1,0.1,0.1,True,-10,10
2026-08-24 11:09:46.372330,0.04852721504089505,0.04117645750603516,0.0777831317781553,0.1,0.1,0.1,0.1,0.1,True,-10,10
2026-08-24 11:09:46.390318,0.04852721504089505,0.04117645750603516,0.0777831317781553,0.1,0.1,0.1,0.1,0.1,True,-10,10
2026-08-24 11:09:46.406397,0.04852721504089505,0.04117645750603516,0.0777831317781553,0.1,0.1,0.1,0.1,0.1,True,-10,10
2026-08-24 11:09:46.421758,0.04852721504089505,0.04117645750603516,0.0777831317781553,0.1,0.1,0.1,0.1,0.1,True,-10,10
2026-08-24 11:09:46.438640,0.04852721504089505,0.04117645750603516,0.0777831317781553,0.1,0.1,0.1,0.1,0.1,True,-10,10
2026-08-24 11:09:46.453294,0.04852721504089505,0.04117645750603516,0.0777831317781553,0.1,0.1,0.1,0.1,0.1,True,-10,10
2026-08-24 11:09:46.467470,0.04852721504089505,0.04117645750603516,0.0777831317781553,0.1,0.1,0.1,0.1,0.1,True,-10,10
2026-08-24 11:09:46.485592,0.04852721504089505,0.04117645750603516,0.0777831317781553,0.1,0.1,0.1,0.1,0.1,True,-10,10
2026-08-24 11:09:46.499286,0.04852721504089505,0.04117645750603516,0.0777831317781553,0.1,0.1,0.1,0.1,0.1,True,-10,10
2026-08-24 11:09:46.514934,0.04852721504089505,0.04117645750603516,0.0777831317781553,0.1,0.1,0.1,0.1,0.1,True,-10,10
2026-08-24 11:09:46.530990,0.04852721504089505,0.04117645750603516,0.0777831317781553,0.1,0.1,0.1,0.1,0.1,True,-10,10
2026-08-24 11:09:46.548789,0.04852721504089505,0.04117645750603516,0.0777831317781553,0.1,0.1,0.1,0.1,0.1,True,-10,10
2026-08-24 11:09:46.564677,0.04852721504089505,0.04117645750603516,0.0777831317781553,0.1,0.1,0.1,0.1,0.1,True,-10,10
2026-08-24 11:09:46.578422,0.04852721504089505,0.04117645750603516,0.0777831317781553,0.1,0.1,0.1,0.1,0.1,True,-10,10
2026-08-24 11:09:46.597147,0.04852721504089505,0.04117645750603516,0.0777831317781553,0.1,0.1,0.1,0.1,0.1,True,-10,10
2026-08-24 11:09:46.612430,0.04852721504089505,0.04117645750603516,0.0777831317781553,0.1,0.1,0.1,0.1,0.1,True,-10,10
2026-08-24 11:09:46.660251,0.1,0.1,0.1,0.1,0.1,0.04413620837864975,0.04926180282259467,0.1,True,0.0,0.0
2026-08-24 11:09:46.677447,0.1,0.1,0.1,0.1,0.1,0.04413620837864975,0.04926180282259467,0.1,True,0.0,0.0
2026-08-24 11:09:46.693048,0.1,0.1,0.1,0.1,0.1,0.04413620837864975,0.04926180282259467,0.1,True,0.0,0.0
2026-08-24 11:09:46.726332,0.1,0.1,0.1,0.1,0.1,0.044096139944179685,0.04925703380280474,0.1,True,0.0,0.0
2026-08-24 11:09:46.753959,0.1,0.1,0.1,0.1,0.1,0.044096139944179685,0.04925703380280474,0.1,True,0.0,0.0
2026-08-24 11:09:46.774015,0.1,0.1,0.1,0.1,0.1,0.044096139944179685,0.04925703380280474,0.1,True,0.0,0.0
2026-08-24 11:09:46.783872,0.1,0.1,0.1,0.1,0.1,0.044096139944179685,0.04925703380280474,0.1,True,0.0,0.0
2026-08-24 11:09:46.800450,0.1,0.1,0.1,0.1,0.1,0.044096139944179685,0.04925703380280474,0.1,True,0.0,0.0
2026-08-24 11:09:46.817287,0.1,0.1,0.1,0.1,0.1,0.044096139944179685,0.04925703380280474,0.1,True,0.0,0.0
2026-08-24 11:09:46.832836,0.1,0.1,0.1,0.1,0.1,0.044096139944179685,0.04925703380280474,0.1,True,0.0,0.0
2026-08-24 11:09:46.848842,0.1,0.1,0.1,0.1,0.1,0.044096139944179685,0.04925703380280474,0.1,True,0.0,0.0
2026-08-24 11:09:46.862519,0.1,0.1,0.1,0.1,0.1,0.044096139944179685,0.04925703380280474,0.1,True,0.0,0.0
2026-08-24 11:09:46.880391,0.1,0.1,0.1,0.1,0.1,0.044096139944179685,0.04925703380280474,0.1,True,0.0,0.0
2026-08-24 11:09:46.895718,0.1,0.1,0.1,0.1,0.1,0.044096139944179685,0.04925703380280474,0.1,True,0.0,0.0
2026-08-24 11:09:46.911955,0.1,0.1,0.1,0.1,0.1,0.044096139944179685,0.04925703380280474,0.1,True,0.0,0.0
2026-08-24 11:09:46.927781,0.1,0.1,0.1,0.1,0.1,0.044096139944179685,0.04925703380280474,0.1,True,0.0,0.0
2026-08-24 11:09:46.943731,0.1,0.1,0.1,0.1,0.1,0.044096139944179685,0.04925703380280474,0.1,True,0.0,0.0
2026-08-24 11:09:46.957658,0.1,0.1,0.1,0.1,0.1,0.044096139944179685,0.04925703380280474,0.1,True,0.0,0.0
2026-08-24 11:09:46.974831,0.1,0.1,0.1,0.1,0.1,0.044096139944179685,0.04925703380280474,0.1,True,0.0,0.0
2026-08-24 11:09:46.990788,0.1,0.1,0.1,0.1,0.1,0.044096139944179685,0.04925703380280474,0.1,True,0.0,0.0
2026-08-24 11:09:47.006326,0.1,0.1,0.1,0.1,0.1,0.044096139944179685,0.04925703380280474,0.1,True,0.0,0.0
2026-08-24 11:09:47.023512,0.1,0.1,0.1,0.1,0.1,0.044096139944179685,0.04925703380280474,0.1,True,0.0,0.0
2026-08-24 11:09:47.037485,0.1,0.1,0.1,0.1,0.1,0.044096139944179685,0.04925703380280474,0.1,True,0.0,0.0
2026-08-24 11:09:47.053211,0.1,0.1,0.1,0.1,0.1,0.044096139944179685,0.04925703380280474,0.1,True,0.0,0.0
2026-08-24 11:09:47.104884,0.1,0.1,0.1,0.1,0.1,0.04374869078750998,0.04885857415909358,0.1,True,0.0,0.0
2026-08-24 11:09:47.114821,0.1,0.1,0.1,0.1,0.1,0.04374869078750998,0.04885857415909358,0.1,True,0.0,0.0
2026-08-24 11:09:47.132519,0.1,0.1,0.1,0.1,0.1,0.04374869078750998,0.04885857415909358,0.1,True,10,10
2026-08-24 11:09:47.151791,0.1,0.1,0.1,0.1,0.1,0.04374869078750998,0.04885857415909358,0.1,True,10,10
2026-08-24 11:09:47.163662,0.1,0.1,0.1,0.1,0.1,0.04374869078750998,0.04885857415909358,0.1,True,10,10
2026-08-24 11:09:47.177540,0.1,0.1,0.1,0.1,0.1,0.04374869078750998,0.04885857415909358,0.1,True,10,10
2026-08-24 11:09:47.195401,0.1,0.1,0.1,0.1,0.1,0.04374869078750998,0.04885857415909358,0.1,True,10,10
2026-08-24 11:09:47.211547,0.1,0.1,0.1,0.1,0.1,0.04374869078750998,0.04885857415909358,0.1,True,10,10
2026-08-24 11:09:47.227731,0.1,0.1,0.1,0.1,0.1,0.04374869078750998,0.04885857415909358,0.1,True,10,10
2026-08-24 11:09:47.242823,0.09974819587685764,0.1,0.1,0.1,0.1,0.04374869078750998,0.04885857415909358,0.1,True,10,10
2026-08-24 11:09:47.258210,0.09930984551204287,0.1,0.1,0.1,0.1,0.04374869078750998,0.04885857415909358,0.1,True,10,10
2026-08-24 11:09:47.273805,0.09835673927951159,0.1,0.1,0.1,0.1,0.04374869078750998,0.04885857415909358,0.1,True,10,10
2026-08-24 11:09:47.291271,0.09783783884157762,0.1,0.1,0.1,0.1,0.04374869078750998,0.04885857415909358,0.1,True,10,10
2026-08-24 11:09:47.306139,0.09729439426654948,0.1,0.1,0.1,0.1,0.04374869078750998,0.04885857415909358,0.1,True,10,10
2026-08-24 11:09:47.320332,0.0967338871530518,0.1,0.1,0.1,0.1,0.04374869078750998,0.04885857415909358,0.1,True,10,10
2026-08-24 11:09:47.336121,0.0967338871530518,0.1,0.1,0.1,0.1,0.04374869078750998,0.04885857415909358,0.1,True,10,10
2026-08-24 11:09:47.352062,0.09592323791694192,0.1,0.1,0.1,0.1,0.04374869078750998,0.04885857415909358,0.1,True,10,10
2026-08-24 11:09:47.371084,0.09412761809791313,0.1,0.1,0.1,0.1,0.04374869078750998,0.04885857415909358,0.1,True,10,10
2026-08-24 11:09:47.394143,0.09412761809791313,0.1,0.1,0.1,0.1,0.04374869078750998,0.04885857415909358,0.1,True,10,10
2026-08-24 11:09:47.400445,0.0932124351479933,0.1,0.1,0.1,0.1,0.04374869078750998,0.04885857415909358,0.1,True,10,10
2026-08-24 11:09:47.418063,0.0922806106171415,0.1,0.1,0.1,0.1,0.04374869078750998,0.04885857415909358,0.1,True,10,10
2026-08-24 11:09:47.433910,0.09137526701381096,0.1,0.1,0.1,0.1,0.04374869078750998,0.04885857415909358,0.1,True,10,10
2026-08-24 11:09:47.450505,0.0904695709509255,0.1,0.1,0.1,0.1,0.04374869078750998,0.04885857415909358,0.1,True,10,10
2026-08-24 11:09:47.465638,0.08956278394285938,0.1,0.1,0.1,0.1,0.04374869078750998,0.04885857415909358,0.1,True,10,10
2026-08-24 11:09:47.479071,0.08864516239522069,0.1,0.1,0.1,0.1,0.04374869078750998,0.04885857415909358,0.1,True,10,10
2026-08-24 11:09:47.498437,0.08685371435413479,0.1,0.1,0.1,0.1,0.04374869078750998,0.04885857415909358,0.1,True,10,10
2026-08-24 11:09:47.510572,0.08685371435413479,0.1,0.1,0.1,0.1,0.04374869078750998,0.04885857415909358,0.1,True,10,10
2026-08-24 11:09:47.528268,0.08505688698257168,0.1,0.1,0.1,0.1,0.04374869078750998,0.04885857415909358,0.1,True,10,10
2026-08-24 11:09:47.542809,0.08505688698257168,0.1,0.1,0.1,0.1,0.04374869078750998,0.04885857415909358,0.1,True,10,10
2026-08-24 11:09:47.558857,0.08324961315087087,0.1,0.1,0.1,0.1,0.04374869078750998,0.04885857415909358,0.1,True,10,10
2026-08-24 11:09:47.579089,0.08324961315087087,0.1,0.1,0.1,0.1,0.04374869078750998,0.04885857415909358,0.1,True,10,10
2026-08-24 11:09:47.591026,0.08146141543112485,0.1,0.1,0.1,0.1,0.04374869078750998,0.04885857415909358,0.09926669621384923,True,10,10
2026-08-24 11:09:47.606956,0.08146141543112485,0.1,0.1,0.1,0.1,0.04374869078750998,0.04885857415909358,0.09926669621384923,True,10,10
2026-08-24 11:09:47.622852,0.08055772148282753,0.1,0.1,0.1,0.1,0.04374869078750998,0.04885857415909358,0.09888657938694514,True,10,10
2026-08-24 11:09:47.638749,0.07878505565959047,0.1,0.1,0.1,0.1,0.04374869078750998,0.04885857415909358,0.09795877783499479,True,10,10
2026-08-24 11:09:47.652691,0.07789806713850757,0.1,0.1,0.1,0.1,0.04374869078750998,0.04885857415909358,0.09748205264937103,True,10,10
2026-08-24 11:09:47.670107,0.07701071958850186,0.1,0.1,0.1,0.1,0.04374869078750998,0.04885857415909358,0.09689153076196774,True,10,10
2026-08-24 11:09:47.686780,0.07610965177435365,0.1,0.1,0.1,0.1,0.04374869078750998,0.04885857415909358,0.09582838120637703,True,10,10
2026-08-24 11:09:47.702211,0.07610965177435365,0.1,0.1,0.1,0.1,0.04374869078750998,0.04885857415909358,0.09582838120637703,True,10,10
2026-08-24 11:09:47.722144,0.07522551028808394,0.1,0.1,0.1,0.1,0.04374869078750998,0.04885857415909358,0.09478748658924147,True,10,10
2026-08-24 11:09:47.733983,0.07345518501166519,0.1,0.1,0.1,0.1,0.04374869078750998,0.04885857415909358,0.09271175528174452,True,10,10
2026-08-24 11:09:47.753787,0.07256179620229151,0.1,0.1,0.1,0.1,0.04374869078750998,0.04885857415909358,0.09166200478448225,True,10,10
2026-08-24 11:09:47.765736,0.07168234860350373,0.1,0.1,0.1,0.1,0.04374869078750998,0.04885857415909358,0.0906264009673531,True,10,10
2026-08-24 11:09:47.782111,0.07080248670370577,0.1,0.1,0.1,0.1,0.04374869078750998,0.04885857415909358,0.08959295973666027,True,10,10
2026-08-24 11:09:47.797839,0.06992194347788429,0.1,0.1,0.1,0.1,0.04374869078750998,0.04885857415909358,0.0885613359606496,True,10,10
2026-08-24 11:09:47.813723,0.06903606402791536,0.1,0.1,0.1,0.1,0.04374869078750998,0.04885857415909358,0.0875244643254099,True,10,10
2026-08-24 11:09:47.829256,0.06816441163412622,0.1,0.1,0.1,0.1,0.04374869078750998,0.04885857415909358,0.08649748454911974,True,10,10
2026-08-24 11:09:47.845376,0.06729223517931855,0.1,0.1,0.1,0.1,0.04374869078750998,0.04885857415909358,0.08547187909274735,True,10,10
2026-08-24 11:09:47.860766,0.06729223517931855,0.1,0.1,0.1,0.1,0.04374869078750998,0.04885857415909358,0.08547187909274735,True,10,10
2026-08-24 11:09:47.877373,0.06554634859891989,0.1,0.1,0.1,0.1,0.04374869078750998,0.04885857415909358,0.08342699117585463,True,10,10
2026-08-24 11:09:47.900096,0.0646639997923773,0.1,0.1,0.1,0.1,0.04374869078750998,0.04885857415909358,0.0823902743766064,True,10,10
2026-08-24 11:09:47.928053,0.06379541954090996,0.1,0.1,0.1,0.1,0.04374869078750998,0.04885857415909358,0.08136809875634034,True,10,10
2026-08-24 11:09:47.937819,0.06292620186544878,0.1,0.1,0.1,0.1,0.04374869078750998,0.04885857415909358,0.08034747638532268,True,10,10
2026-08-24 11:09:47.957955,0.06292620186544878,0.1,0.1,0.1,0.1,0.04374869078750998,0.04885857415909358,0.08034747638532268,True,10,10
2026-08-24 11:09:47.969746,0.06204924357814783,0.1,0.1,0.1,0.1,0.04374869078750998,0.04885857415909358,0.07934525642347884,True,10,10
2026-08-24 11:09:47.985591,0.060376734887981814,0.1,0.1,0.1,0.1,0.04374869078750998,0.04885857415909358,0.0773761676631855,True,10,10
2026-08-24 11:09:48.004196,0.05954658550742673,0.1,0.1,0.1,0.1,0.04374869078750998,0.04885857415909358,0.07639681869044984,True,10,10
2026-08-24 11:09:48.019315,0.05954658550742673,0.1,0.1,0.1,0.1,0.04374869078750998,0.04885857415909358,0.07639681869044984,True,10,10
2026-08-24 11:09:48.035483,0.05871560331519546,0.1,0.1,0.1,0.1,0.04374869078750998,0.04885857415909358,0.07541844457523278,True,10,10
2026-08-24 11:09:48.055460,0.057883612332788506,0.1,0.1,0.1,0.1,0.04374869078750998,0.04885857415909358,0.07444093938389461,True,10,10
2026-08-24 11:09:48.067321,0.05622062873700715,0.1,0.1,0.1,0.1,0.04374869078750998,0.04885857415909358,0.0724812467017001,True,10,10
2026-08-24 11:09:48.083201,0.05622062873700715,0.1,0.1,0.1,0.1,0.04374869078750998,0.04885857415909358,0.0724812467017001,True,10,10
2026-08-24 11:09:48.097696,0.05539655337592192,0.1,0.1,0.1,0.1,0.04374869078750998,0.04885857415909358,0.07150928782134137,True,10,10
2026-08-24 11:09:48.117095,0.05457277302416095,0.1,0.1,0.1,0.1,0.04374869078750998,0.04885857415909358,0.07053966314999348,True,10,10
2026-08-24 11:09:48.130121,0.053745846311255445,0.1,0.1,0.1,0.1,0.04374869078750998,0.04885857415909358,0.06956822325537791,True,10,10
2026-08-24 11:09:48.144474,0.052911684759839754,0.1,0.1,0.1,0.1,0.04374869078750998,0.04885857415909358,0.06858748211092815,True,10,10
2026-08-24 11:09:48.161524,0.05127356352567312,0.1,0.1,0.1,0.1,0.04374869078750998,0.04885857415909358,0.0666546586652661,True,10,10
2026-08-24 11:09:48.177480,0.05045434395311771,0.1,0.1,0.1,0.1,0.04374869078750998,0.04885857415909358,0.06569058149911661,True,10,10
2026-08-24 11:09:48.192473,0.049633270791960296,0.1,0.1,0.1,0.1,0.04374869078750998,0.04885857415909358,0.06472617238647364,True,-5.0,5.0
2026-08-24 11:09:48.214556,0.049633270791960296,0.1,0.1,0.1,0.1,0.04374869078750998,0.04885857415909358,0.06472617238647364,True,-5.0,5.0
2026-08-24 11:09:48.226396,0.04934249251001391,0.1,0.1,0.1,0.1,0.04374869078750998,0.04885857415909358,0.062475575511396354,True,-5.0,5.0
2026-08-24 11:09:48.240259,0.04925802031387117,0.1,0.1,0.1,0.1,0.04374869078750998,0.04885857415909358,0.06130262541982487,True,-5.0,5.0
2026-08-24 11:09:48.256142,0.04925802031387117,0.1,0.1,0.1,0.1,0.04374869078750998,0.04885857415909358,0.06130262541982487,True,-5.0,5.0
2026-08-24 11:09:48.273848,0.049107302891958214,0.1,0.1,0.1,0.1,0.04374869078750998,0.04885857415909358,0.05903504283689992,True,-5.0,5.0
2026-08-24 11:09:48.289686,0.049107302891958214,0.1,0.1,0.1,0.1,0.04374869078750998,0.04885857415909358,0.05903504283689992,True,-5.0,5.0
2026-08-24 11:09:48.303158,0.049039353086202775,0.1,0.1,0.1,0.1,0.04374869078750998,0.04885857415909358,0.05793825625739542,True,-5.0,5.0
2026-08-24 11:09:48.320649,0.04924503844739564,0.1,0.1,0.1,0.1,0.04374869078750998,0.04885857415909358,0.05575608227351291,True,-5.0,5.0
2026-08-24 11:09:48.335258,0.04924503844739564,0.1,0.1,0.1,0.1,0.04374869078750998,0.04885857415909358,0.05575608227351291,True,-5.0,5.0
2026-08-24 11:09:48.358164,0.04942768658572715,0.1,0.1,0.1,0.1,0.04374869078750998,0.04885857415909358,0.05472878959560754,True,-5.0,5.0
2026-08-24 11:09:48.368723,0.0496718496727443,0.1,0.1,0.1,0.1,0.04374869078750998,0.04885857415909358,0.053751197087415686,True,-5.0,5.0
2026-08-24 11:09:48.382606,0.05033909241175242,0.1,0.1,0.1,0.1,0.04374869078750998,0.04885857415909358,0.052572257969414,True,-5.0,5.0
2026-08-24 11:09:48.400537,0.05085653955608639,0.1,0.1,0.1,0.1,0.04374869078750998,0.04885857415909358,0.05198605874157965,True,-5.0,5.0
2026-08-24 11:09:48.447861,0.05142034023367825,0.09367521820308318,0.1,0.1,0.08871847649459008,0.026001104651034213,0.04471213210418509,0.051599383367749774,True,0.0,0.0
2026-08-24 11:09:48.469748,0.05142034023367825,0.09367521820308318,0.1,0.1,0.08871847649459008,0.026001104651034213,0.04471213210418509,0.051599383367749774,True,0.0,0.0
2026-08-24 11:09:48.479559,0.05142034023367825,0.09367521820308318,0.1,0.1,0.08871847649459008,0.026001104651034213,0.04471213210418509,0.051599383367749774,True,0.0,0.0
2026-08-24 11:09:48.514992,0.05150806550307133,0.09385038301440514,0.1,0.1,0.08864463056141655,0.026005167637146682,0.044742941760190474,0.05166619920692994,True,0.0,0.0
2026-08-24 11:09:48.524818,0.05150806550307133,0.09385038301440514,0.1,0.1,0.08864463056141655,0.026005167637146682,0.044742941760190474,0.05166619920692994,True,0.0,0.0
2026-08-24 11:09:48.544764,0.05150806550307133,0.09385038301440514,0.1,0.1,0.08864463056141655,0.026005167637146682,0.044742941760190474,0.05166619920692994,True,0.0,0.0
2026-08-24 11:09:48.558643,0.05150806550307133,0.09385038301440514,0.1,0.1,0.08864463056141655,0.026005167637146682,0.044742941760190474,0.05166619920692994,True,0.0,0.0
2026-08-24 11:09:48.575963,0.05150806550307133,0.09385038301440514,0.1,0.1,0.08864463056141655,0.026005167637146682,0.044742941760190474,0.05166619920692994,True,0.0,0.0
2026-08-24 11:09:48.590298,0.05150806550307133,0.09385038301440514,0.1,0.1,0.08864463056141655,0.026005167637146682,0.044742941760190474,0.05166619920692994,True,0.0,0.0
2026-08-24 11:09:48.606923,0.05150806550307133,0.09385038301440514,0.1,0.1,0.08864463056141655,0.026005167637146682,0.044742941760190474,0.05166619920692994,True,0.0,0.0
2026-08-24 11:09:48.619478,0.05150806550307133,0.09385038301440514,0.1,0.1,0.08864463056141655,0.026005167637146682,0.044742941760190474,0.05166619920692994,True,0.0,0.0
2026-08-24 11:09:48.637072,0.05150806550307133,0.09385038301440514,0.1,0.1,0.08864463056141655,0.026005167637146682,0.044742941760190474,0.05166619920692994,True,0.0,0.0
2026-08-24 11:09:48.653901,0.05150806550307133,0.09385038301440514,0.1,0.1,0.08864463056141655,0.026005167637146682,0.044742941760190474,0.05166619920692994,True,0.0,0.0
2026-08-24 11:09:48.667527,0.05150806550307133,0.09385038301440514,0.1,0.1,0.08864463056141655,0.026005167637146682,0.044742941760190474,0.05166619920692994,True,0.0,0.0
2026-08-24 11:09:48.683312,0.05150806550307133,0.09385038301440514,0.1,0.1,0.08864463056141655,0.026005167637146682,0.044742941760190474,0.05166619920692994,True,0.0,0.0
2026-08-24 11:09:48.701243,0.05150806550307133,0.09385038301440514,0.1,0.1,0.08864463056141655,0.026005167637146682,0.044742941760190474,0.05166619920692994,True,0.0,0.0
2026-08-24 11:09:48.715241,0.05150806550307133,0.09385038301440514,0.1,0.1,0.08864463056141655,0.026005167637146682,0.044742941760190474,0.05166619920692994,True,0.0,0.0
2026-08-24 11:09:48.731168,0.05150806550307133,0.09385038301440514,0.1,0.1,0.08864463056141655,0.026005167637146682,0.044742941760190474,0.05166619920692994,True,0.0,0.0
2026-08-24 11:09:48.748832,0.05150806550307133,0.09385038301440514,0.1,0.1,0.08864463056141655,0.026005167637146682,0.044742941760190474,0.05166619920692994,True,0.0,0.0
2026-08-24 11:09:48.764817,0.05150806550307133,0.09385038301440514,0.1,0.1,0.08864463056141655,0.026005167637146682,0.044742941760190474,0.05166619920692994,True,0.0,0.0
2026-08-24 11:09:48.782054,0.05150806550307133,0.09385038301440514,0.1,0.1,0.08864463056141655,0.026005167637146682,0.044742941760190474,0.05166619920692994,True,0.0,0.0
2026-08-24 11:09:48.794630,0.05150806550307133,0.09385038301440514,0.1,0.1,0.08864463056141655,0.026005167637146682,0.044742941760190474,0.05166619920692994,True,0.0,0.0
2026-08-24 11:09:48.812389,0.05150806550307133,0.09385038301440514,0.1,0.1,0.08864463056141655,0.026005167637146682,0.044742941760190474,0.05166619920692994,True,0.0,0.0
2026-08-24 11:09:48.828623,0.05150806550307133,0.09385038301440514,0.1,0.1,0.08864463056141655,0.026005167637146682,0.044742941760190474,0.05166619920692994,True,0.0,0.0
2026-08-24 11:09:48.845457,0.05150806550307133,0.09385038301440514,0.1,0.1,0.08864463056141655,0.026005167637146682,0.044742941760190474,0.05166619920692994,True,0.0,0.0
2026-08-24 11:09:48.890830,0.05240119280750408,0.0951771113642827,0.1,0.1,0.08868034668468057,0.02602415989983726,0.04476844047227907,0.052560263917275654,True,0.0,0.0
2026-08-24 11:09:48.939449,0.052508012226059754,0.09533518740716164,0.1,0.1,0.08868319808200868,0.02602596697635791,0.04477103698193651,0.05266747751423816,True,10,10
2026-08-24 11:09:48.961658,0.052508012226059754,0.09533518740716164,0.1,0.1,0.08868319808200868,0.02602596697635791,0.04477103698193651,0.05266747751423816,True,10,10
2026-08-24 11:09:49.003624,0.05163251716586159,0.09402751845229246,0.1,0.1,0.0886714757014098,0.026013307937556435,0.04475027797173668,0.05179440206360132,True,10,10
2026-08-24 11:09:49.027675,0.05163251716586159,0.09402751845229246,0.1,0.1,0.0886714757014098,0.026013307937556435,0.04475027797173668,0.05179440206360132,True,10,10
2026-08-24 11:09:49.034625,0.05163251716586159,0.09402751845229246,0.1,0.1,0.0886714757014098,0.026013307937556435,0.04475027797173668,0.05179440206360132,True,-10,10
2026-08-24 11:09:49.057891,0.05163251716586159,0.09402751845229246,0.1,0.1,0.0886714757014098,0.026013307937556435,0.04475027797173668,0.05179440206360132,True,-10,10
2026-08-24 11:09:49.067003,0.05163251716586159,0.09402751845229246,0.1,0.1,0.0886714757014098,0.026013307937556435,0.04475027797173668,0.05179440206360132,True,-10,10
2026-08-24 11:09:49.083820,0.05163251716586159,0.09402751845229246,0.1,0.1,0.0886714757014098,0.026013307937556435,0.04475027797173668,0.05179440206360132,True,-10,10
2026-08-24 11:09:49.098083,0.05163251716586159,0.09402751845229246,0.1,0.1,0.0886714757014098,0.026013307937556435,0.04475027797173668,0.05179440206360132,True,-10,10
2026-08-24 11:09:49.112186,0.05163251716586159,0.09402751845229246,0.1,0.1,0.0886714757014098,0.026013307937556435,0.04475027797173668,0.05179440206360132,True,-10,10
2026-08-24 11:09:49.130125,0.05163251716586159,0.09402751845229246,0.1,0.1,0.0886714757014098,0.026013307937556435,0.04475027797173668,0.05179440206360132,True,-10,10
2026-08-24 11:09:49.145496,0.05163251716586159,0.09402751845229246,0.1,0.1,0.0886714757014098,0.026013307937556435,0.04475027797173668,0.05179440206360132,True,-10,10
2026-08-24 11:09:49.161669,0.05163251716586159,0.09402751845229246,0.1,0.1,0.0886714757014098,0.026013307937556435,0.04475027797173668,0.05179440206360132,True,-10,10
2026-08-24 11:09:49.177558,0.05163251716586159,0.09402751845229246,0.1,0.1,0.0886714757014098,0.026013307937556435,0.04475027797173668,0.05179440206360132,True,-10,10
2026-08-24 11:09:49.192465,0.05163251716586159,0.09402751845229246,0.1,0.1,0.0886714757014098,0.026013307937556435,0.04475027797173668,0.05179440206360132,True,-10,10
2026-08-24 11:09:49.207111,0.05163251716586159,0.09402751845229246,0.1,0.1,0.0886714757014098,0.026013307937556435,0.04475027797173668,0.05179440206360132,True,-10,10
2026-08-24 11:09:49.222999,0.05163251716586159,0.09402751845229246,0.1,0.1,0.0886714757014098,0.026013307937556435,0.04475027797173668,0.05179440206360132,True,-10,10
2026-08-24 11:09:49.241102,0.05163251716586159,0.09402751845229246,0.1,0.1,0.0886714757014098,0.026013307937556435,0.04475027797173668,0.05179440206360132,True,-10,10
2026-08-24 11:09:49.254998,0.05163251716586159,0.09402751845229246,0.1,0.1,0.0886714757014098,0.026013307937556435,0.04475027797173668,0.05179440206360132,True,-10,10
2026-08-24 11:09:49.273800,0.05163251716586159,0.09402751845229246,0.1,0.1,0.0886714757014098,0.026013307937556435,0.04475027797173668,0.05179440206360132,True,-10,10
2026-08-24 11:09:49.286823,0.05163251716586159,0.09402751845229246,0.1,0.1,0.0886714757014098,0.026013307937556435,0.04475027797173668,0.05179440206360132,True,-10,10
2026-08-24 11:09:49.304769,0.05163251716586159,0.09402751845229246,0.1,0.1,0.0886714757014098,0.026013307937556435,0.04475027797173668,0.05179440206360132,True,-10,10
2026-08-24 11:09:49.320218,0.05163251716586159,0.09402751845229246,0.1,0.1,0.0886714757014098,0.026013307937556435,0.04475027797173668,0.05179440206360132,True,-10,10
2026-08-24 11:09:49.335164,0.05163251716586159,0.09402751845229246,0.1,0.1,0.0886714757014098,0.026013307937556435,0.04475027797173668,0.05179440206360132,True,-10,10
2026-08-24 11:09:49.351755,0.05163251716586159,0.09402751845229246,0.1,0.1,0.0886714757014098,0.026013307937556435,0.04475027797173668,0.05179440206360132,True,-10,10
2026-08-24 11:09:49.366266,0.05163251716586159,0.09402751845229246,0.1,0.1,0.0886714757014098,0.026013307937556435,0.04475027797173668,0.05179440206360132,True,-10,10
2026-08-24 11:09:49.382399,0.05163251716586159,0.09402751845229246,0.1,0.1,0.0886714757014098,0.026013307937556435,0.04475027797173668,0.05179440206360132,True,-10,10
2026-08-24 11:09:49.401109,0.05163251716586159,0.09402751845229246,0.1,0.1,0.0886714757014098,0.026013307937556435,0.04475027797173668,0.05179440206360132,True,-10,10
2026-08-24 11:09:49.416692,0.05163251716586159,0.09402751845229246,0.1,0.1,0.0886714757014098,0.026013307937556435,0.04475027797173668,0.05179440206360132,True,-10,10
2026-08-24 11:09:49.430332,0.05163251716586159,0.09402751845229246,0.1,0.1,0.0886714757014098,0.026013307937556435,0.04475027797173668,0.05179440206360132,True,-10,10
2026-08-24 11:09:49.447341,0.05163251716586159,0.09402751845229246,0.1,0.1,0.0886714757014098,0.026013307937556435,0.04475027797173668,0.05179440206360132,True,-10,10
2026-08-24 11:09:49.463679,0.05163251716586159,0.09402751845229246,0.1,0.1,0.0886714757014098,0.026013307937556435,0.04475027797173668,0.05179440206360132,True,-10,10
2026-08-24 11:09:49.480103,0.05163251716586159,0.09402751845229246,0.1,0.1,0.0886714757014098,0.026013307937556435,0.04475027797173668,0.05179440206360132,True,-10,10
2026-08-24 11:09:49.494692,0.05163251716586159,0.09402751845229246,0.1,0.1,0.0886714757014098,0.026013307937556435,0.04475027797173668,0.05179440206360132,True,-10,10
2026-08-24 11:09:49.511350,0.05163251716586159,0.09402751845229246,0.1,0.1,0.0886714757014098,0.026013307937556435,0.04475027797173668,0.05179440206360132,True,-10,10
2026-08-24 11:09:49.527933,0.05163251716586159,0.09402751845229246,0.1,0.1,0.0886714757014098,0.026013307937556435,0.04475027797173668,0.05179440206360132,True,-10,10
2026-08-24 11:09:49.543198,0.05163251716586159,0.09402751845229246,0.1,0.1,0.0886714757014098,0.026013307937556435,0.04475027797173668,0.05179440206360132,True,-10,10
2026-08-24 11:09:49.559095,0.05163251716586159,0.09402751845229246,0.1,0.1,0.0886714757014098,0.026013307937556435,0.04475027797173668,0.05179440206360132,True,-10,10
2026-08-24 11:09:49.574458,0.05163251716586159,0.09402751845229246,0.1,0.1,0.0886714757014098,0.026013307937556435,0.04475027797173668,0.05179440206360132,True,-10,10
2026-08-24 11:09:49.590163,0.05163251716586159,0.09402751845229246,0.1,0.1,0.0886714757014098,0.026013307937556435,0.04475027797173668,0.05179440206360132,True,-10,10
2026-08-24 11:09:49.606573,0.05163251716586159,0.09402751845229246,0.1,0.1,0.0886714757014098,0.026013307937556435,0.04475027797173668,0.05179440206360132,True,-10,10
2026-08-24 11:09:49.623104,0.05163251716586159,0.09402751845229246,0.1,0.1,0.0886714757014098,0.026013307937556435,0.04475027797173668,0.05179440206360132,True,-10,10
2026-08-24 11:09:49.639128,0.05163251716586159,0.09402751845229246,0.1,0.1,0.0886714757014098,0.026013307937556435,0.04475027797173668,0.05179440206360132,True,-10,10
2026-08-24 11:09:49.652794,0.05163251716586159,0.09402751845229246,0.1,0.1,0.0886714757014098,0.026013307937556435,0.04475027797173668,0.05179440206360132,True,-10,10
2026-08-24 11:09:49.668561,0.05163251716586159,0.09402751845229246,0.1,0.1,0.0886714757014098,0.026013307937556435,0.04475027797173668,0.05179440206360132,True,-10,10
2026-08-24 11:09:49.684262,0.05163251716586159,0.09402751845229246,0.1,0.1,0.0886714757014098,0.026013307937556435,0.04475027797173668,0.05179440206360132,True,-10,10
2026-08-24 11:09:49.701531,0.05163251716586159,0.09402751845229246,0.1,0.1,0.0886714757014098,0.026013307937556435,0.04475027797173668,0.05179440206360132,True,-10,10
2026-08-24 11:09:49.716139,0.05163251716586159,0.09402751845229246,0.1,0.1,0.0886714757014098,0.026013307937556435,0.04475027797173668,0.05179440206360132,True,-10,10
2026-08-24 11:09:49.733244,0.05163251716586159,0.09402751845229246,0.1,0.1,0.0886714757014098,0.026013307937556435,0.04475027797173668,0.05179440206360132,True,-10,10
2026-08-24 11:09:49.749351,0.05163251716586159,0.09402751845229246,0.1,0.1,0.0886714757014098,0.026013307937556435,0.04475027797173668,0.05179440206360132,True,-10,10
2026-08-24 11:09:49.763693,0.05163251716586159,0.09402751845229246,0.1,0.1,0.0886714757014098,0.026013307937556435,0.04475027797173668,0.05179440206360132,True,-10,10
2026-08-24 11:09:49.779062,0.05163251716586159,0.09402751845229246,0.1,0.1,0.0886714757014098,0.026013307937556435,0.04475027797173668,0.05179440206360132,True,-10,10
2026-08-24 11:09:49.796624,0.05163251716586159,0.09402751845229246,0.1,0.1,0.0886714757014098,0.026013307937556435,0.04475027797173668,0.05179440206360132,True,-10,10
2026-08-24 11:09:49.812358,0.05163251716586159,0.09402751845229246,0.1,0.1,0.0886714757014098,0.026013307937556435,0.04475027797173668,0.05179440206360132,True,-10,10
2026-08-24 11:09:49.828261,0.05163251716586159,0.09402751845229246,0.1,0.1,0.0886714757014098,0.026013307937556435,0.04475027797173668,0.05179440206360132,True,-10,10
2026-08-24 11:09:49.844199,0.05163251716586159,0.09402751845229246,0.1,0.1,0.0886714757014098,0.026013307937556435,0.04475027797173668,0.05179440206360132,True,-10,10
2026-08-24 11:09:49.859202,0.05163251716586159,0.09402751845229246,0.1,0.1,0.0886714757014098,0.026013307937556435,0.04475027797173668,0.05179440206360132,True,-10,10
2026-08-24 11:09:49.875373,0.05163251716586159,0.09402751845229246,0.1,0.1,0.0886714757014098,0.026013307937556435,0.04475027797173668,0.05179440206360132,True,-10,10
2026-08-24 11:09:49.891361,0.05163251716586159,0.09402751845229246,0.1,0.1,0.0886714757014098,0.026013307937556435,0.04475027797173668,0.05179440206360132,True,-10,10
2026-08-24 11:09:49.908694,0.05163251716586159,0.09402751845229246,0.1,0.1,0.0886714757014098,0.026013307937556435,0.04475027797173668,0.05179440206360132,True,-10,10
2026-08-24 11:09:49.922632,0.05163251716586159,0.09402751845229246,0.1,0.1,0.0886714757014098,0.026013307937556435,0.04475027797173668,0.05179440206360132,True,-10,10
2026-08-24 11:09:49.938425,0.05163251716586159,0.09402751845229246,0.1,0.1,0.0886714757014098,0.026013307937556435,0.04475027797173668,0.05179440206360132,True,-10,10
2026-08-24 11:09:49.954569,0.05163251716586159,0.09402751845229246,0.1,0.1,0.0886714757014098,0.026013307937556435,0.04475027797173668,0.05179440206360132,True,-10,10
2026-08-24 11:09:49.970338,0.05163251716586159,0.09402751845229246,0.1,0.1,0.0886714757014098,0.026013307937556435,0.04475027797173668,0.05179440206360132,True,-10,10
2026-08-24 11:09:49.987817,0.05163251716586159,0.09402751845229246,0.1,0.1,0.0886714757014098,0.026013307937556435,0.04475027797173668,0.05179440206360132,True,-10,10
2026-08-24 11:09:50.004061,0.05163251716586159,0.09402751845229246,0.1,0.1,0.0886714757014098,0.026013307937556435,0.04475027797173668,0.05179440206360132,True,-10,10
2026-08-24 11:09:50.019276,0.05163251716586159,0.09402751845229246,0.1,0.1,0.0886714757014098,0.026013307937556435,0.04475027797173668,0.05179440206360132,True,-10,10
2026-08-24 11:09:50.035219,0.05163251716586159,0.09402751845229246,0.1,0.1,0.0886714757014098,0.026013307937556435,0.04475027797173668,0.05179440206360132,True,-10,10
2026-08-24 11:09:50.094616,0.1,0.1,0.1,0.02932586873256996,0.054852775177690584,0.04460865398254631,0.1,0.1,True,0.0,0.0
2026-08-24 11:09:50.117002,0.1,0.1,0.1,0.02932586873256996,0.054852775177690584,0.04460865398254631,0.1,0.1,True,0.0,0.0
2026-08-24 11:09:50.155228,0.1,0.1,0.1,0.029245165432238207,0.05473515540901911,0.04456758398233398,0.1,0.1,True,0.0,0.0
2026-08-24 11:09:50.161890,0.1,0.1,0.1,0.029245165432238207,0.05473515540901911,0.04456758398233398,0.1,0.1,True,0.0,0.0
2026-08-24 11:09:50.178101,0.1,0.1,0.1,0.029245165432238207,0.05473515540901911,0.04456758398233398,0.1,0.1,True,0.0,0.0
2026-08-24 11:09:50.194130,0.1,0.1,0.1,0.029245165432238207,0.05473515540901911,0.04456758398233398,0.1,0.1,True,0.0,0.0
2026-08-24 11:09:50.212090,0.1,0.1,0.1,0.029245165432238207,0.05473515540901911,0.04456758398233398,0.1,0.1,True,0.0,0.0
2026-08-24 11:09:50.227461,0.1,0.1,0.1,0.029245165432238207,0.05473515540901911,0.04456758398233398,0.1,0.1,True,0.0,0.0
2026-08-24 11:09:50.240358,0.1,0.1,0.1,0.029245165432238207,0.05473515540901911,0.04456758398233398,0.1,0.1,True,0.0,0.0
2026-08-24 11:09:50.257566,0.1,0.1,0.1,0.029245165432238207,0.05473515540901911,0.04456758398233398,0.1,0.1,True,0.0,0.0
2026-08-24 11:09:50.273071,0.1,0.1,0.1,0.029245165432238207,0.05473515540901911,0.04456758398233398,0.1,0.1,True,0.0,0.0
2026-08-24 11:09:50.289789,0.1,0.1,0.1,0.029245165432238207,0.05473515540901911,0.04456758398233398,0.1,0.1,True,0.0,0.0
2026-08-24 11:09:50.304478,0.1,0.1,0.1,0.029245165432238207,0.05473515540901911,0.04456758398233398,0.1,0.1,True,0.0,0.0
2026-08-24 11:09:50.321379,0.1,0.1,0.1,0.029245165432238207,0.05473515540901911,0.04456758398233398,0.1,0.1,True,0.0,0.0
2026-08-24 11:09:50.336500,0.1,0.1,0.1,0.029245165432238207,0.05473515540901911,0.04456758398233398,0.1,0.1,True,0.0,0.0
2026-08-24 11:09:50.352359,0.1,0.1,0.1,0.029245165432238207,0.05473515540901911,0.04456758398233398,0.1,0.1,True,0.0,0.0
2026-08-24 11:09:50.368239,0.1,0.1,0.1,0.029245165432238207,0.05473515540901911,0.04456758398233398,0.1,0.1,True,0.0,0.0
2026-08-24 11:09:50.382161,0.1,0.1,0.1,0.029245165432238207,0.05473515540901911,0.04456758398233398,0.1,0.1,True,0.0,0.0
2026-08-24 11:09:50.399102,0.1,0.1,0.1,0.029245165432238207,0.05473515540901911,0.04456758398233398,0.1,0.1,True,0.0,0.0
2026-08-24 11:09:50.414007,0.1,0.1,0.1,0.029245165432238207,0.05473515540901911,0.04456758398233398,0.1,0.1,True,0.0,0.0
2026-08-24 11:09:50.429981,0.1,0.1,0.1,0.029245165432238207,0.05473515540901911,0.04456758398233398,0.1,0.1,True,0.0,0.0
2026-08-24 11:09:50.446962,0.1,0.1,0.1,0.029245165432238207,0.05473515540901911,0.04456758398233398,0.1,0.1,True,0.0,0.0
2026-08-24 11:09:50.463670,0.1,0.1,0.1,0.029245165432238207,0.05473515540901911,0.04456758398233398,0.1,0.1,True,0.0,0.0
2026-08-24 11:09:50.479017,0.1,0.1,0.1,0.029245165432238207,0.05473515540901911,0.04456758398233398,0.1,0.1,True,0.0,0.0
2026-08-24 11:09:50.495256,0.1,0.1,0.1,0.029245165432238207,0.05473515540901911,0.04456758398233398,0.1,0.1,True,0.0,0.0
2026-08-24 11:09:50.542166,0.1,0.1,0.1,0.029264128668703655,0.05476006493619954,0.04454255032761458,0.1,0.1,True,0.0,0.0
2026-08-24 11:09:50.556593,0.1,0.1,0.1,0.029264128668703655,0.05476006493619954,0.04454255032761458,0.1,0.1,True,0.0,0.0
2026-08-24 11:09:50.598821,0.1,0.1,0.1,0.029302717190775752,0.05481672725271111,0.04455347201126067,0.1,0.1,True,10,10
2026-08-24 11:09:50.626305,0.1,0.1,0.1,0.029302717190775752,0.05481672725271111,0.04455347201126067,0.1,0.1,True,10,10
2026-08-24 11:09:50.664650,0.1,0.1,0.1,0.03032036300176329,0.056196592770330484,0.044892707783566244,0.1,0.1,True,10,10
2026-08-24 11:09:50.687001,0.1,0.1,0.1,0.03032036300176329,0.056196592770330484,0.044892707783566244,0.1,0.1,True,10,10
2026-08-24 11:09:50.702214,0.1,0.1,0.1,0.03032036300176329,0.056196592770330484,0.04518923412206351,0.1,0.1,True,-10,10
2026-08-24 11:09:50.723324,0.1,0.1,0.1,0.03032036300176329,0.056196592770330484,0.045688056208050595,0.1,0.1,True,-10,10
2026-08-24 11:09:50.731712,0.1,0.1,0.1,0.03032036300176329,0.056196592770330484,0.045688056208050595,0.1,0.1,True,-10,10
2026-08-24 11:09:50.745979,0.1,0.1,0.1,0.03032036300176329,0.056196592770330484,0.04652565435098377,0.1,0.1,True,-10,10
2026-08-24 11:09:50.763536,0.1,0.1,0.1,0.03032036300176329,0.056196592770330484,0.04743656627294462,0.1,0.1,True,-10,10
2026-08-24 11:09:50.779429,0.1,0.1,0.1,0.03032036300176329,0.056196592770330484,0.048479987829139155,0.1,0.1,True,-10,10
2026-08-24 11:09:50.794448,0.1,0.1,0.1,0.03032036300176329,0.056196592770330484,0.05078560513238636,0.1,0.1,True,-10,10
2026-08-24 11:09:50.810427,0.1,0.1,0.1,0.03032036300176329,0.056196592770330484,0.05078560513238636,0.1,0.1,True,-10,10
2026-08-24 11:09:50.826751,0.1,0.1,0.1,0.03032036300176329,0.056196592770330484,0.05202992178273972,0.1,0.1,True,-10,10
2026-08-24 11:09:50.844168,0.1,0.1,0.1,0.03032036300176329,0.056196592770330484,0.055086752968832545,0.1,0.1,True,-10,10
2026-08-24 11:09:50.862974,0.1,0.1,0.1,0.03032036300176329,0.056196592770330484,0.05670190776936029,0.1,0.1,True,-10,10
2026-08-24 11:09:50.875048,0.1,0.1,0.1,0.03032036300176329,0.056196592770330484,0.058445024277809225,0.1,0.1,True,-10,10
2026-08-24 11:09:50.891279,0.1,0.1,0.1,0.03032036300176329,0.056196592770330484,0.058445024277809225,0.1,0.1,True,-10,10
2026-08-24 11:09:50.905619,0.1,0.1,0.1,0.03032036300176329,0.056196592770330484,0.06270683839900458,0.1,0.1,True,-10,10
2026-08-24 11:09:50.920715,0.1,0.1,0.1,0.03032036300176329,0.056196592770330484,0.06270683839900458,0.1,0.1,True,-10,10
2026-08-24 11:09:50.937199,0.1,0.1,0.1,0.03032036300176329,0.056196592770330484,0.06798230906229247,0.1,0.1,True,-10,10
2026-08-24 11:09:50.957527,0.1,0.1,0.1,0.03032036300176329,0.056196592770330484,0.07067824659443664,0.1,0.1,True,-10,10
2026-08-24 11:09:50.968819,0.1,0.1,0.1,0.03032036300176329,0.056196592770330484,0.07067824659443664,0.1,0.1,True,-10,10
2026-08-24 11:09:50.985474,0.1,0.1,0.1,0.03032036300176329,0.056196592770330484,0.07678296543098787,0.1,0.1,True,-10,10
2026-08-24 11:09:51.009020,0.1,0.1,0.1,0.03032036300176329,0.056196592770330484,0.07678296543098787,0.1,0.1,True,-10,10
2026-08-24 11:09:51.030527,0.1,0.1,0.1,0.03032036300176329,0.056196592770330484,0.0810663919057475,0.1,0.1,True,-10,10
2026-08-24 11:09:51.047784,0.1,0.1,0.1,0.03032036300176329,0.056196592770330484,0.08494102844485722,0.1,0.1,True,-10,10
2026-08-24 11:09:51.066453,0.1,0.1,0.1,0.03032036300176329,0.056196592770330484,0.08917343451099796,0.1,0.1,True,-10,10
2026-08-24 11:09:51.080678,0.1,0.1,0.1,0.03032036300176329,0.056196592770330484,0.0988399880224739,0.1,0.1,True,-10,10
2026-08-24 11:09:51.095166,0.1,0.1,0.1,0.03032036300176329,0.056196592770330484,0.1,0.1,0.1,True,-10,10
2026-08-24 11:09:51.110178,0.1,0.1,0.1,0.03032036300176329,0.056196592770330484,0.1,0.1,0.1,True,-10,10
2026-08-24 11:09:51.128365,0.1,0.1,0.1,0.03032036300176329,0.056196592770330484,0.1,0.1,0.1,True,-10,10
2026-08-24 11:09:51.144005,0.1,0.1,0.1,0.03032036300176329,0.056196592770330484,0.1,0.1,0.1,True,-10,10
2026-08-24 11:09:51.160114,0.1,0.1,0.1,0.03032036300176329,0.056196592770330484,0.1,0.1,0.1,True,-10,10
2026-08-24 11:09:51.176016,0.1,0.1,0.1,0.03032036300176329,0.056196592770330484,0.1,0.1,0.1,True,-10,10
2026-08-24 11:09:51.193728,0.1,0.1,0.1,0.03032036300176329,0.056196592770330484,0.1,0.1,0.1,True,-10,10
2026-08-24 11:09:51.207585,0.1,0.1,0.1,0.03032036300176329,0.056196592770330484,0.1,0.1,0.1,True,-10,10
2026-08-24 11:09:51.223362,0.1,0.1,0.1,0.03032036300176329,0.056196592770330484,0.1,0.1,0.1,True,-10,10
2026-08-24 11:09:51.239364,0.1,0.1,0.1,0.03032036300176329,0.056196592770330484,0.1,0.1,0.1,True,-10,10
2026-08-24 11:09:51.256694,0.1,0.1,0.1,0.03032036300176329,0.056196592770330484,0.1,0.1,0.1,True,-10,10
2026-08-24 11:09:51.271885,0.1,0.1,0.1,0.03032036300176329,0.056196592770330484,0.1,0.1,0.1,True,-10,10
2026-08-24 11:09:51.284839,0.1,0.1,0.1,0.03032036300176329,0.056196592770330484,0.1,0.1,0.1,True,-10,10
2026-08-24 11:09:51.300786,0.1,0.1,0.1,0.03032036300176329,0.056196592770330484,0.1,0.1,0.1,True,-10,10
2026-08-24 11:09:51.317194,0.1,0.1,0.1,0.03032036300176329,0.056196592770330484,0.1,0.1,0.1,True,-10,10
2026-08-24 11:09:51.332084,0.1,0.1,0.1,0.03032036300176329,0.056196592770330484,0.1,0.1,0.1,True,-10,10
2026-08-24 11:09:51.349309,0.1,0.1,0.1,0.03032036300176329,0.056196592770330484,0.1,0.1,0.1,True,-10,10
2026-08-24 11:09:51.366431,0.1,0.1,0.1,0.03032036300176329,0.056196592770330484,0.1,0.1,0.1,True,-10,10
2026-08-24 11:09:51.382473,0.1,0.1,0.1,0.03032036300176329,0.056196592770330484,0.1,0.1,0.1,True,-10,10
2026-08-24 11:09:51.397062,0.1,0.1,0.1,0.03032036300176329,0.056196592770330484,0.1,0.1,0.1,True,-10,10
2026-08-24 11:09:51.413928,0.1,0.1,0.1,0.03032036300176329,0.056196592770330484,0.1,0.1,0.1,True,-10,10
2026-08-24 11:09:51.426952,0.1,0.1,0.1,0.03032036300176329,0.056196592770330484,0.1,0.1,0.1,True,-10,10
2026-08-24 11:09:51.444328,0.1,0.1,0.1,0.03032036300176329,0.056196592770330484,0.1,0.1,0.1,True,-10,10
2026-08-24 11:09:51.461342,0.1,0.1,0.1,0.03032036300176329,0.056196592770330484,0.1,0.1,0.1,True,-10,10
2026-08-24 11:09:51.476568,0.1,0.1,0.1,0.03032036300176329,0.056196592770330484,0.1,0.1,0.1,True,-10,10
2026-08-24 11:09:51.492680,0.1,0.1,0.1,0.03032036300176329,0.056196592770330484,0.1,0.1,0.1,True,-10,10
2026-08-24 11:09:51.507436,0.09592110993573083,0.1,0.1,0.03032036300176329,0.056196592770330484,0.1,0.1,0.1,True,-10,10
2026-08-24 11:09:51.546098,0.0889200271678274,0.0368700594217332,0.03226905282042993,0.045618010570936195,0.07526264614075129,0.1,0.1,0.1,True,0.0,0.0
2026-08-24 11:09:51.570784,0.0889200271678274,0.0368700594217332,0.03226905282042993,0.045618010570936195,0.07526264614075129,0.1,0.1,0.1,True,0.0,0.0
2026-08-24 11:09:51.588702,0.0889200271678274,0.0368700594217332,0.03226905282042993,0.045618010570936195,0.07526264614075129,0.1,0.1,0.1,True,-10,10
2026-08-24 11:09:51.609783,0.0889200271678274,0.0368700594217332,0.03226905282042993,0.045618010570936195,0.07526264614075129,0.1,0.1,0.1,True,-10,10
2026-08-24 11:09:51.620211,0.0889200271678274,0.0368700594217332,0.03226905282042993,0.045618010570936195,0.07526264614075129,0.1,0.1,0.1,True,-10,10
2026-08-24 11:09:51.635468,0.0889200271678274,0.0368700594217332,0.03226905282042993,0.045618010570936195,0.07526264614075129,0.1,0.1,0.1,True,-10,10
2026-08-24 11:09:51.653953,0.0889200271678274,0.0368700594217332,0.03226905282042993,0.045618010570936195,0.07526264614075129,0.1,0.1,0.1,True,-10,10
2026-08-24 11:09:51.667904,0.0889200271678274,0.0368700594217332,0.03226905282042993,0.045618010570936195,0.07526264614075129,0.1,0.1,0.1,True,-10,10
2026-08-24 11:09:51.681757,0.0889200271678274,0.0368700594217332,0.03226905282042993,0.045618010570936195,0.07526264614075129,0.1,0.1,0.1,True,-10,10
2026-08-24 11:09:51.699540,0.0889200271678274,0.0368700594217332,0.03226905282042993,0.045618010570936195,0.07526264614075129,0.1,0.1,0.1,True,-10,10
2026-08-24 11:09:51.713338,0.0889200271678274,0.0368700594217332,0.03226905282042993,0.045618010570936195,0.07526264614075129,0.1,0.1,0.1,True,-10,10
2026-08-24 11:09:51.728980,0.0889200271678274,0.0368700594217332,0.03226905282042993,0.045618010570936195,0.07526264614075129,0.1,0.1,0.1,True,-10,10
2026-08-24 11:09:51.746275,0.0889200271678274,0.0368700594217332,0.03226905282042993,0.045618010570936195,0.07526264614075129,0.1,0.1,0.1,True,-10,10
2026-08-24 11:09:51.762442,0.0889200271678274,0.0368700594217332,0.03226905282042993,0.045618010570936195,0.07526264614075129,0.1,0.1,0.1,True,-10,10
2026-08-24 11:09:51.778390,0.0889200271678274,0.0368700594217332,0.03226905282042993,0.045618010570936195,0.07526264614075129,0.1,0.1,0.1,True,-10,10
2026-08-24 11:09:51.792236,0.0889200271678274,0.0368700594217332,0.03226905282042993,0.045618010570936195,0.07526264614075129,0.1,0.1,0.1,True,-10,10
2026-08-24 11:09:51.809404,0.0889200271678274,0.0368700594217332,0.03226905282042993,0.045618010570936195,0.07526264614075129,0.1,0.1,0.1,True,-10,10
2026-08-24 11:09:51.824493,0.0889200271678274,0.0368700594217332,0.03226905282042993,0.045618010570936195,0.07526264614075129,0.1,0.1,0.1,True,-10,10
2026-08-24 11:09:51.839150,0.0889200271678274,0.0368700594217332,0.03226905282042993,0.045618010570936195,0.07526264614075129,0.1,0.1,0.1,True,-10,10
2026-08-24 11:09:51.854968,0.0889200271678274,0.0368700594217332,0.03226905282042993,0.045618010570936195,0.07526264614075129,0.1,0.1,0.1,True,-10,10
2026-08-24 11:09:51.873052,0.0889200271678274,0.0368700594217332,0.03226905282042993,0.045618010570936195,0.07526264614075129,0.1,0.1,0.1,True,-10,10
2026-08-24 11:09:51.888901,0.0889200271678274,0.0368700594217332,0.03226905282042993,0.045618010570936195,0.07526264614075129,0.1,0.1,0.1,True,-10,10
2026-08-24 11:09:51.904843,0.0889200271678274,0.0368700594217332,0.03226905282042993,0.045618010570936195,0.07526264614075129,0.1,0.1,0.1,True,-10,10
2026-08-24 11:09:51.920725,0.0889200271678274,0.0368700594217332,0.03226905282042993,0.045618010570936195,0.07526264614075129,0.1,0.1,0.1,True,-10,10
2026-08-24 11:09:51.936626,0.0889200271678274,0.0368700594217332,0.03226905282042993,0.045618010570936195,0.07526264614075129,0.1,0.1,0.1,True,-10,10
2026-08-24 11:09:51.955328,0.0889200271678274,0.0368700594217332,0.03226905282042993,0.045618010570936195,0.07526264614075129,0.1,0.1,0.1,True,-10,10
2026-08-24 11:09:51.967993,0.0889200271678274,0.0368700594217332,0.03226905282042993,0.045618010570936195,0.07526264614075129,0.1,0.1,0.1,True,-10,10
2026-08-24 11:09:51.982973,0.0889200271678274,0.0368700594217332,0.03226905282042993,0.045618010570936195,0.07526264614075129,0.1,0.1,0.1,True,-10,10
2026-08-24 11:09:51.999221,0.0889200271678274,0.0368700594217332,0.03226905282042993,0.045618010570936195,0.07526264614075129,0.1,0.1,0.1,True,-10,10
2026-08-24 11:09:52.014233,0.0889200271678274,0.0368700594217332,0.03226905282042993,0.045618010570936195,0.07526264614075129,0.1,0.1,0.1,True,-10,10
2026-08-24 11:09:52.030433,0.0889200271678274,0.0368700594217332,0.03226905282042993,0.045618010570936195,0.07526264614075129,0.1,0.1,0.1,True,-10,10
2026-08-24 11:09:52.047894,0.0889200271678274,0.0368700594217332,0.03226905282042993,0.045618010570936195,0.07526264614075129,0.1,0.1,0.1,True,-10,10
2026-08-24 11:09:52.061732,0.0889200271678274,0.0368700594217332,0.03226905282042993,0.045618010570936195,0.07526264614075129,0.1,0.1,0.1,True,-10,10
2026-08-24 11:09:52.076461,0.0889200271678274,0.0368700594217332,0.03226905282042993,0.045618010570936195,0.07526264614075129,0.1,0.1,0.1,True,-10,10
2026-08-24 11:09:52.096512,0.0889200271678274,0.0368700594217332,0.03226905282042993,0.045618010570936195,0.07526264614075129,0.1,0.1,0.1,True,-10,10
2026-08-24 11:09:52.110581,0.0889200271678274,0.0368700594217332,0.03226905282042993,0.045618010570936195,0.07526264614075129,0.1,0.1,0.1,True,-10,10
2026-08-24 11:09:52.125824,0.0889200271678274,0.0368700594217332,0.03226905282042993,0.045618010570936195,0.07526264614075129,0.1,0.1,0.1,True,-10,10
2026-08-24 11:09:52.142375,0.0889200271678274,0.0368700594217332,0.03226905282042993,0.045618010570936195,0.07526264614075129,0.1,0.1,0.1,True,-10,10
2026-08-24 11:09:52.158252,0.0889200271678274,0.0368700594217332,0.03226905282042993,0.045618010570936195,0.07526264614075129,0.1,0.1,0.1,True,-10,10
2026-08-24 11:09:52.174145,0.0889200271678274,0.0368700594217332,0.03226905282042993,0.045618010570936195,0.07526264614075129,0.1,0.1,0.1,True,-10,10
2026-08-24 11:09:52.190011,0.0889200271678274,0.0368700594217332,0.03226905282042993,0.045618010570936195,0.07526264614075129,0.1,0.1,0.1,True,-10,10
2026-08-24 11:09:52.205930,0.0889200271678274,0.0368700594217332,0.03226905282042993,0.045618010570936195,0.07526264614075129,0.1,0.1,0.1,True,-10,10
2026-08-24 11:09:52.219903,0.0889200271678274,0.0368700594217332,0.03226905282042993,0.045618010570936195,0.07526264614075129,0.1,0.1,0.1,True,-10,10
2026-08-24 11:09:52.237944,0.0889200271678274,0.0368700594217332,0.03226905282042993,0.045618010570936195,0.07526264614075129,0.1,0.1,0.1,True,-10,10
2026-08-24 11:09:52.252446,0.0889200271678274,0.0368700594217332,0.03226905282042993,0.045618010570936195,0.07526264614075129,0.1,0.1,0.1,True,-10,10
2026-08-24 11:09:52.268051,0.0889200271678274,0.0368700594217332,0.03226905282042993,0.045618010570936195,0.07526264614075129,0.1,0.1,0.1,True,-10,10
2026-08-24 11:09:52.283991,0.0889200271678274,0.0368700594217332,0.03226905282042993,0.045618010570936195,0.07526264614075129,0.1,0.1,0.1,True,-10,10
2026-08-24 11:09:52.300490,0.0889200271678274,0.0368700594217332,0.03226905282042993,0.045618010570936195,0.07526264614075129,0.1,0.1,0.1,True,-10,10
2026-08-24 11:09:52.315526,0.0889200271678274,0.0368700594217332,0.03226905282042993,0.045618010570936195,0.07526264614075129,0.1,0.1,0.1,True,-10,10
2026-08-24 11:09:52.332441,0.0889200271678274,0.0368700594217332,0.03226905282042993,0.045618010570936195,0.07526264614075129,0.1,0.1,0.1,True,-10,10
2026-08-24 11:09:52.346061,0.0889200271678274,0.0368700594217332,0.03226905282042993,0.045618010570936195,0.07526264614075129,0.1,0.1,0.1,True,-10,10
2026-08-24 11:09:52.362133,0.0889200271678274,0.0368700594217332,0.03226905282042993,0.045618010570936195,0.07526264614075129,0.1,0.1,0.1,True,-10,10
2026-08-24 11:09:52.379881,0.0889200271678274,0.0368700594217332,0.03226905282042993,0.045618010570936195,0.07526264614075129,0.1,0.1,0.1,True,-10,10
2026-08-24 11:09:52.395367,0.0889200271678274,0.0368700594217332,0.03226905282042993,0.045618010570936195,0.07526264614075129,0.1,0.1,0.1,True,-10,10
2026-08-24 11:09:52.411217,0.0889200271678274,0.0368700594217332,0.03226905282042993,0.045618010570936195,0.07526264614075129,0.1,0.1,0.1,True,-10,10
2026-08-24 11:09:52.427675,0.0889200271678274,0.0368700594217332,0.03226905282042993,0.045618010570936195,0.07526264614075129,0.1,0.1,0.1,True,-10,10
2026-08-24 11:09:52.441560,0.0889200271678274,0.0368700594217332,0.03226905282042993,0.045618010570936195,0.07526264614075129,0.1,0.1,0.1,True,-10,10
2026-08-24 11:09:52.459809,0.0889200271678274,0.0368700594217332,0.03226905282042993,0.045618010570936195,0.07526264614075129,0.1,0.1,0.1,True,-10,10
2026-08-24 11:09:52.475238,0.0889200271678274,0.0368700594217332,0.03226905282042993,0.045618010570936195,0.07526264614075129,0.1,0.1,0.1,True,-10,10
2026-08-24 11:09:52.489360,0.0889200271678274,0.0368700594217332,0.03226905282042993,0.045618010570936195,0.07526264614075129,0.1,0.1,0.1,True,-10,10
2026-08-24 11:09:52.505426,0.0889200271678274,0.0368700594217332,0.03226905282042993,0.045618010570936195,0.07526264614075129,0.1,0.1,0.1,True,-10,10
2026-08-24 11:09:52.521309,0.0889200271678274,0.0368700594217332,0.03226905282042993,0.045618010570936195,0.07526264614075129,0.1,0.1,0.1,True,-10,10
2026-08-24 11:09:52.538841,0.0889200271678274,0.0368700594217332,0.03226905282042993,0.045618010570936195,0.07526264614075129,0.1,0.1,0.1,True,-10,10
2026-08-24 11:09:52.555562,0.0889200271678274,0.0368700594217332,0.03226905282042993,0.045618010570936195,0.07526264614075129,0.1,0.1,0.1,True,-10,10
2026-08-24 11:09:52.570586,0.0889200271678274,0.0368700594217332,0.03226905282042993,0.045618010570936195,0.07526264614075129,0.1,0.1,0.1,True,-10,10
2026-08-24 11:09:52.586236,0.0889200271678274,0.0368700594217332,0.03226905282042993,0.045618010570936195,0.07526264614075129,0.1,0.1,0.1,True,-10,10
2026-08-24 11:09:52.628014,0.057516780819310914,0.0436199865597085,0.07001529361950314,0.1,0.1,0.06352194061043037,0.030573002582171233,0.036286672305338774,True,0.0,0.0
2026-08-24 11:09:52.653492,0.057516780819310914,0.0436199865597085,0.07001529361950314,0.1,0.1,0.06352194061043037,0.030573002582171233,0.036286672305338774,True,0.0,0.0
2026-08-24 11:09:52.665072,0.057516780819310914,0.0436199865597085,0.07001529361950314,0.1,0.1,0.06352194061043037,0.030573002582171233,0.036286672305338774,True,0.0,0.0
2026-08-24 11:09:52.699672,0.055028039117081456,0.04375902160478218,0.07450803795089239,0.1,0.1,0.058701413354159876,0.03016256405734475,0.03786031665259279,True,0.0,0.0
2026-08-24 11:09:52.713070,0.055028039117081456,0.04375902160478218,0.07450803795089239,0.1,0.1,0.058701413354159876,0.03016256405734475,0.03786031665259279,True,0.0,0.0
2026-08-24 11:09:52.730240,0.055028039117081456,0.04375902160478218,0.07450803795089239,0.1,0.1,0.058701413354159876,0.03016256405734475,0.03786031665259279,True,0.0,0.0
2026-08-24 11:09:52.745353,0.055028039117081456,0.04375902160478218,0.07450803795089239,0.1,0.1,0.058701413354159876,0.03016256405734475,0.03786031665259279,True,0.0,0.0
2026-08-24 11:09:52.760257,0.055028039117081456,0.04375902160478218,0.07450803795089239,0.1,0.1,0.058701413354159876,0.03016256405734475,0.03786031665259279,True,0.0,0.0
2026-08-24 11:09:52.774156,0.055028039117081456,0.04375902160478218,0.07450803795089239,0.1,0.1,0.058701413354159876,0.03016256405734475,0.03786031665259279,True,0.0,0.0
2026-08-24 11:09:52.791376,0.055028039117081456,0.04375902160478218,0.07450803795089239,0.1,0.1,0.058701413354159876,0.03016256405734475,0.03786031665259279,True,0.0,0.0
2026-08-24 11:09:52.807498,0.055028039117081456,0.04375902160478218,0.07450803795089239,0.1,0.1,0.058701413354159876,0.03016256405734475,0.03786031665259279,True,0.0,0.0
2026-08-24 11:09:52.823353,0.055028039117081456,0.04375902160478218,0.07450803795089239,0.1,0.1,0.058701413354159876,0.03016256405734475,0.03786031665259279,True,0.0,0.0
2026-08-24 11:09:52.839332,0.055028039117081456,0.04375902160478218,0.07450803795089239,0.1,0.1,0.058701413354159876,0.03016256405734475,0.03786031665259279,True,0.0,0.0
2026-08-24 11:09:52.853177,0.055028039117081456,0.04375902160478218,0.07450803795089239,0.1,0.1,0.058701413354159876,0.03016256405734475,0.03786031665259279,True,0.0,0.0
2026-08-24 11:09:52.869068,0.055028039117081456,0.04375902160478218,0.07450803795089239,0.1,0.1,0.058701413354159876,0.03016256405734475,0.03786031665259279,True,0.0,0.0
2026-08-24 11:09:52.886352,0.055028039117081456,0.04375902160478218,0.07450803795089239,0.1,0.1,0.058701413354159876,0.03016256405734475,0.03786031665259279,True,0.0,0.0
2026-08-24 11:09:52.902542,0.055028039117081456,0.04375902160478218,0.07450803795089239,0.1,0.1,0.058701413354159876,0.03016256405734475,0.03786031665259279,True,0.0,0.0
2026-08-24 11:09:52.918443,0.055028039117081456,0.04375902160478218,0.07450803795089239,0.1,0.1,0.058701413354159876,0.03016256405734475,0.03786031665259279,True,0.0,0.0
2026-08-24 11:09:52.934011,0.055028039117081456,0.04375902160478218,0.07450803795089239,0.1,0.1,0.058701413354159876,0.03016256405734475,0.03786031665259279,True,0.0,0.0
2026-08-24 11:09:52.950130,0.055028039117081456,0.04375902160478218,0.07450803795089239,0.1,0.1,0.058701413354159876,0.03016256405734475,0.03786031665259279,True,0.0,0.0
2026-08-24 11:09:52.965334,0.055028039117081456,0.04375902160478218,0.07450803795089239,0.1,0.1,0.058701413354159876,0.03016256405734475,0.03786031665259279,True,0.0,0.0
2026-08-24 11:09:52.981260,0.055028039117081456,0.04375902160478218,0.07450803795089239,0.1,0.1,0.058701413354159876,0.03016256405734475,0.03786031665259279,True,0.0,0.0
2026-08-24 11:09:52.997129,0.055028039117081456,0.04375902160478218,0.07450803795089239,0.1,0.1,0.058701413354159876,0.03016256405734475,0.03786031665259279,True,0.0,0.0
2026-08-24 11:09:53.012960,0.055028039117081456,0.04375902160478218,0.07450803795089239,0.1,0.1,0.058701413354159876,0.03016256405734475,0.03786031665259279,True,0.0,0.0
2026-08-24 11:09:53.028353,0.055028039117081456,0.04375902160478218,0.07450803795089239,0.1,0.1,0.058701413354159876,0.03016256405734475,0.03786031665259279,True,0.0,0.0
2026-08-24 11:09:53.076020,0.05422080941439436,0.043079631531447594,0.07362217333656128,0.1,0.1,0.05775428694551954,0.029460410158294134,0.037046659655353344,True,0.0,0.0
2026-08-24 11:09:53.096363,0.05422080941439436,0.043079631531447594,0.07362217333656128,0.1,0.1,0.05775428694551954,0.029460410158294134,0.037046659655353344,True,-10,10
2026-08-24 11:09:53.108269,0.05422080941439436,0.043079631531447594,0.07362217333656128,0.1,0.1,0.05775428694551954,0.029460410158294134,0.037046659655353344,True,-10,10
2026-08-24 11:09:53.122139,0.05422080941439436,0.043079631531447594,0.07362217333656128,0.1,0.1,0.05775428694551954,0.029460410158294134,0.037046659655353344,True,-10,10
2026-08-24 11:09:53.139876,0.05422080941439436,0.043079631531447594,0.07362217333656128,0.1,0.1,0.05775428694551954,0.029460410158294134,0.037046659655353344,True,-10,10
2026-08-24 11:09:53.155017,0.05422080941439436,0.043079631531447594,0.07362217333656128,0.1,0.1,0.05775428694551954,0.029460410158294134,0.037046659655353344,True,-10,10
2026-08-24 11:09:53.170913,0.05422080941439436,0.043079631531447594,0.07362217333656128,0.1,0.1,0.05775428694551954,0.029460410158294134,0.037046659655353344,True,-10,10
2026-08-24 11:09:53.187357,0.05422080941439436,0.043079631531447594,0.07362217333656128,0.1,0.1,0.05775428694551954,0.029460410158294134,0.037046659655353344,True,-10,10
2026-08-24 11:09:53.201849,0.05422080941439436,0.043079631531447594,0.07362217333656128,0.1,0.1,0.05775428694551954,0.029460410158294134,0.037046659655353344,True,-10,10
2026-08-24 11:09:53.218659,0.05422080941439436,0.043079631531447594,0.07362217333656128,0.1,0.1,0.05775428694551954,0.029460410158294134,0.037046659655353344,True,-10,10
2026-08-24 11:09:53.233659,0.05422080941439436,0.043079631531447594,0.07362217333656128,0.1,0.1,0.05775428694551954,0.029460410158294134,0.037046659655353344,True,-10,10
2026-08-24 11:09:53.250295,0.05422080941439436,0.043079631531447594,0.07362217333656128,0.1,0.1,0.05775428694551954,0.029460410158294134,0.037046659655353344,True,-10,10
2026-08-24 11:09:53.266217,0.05422080941439436,0.043079631531447594,0.07362217333656128,0.1,0.1,0.05775428694551954,0.029460410158294134,0.037046659655353344,True,-10,10
2026-08-24 11:09:53.280135,0.05422080941439436,0.043079631531447594,0.07362217333656128,0.1,0.1,0.05775428694551954,0.029460410158294134,0.037046659655353344,True,-10,10
2026-08-24 11:09:53.298053,0.05422080941439436,0.043079631531447594,0.07362217333656128,0.1,0.1,0.05775428694551954,0.029460410158294134,0.037046659655353344,True,-10,10
2026-08-24 11:09:53.313940,0.05422080941439436,0.043079631531447594,0.07362217333656128,0.1,0.1,0.05775428694551954,0.029460410158294134,0.037046659655353344,True,-10,10
2026-08-24 11:09:53.329819,0.05422080941439436,0.043079631531447594,0.07362217333656128,0.1,0.1,0.05775428694551954,0.029460410158294134,0.037046659655353344,True,-10,10
2026-08-24 11:09:53.345698,0.05422080941439436,0.043079631531447594,0.07362217333656128,0.1,0.1,0.05775428694551954,0.029460410158294134,0.037046659655353344,True,-10,10
2026-08-24 11:09:53.361572,0.05422080941439436,0.043079631531447594,0.07362217333656128,0.1,0.1,0.05775428694551954,0.029460410158294134,0.037046659655353344,True,-10,10
2026-08-24 11:09:53.375477,0.05422080941439436,0.043079631531447594,0.07362217333656128,0.1,0.1,0.05775428694551954,0.029460410158294134,0.037046659655353344,True,-10,10
2026-08-24 11:09:53.391249,0.05422080941439436,0.043079631531447594,0.07362217333656128,0.1,0.1,0.05775428694551954,0.029460410158294134,0.037046659655353344,True,-10,10
2026-08-24 11:09:53.409195,0.05422080941439436,0.043079631531447594,0.07362217333656128,0.1,0.1,0.05775428694551954,0.029460410158294134,0.037046659655353344,True,-10,10
2026-08-24 11:09:53.425223,0.05422080941439436,0.043079631531447594,0.07362217333656128,0.1,0.1,0.05775428694551954,0.029460410158294134,0.037046659655353344,True,-10,10
2026-08-24 11:09:53.438682,0.05422080941439436,0.043079631531447594,0.07362217333656128,0.1,0.1,0.05775428694551954,0.029460410158294134,0.037046659655353344,True,-10,10
2026-08-24 11:09:53.455585,0.05422080941439436,0.043079631531447594,0.07362217333656128,0.1,0.1,0.05775428694551954,0.029460410158294134,0.037046659655353344,True,-10,10
2026-08-24 11:09:53.471565,0.05422080941439436,0.043079631531447594,0.07362217333656128,0.1,0.1,0.05775428694551954,0.029460410158294134,0.037046659655353344,True,-10,10
2026-08-24 11:09:53.488713,0.05422080941439436,0.043079631531447594,0.07362217333656128,0.1,0.1,0.05775428694551954,0.029460410158294134,0.037046659655353344,True,-10,10
2026-08-24 11:09:53.503151,0.05422080941439436,0.043079631531447594,0.07362217333656128,0.1,0.1,0.05775428694551954,0.029460410158294134,0.037046659655353344,True,-10,10
2026-08-24 11:09:53.517115,0.05422080941439436,0.043079631531447594,0.07362217333656128,0.1,0.1,0.05775428694551954,0.029460410158294134,0.037046659655353344,True,-10,10
2026-08-24 11:09:53.535431,0.05422080941439436,0.043079631531447594,0.07362217333656128,0.1,0.1,0.05775428694551954,0.029460410158294134,0.037046659655353344,True,-10,10
2026-08-24 11:09:53.551054,0.05422080941439436,0.043079631531447594,0.07362217333656128,0.1,0.1,0.05775428694551954,0.029460410158294134,0.037046659655353344,True,-10,10
2026-08-24 11:09:53.564889,0.05422080941439436,0.043079631531447594,0.07362217333656128,0.1,0.1,0.05775428694551954,0.029460410158294134,0.037046659655353344,True,-10,10
2026-08-24 11:09:53.582809,0.05422080941439436,0.043079631531447594,0.07362217333656128,0.1,0.1,0.05775428694551954,0.029460410158294134,0.037046659655353344,True,-10,10
2026-08-24 11:09:53.598650,0.05422080941439436,0.043079631531447594,0.07362217333656128,0.1,0.1,0.05775428694551954,0.029460410158294134,0.037046659655353344,True,-10,10
2026-08-24 11:09:53.614592,0.05422080941439436,0.043079631531447594,0.07362217333656128,0.1,0.1,0.05775428694551954,0.029460410158294134,0.037046659655353344,True,-10,10
2026-08-24 11:09:53.630495,0.05422080941439436,0.043079631531447594,0.07362217333656128,0.1,0.1,0.05775428694551954,0.029460410158294134,0.037046659655353344,True,-10,10
2026-08-24 11:09:53.644358,0.05422080941439436,0.043079631531447594,0.07362217333656128,0.1,0.1,0.05775428694551954,0.029460410158294134,0.037046659655353344,True,-10,10
2026-08-24 11:09:53.660217,0.05422080941439436,0.043079631531447594,0.07362217333656128,0.1,0.1,0.05775428694551954,0.029460410158294134,0.037046659655353344,True,-10,10
2026-08-24 11:09:53.677972,0.05422080941439436,0.043079631531447594,0.07362217333656128,0.1,0.1,0.05775428694551954,0.029460410158294134,0.037046659655353344,True,-10,10
2026-08-24 11:09:53.694227,0.05422080941439436,0.043079631531447594,0.07362217333656128,0.1,0.1,0.05775428694551954,0.029460410158294134,0.037046659655353344,True,-10,10
2026-08-24 11:09:53.708858,0.05422080941439436,0.043079631531447594,0.07362217333656128,0.1,0.1,0.05775428694551954,0.029460410158294134,0.037046659655353344,True,-10,10
2026-08-24 11:09:53.725107,0.05422080941439436,0.043079631531447594,0.07362217333656128,0.1,0.1,0.05775428694551954,0.029460410158294134,0.037046659655353344,True,-10,10
2026-08-24 11:09:53.740954,0.05422080941439436,0.043079631531447594,0.07362217333656128,0.1,0.1,0.05775428694551954,0.029460410158294134,0.037046659655353344,True,-10,10
2026-08-24 11:09:53.756803,0.05422080941439436,0.043079631531447594,0.07362217333656128,0.1,0.1,0.05775428694551954,0.029460410158294134,0.037046659655353344,True,-10,10
2026-08-24 11:09:53.773904,0.05422080941439436,0.043079631531447594,0.07362217333656128,0.1,0.1,0.05775428694551954,0.029460410158294134,0.037046659655353344,True,-10,10
2026-08-24 11:09:53.788209,0.05422080941439436,0.043079631531447594,0.07362217333656128,0.1,0.1,0.05775428694551954,0.029460410158294134,0.037046659655353344,True,-10,10
2026-08-24 11:09:53.804107,0.05422080941439436,0.043079631531447594,0.07362217333656128,0.1,0.1,0.05775428694551954,0.029460410158294134,0.037046659655353344,True,-10,10
2026-08-24 11:09:53.822709,0.05422080941439436,0.043079631531447594,0.07362217333656128,0.1,0.1,0.05775428694551954,0.029460410158294134,0.037046659655353344,True,-10,10
2026-08-24 11:09:53.833167,0.05422080941439436,0.043079631531447594,0.07362217333656128,0.1,0.1,0.05775428694551954,0.029460410158294134,0.037046659655353344,True,-10,10
2026-08-24 11:09:53.850352,0.05422080941439436,0.043079631531447594,0.07362217333656128,0.1,0.1,0.05775428694551954,0.029460410158294134,0.037046659655353344,True,-10,10
2026-08-24 11:09:53.864913,0.05422080941439436,0.043079631531447594,0.07362217333656128,0.1,0.1,0.05775428694551954,0.029460410158294134,0.037046659655353344,True,-10,10
2026-08-24 11:09:53.880524,0.05422080941439436,0.043079631531447594,0.07362217333656128,0.1,0.1,0.05775428694551954,0.029460410158294134,0.037046659655353344,True,-10,10
2026-08-24 11:09:53.898299,0.05422080941439436,0.043079631531447594,0.07362217333656128,0.1,0.1,0.05775428694551954,0.029460410158294134,0.037046659655353344,True,-10,10
2026-08-24 11:09:53.914144,0.05422080941439436,0.043079631531447594,0.07362217333656128,0.1,0.1,0.05775428694551954,0.029460410158294134,0.037046659655353344,True,-10,10
2026-08-24 11:09:53.929190,0.05422080941439436,0.043079631531447594,0.07362217333656128,0.1,0.1,0.05775428694551954,0.029460410158294134,0.037046659655353344,True,-10,10
2026-08-24 11:09:53.944780,0.05422080941439436,0.043079631531447594,0.07362217333656128,0.1,0.1,0.05775428694551954,0.029460410158294134,0.037046659655353344,True,-10,10
2026-08-24 11:09:53.959373,0.05422080941439436,0.043079631531447594,0.07362217333656128,0.1,0.1,0.05775428694551954,0.029460410158294134,0.037046659655353344,True,-10,10
2026-08-24 11:09:53.975228,0.05422080941439436,0.043079631531447594,0.07362217333656128,0.1,0.1,0.05775428694551954,0.029460410158294134,0.037046659655353344,True,-10,10
2026-08-24 11:09:53.993628,0.05422080941439436,0.043079631531447594,0.07362217333656128,0.1,0.1,0.05775428694551954,0.029460410158294134,0.037046659655353344,True,-10,10
2026-08-24 11:09:54.008579,0.05422080941439436,0.043079631531447594,0.07362217333656128,0.1,0.1,0.05775428694551954,0.029460410158294134,0.037046659655353344,True,-10,10
2026-08-24 11:09:54.024140,0.05422080941439436,0.043079631531447594,0.07362217333656128,0.1,0.1,0.05775428694551954,0.029460410158294134,0.037046659655353344,True,-10,10
2026-08-24 11:09:54.038612,0.05422080941439436,0.043079631531447594,0.07362217333656128,0.1,0.1,0.05775428694551954,0.029460410158294134,0.037046659655353344,True,-10,10
2026-08-24 11:09:54.055736,0.05422080941439436,0.043079631531447594,0.07362217333656128,0.1,0.1,0.05775428694551954,0.029460410158294134,0.037046659655353344,True,-10,10
2026-08-24 11:09:54.072742,0.05422080941439436,0.043079631531447594,0.07362217333656128,0.1,0.1,0.05775428694551954,0.029460410158294134,0.037046659655353344,True,-10,10
2026-08-24 11:09:54.116443,0.1,0.1,0.1,0.056881628319165316,0.030534057131788913,0.04825649284325605,0.05269609306224852,0.1,True,0.0,0.0
2026-08-24 11:09:54.139683,0.1,0.1,0.1,0.056881628319165316,0.030534057131788913,0.04825649284325605,0.05269609306224852,0.1,True,0.0,0.0
2026-08-24 11:09:54.154320,0.1,0.1,0.1,0.056881628319165316,0.030534057131788913,0.04825649284325605,0.05269609306224852,0.1,True,0.0,0.0
2026-08-24 11:09:54.192383,0.1,0.1,0.1,0.056927261047109656,0.030665420691744712,0.04819585975489282,0.05271182324526135,0.1,True,0.0,0.0
2026-08-24 11:09:54.214288,0.1,0.1,0.1,0.056927261047109656,0.030665420691744712,0.04819585975489282,0.05271182324526135,0.1,True,0.0,0.0
2026-08-24 11:09:54.230188,0.1,0.1,0.1,0.056927261047109656,0.030665420691744712,0.04819585975489282,0.05271182324526135,0.1,True,0.0,0.0
2026-08-24 11:09:54.248068,0.1,0.1,0.1,0.056927261047109656,0.030665420691744712,0.04819585975489282,0.05271182324526135,0.1,True,0.0,0.0
2026-08-24 11:09:54.263979,0.1,0.1,0.1,0.056927261047109656,0.030665420691744712,0.04819585975489282,0.05271182324526135,0.1,True,0.0,0.0
2026-08-24 11:09:54.280126,0.1,0.1,0.1,0.056927261047109656,0.030665420691744712,0.04819585975489282,0.05271182324526135,0.1,True,0.0,0.0
2026-08-24 11:09:54.295403,0.1,0.1,0.1,0.056927261047109656,0.030665420691744712,0.04819585975489282,0.05271182324526135,0.1,True,0.0,0.0
2026-08-24 11:09:54.309345,0.1,0.1,0.1,0.056927261047109656,0.030665420691744712,0.04819585975489282,0.05271182324526135,0.1,True,0.0,0.0
2026-08-24 11:09:54.327289,0.1,0.1,0.1,0.056927261047109656,0.030665420691744712,0.04819585975489282,0.05271182324526135,0.1,True,0.0,0.0
2026-08-24 11:09:54.343156,0.1,0.1,0.1,0.056927261047109656,0.030665420691744712,0.04819585975489282,0.05271182324526135,0.1,True,0.0,0.0
2026-08-24 11:09:54.359700,0.1,0.1,0.1,0.056927261047109656,0.030665420691744712,0.04819585975489282,0.05271182324526135,0.1,True,0.0,0.0
2026-08-24 11:09:54.374139,0.1,0.1,0.1,0.056927261047109656,0.030665420691744712,0.04819585975489282,0.05271182324526135,0.1,True,0.0,0.0
2026-08-24 11:09:54.388794,0.1,0.1,0.1,0.056927261047109656,0.030665420691744712,0.04819585975489282,0.05271182324526135,0.1,True,0.0,0.0
2026-08-24 11:09:54.406548,0.1,0.1,0.1,0.056927261047109656,0.030665420691744712,0.04819585975489282,0.05271182324526135,0.1,True,0.0,0.0
2026-08-24 11:09:54.421781,0.1,0.1,0.1,0.056927261047109656,0.030665420691744712,0.04819585975489282,0.05271182324526135,0.1,True,0.0,0.0
2026-08-24 11:09:54.436628,0.1,0.1,0.1,0.056927261047109656,0.030665420691744712,0.04819585975489282,0.05271182324526135,0.1,True,0.0,0.0
2026-08-24 11:09:54.452586,0.1,0.1,0.1,0.056927261047109656,0.030665420691744712,0.04819585975489282,0.05271182324526135,0.1,True,0.0,0.0
2026-08-24 11:09:54.469312,0.1,0.1,0.1,0.056927261047109656,0.030665420691744712,0.04819585975489282,0.05271182324526135,0.1,True,0.0,0.0
2026-08-24 11:09:54.486330,0.1,0.1,0.1,0.056927261047109656,0.030665420691744712,0.04819585975489282,0.05271182324526135,0.1,True,0.0,0.0
2026-08-24 11:09:54.498445,0.1,0.1,0.1,0.056927261047109656,0.030665420691744712,0.04819585975489282,0.05271182324526135,0.1,True,0.0,0.0
2026-08-24 11:09:54.551696,0.1,0.1,0.1,0.05757472643468933,0.031066850636144012,0.048104249779611925,0.052598826081423404,0.1,True,0.0,0.0
2026-08-24 11:09:54.561852,0.1,0.1,0.1,0.05757472643468933,0.031066850636144012,0.048104249779611925,0.052598826081423404,0.1,True,0.0,0.0
2026-08-24 11:09:54.579213,0.1,0.1,0.1,0.05757472643468933,0.031066850636144012,0.048104961022404635,0.052598826081423404,0.1,True,-10,10
2026-08-24 11:09:54.599613,0.1,0.1,0.1,0.05757472643468933,0.031066850636144012,0.047911023705649036,0.052598826081423404,0.1,True,-10,10
2026-08-24 11:09:54.611541,0.1,0.1,0.1,0.05757472643468933,0.031066850636144012,0.047911023705649036,0.052598826081423404,0.1,True,-10,10
2026-08-24 11:09:54.627486,0.1,0.1,0.1,0.05757472643468933,0.031066850636144012,0.04762290825160513,0.052598826081423404,0.1,True,-10,10
2026-08-24 11:09:54.643361,0.1,0.1,0.1,0.05757472643468933,0.031066850636144012,0.04697730075622871,0.052598826081423404,0.1,True,-10,10
2026-08-24 11:09:54.657220,0.1,0.1,0.1,0.05757472643468933,0.031066850636144012,0.04607234791628167,0.052598826081423404,0.1,True,-10,10
2026-08-24 11:09:54.674154,0.1,0.1,0.1,0.05757472643468933,0.031066850636144012,0.04569604801621964,0.052598826081423404,0.1,True,-10,10
2026-08-24 11:09:54.690978,0.1,0.1,0.1,0.05757472643468933,0.031066850636144012,0.04569604801621964,0.052598826081423404,0.1,True,-10,10
2026-08-24 11:09:54.706488,0.1,0.1,0.1,0.05757472643468933,0.031066850636144012,0.045208546129981694,0.052598826081423404,0.1,True,-10,10
2026-08-24 11:09:54.721987,0.1,0.1,0.1,0.05757472643468933,0.031066850636144012,0.045208546129981694,0.052598826081423404,0.1,True,-10,10
2026-08-24 11:09:54.736494,0.1,0.1,0.1,0.05757472643468933,0.031066850636144012,0.04512848850379203,0.052598826081423404,0.1,True,-10,10
2026-08-24 11:09:54.756320,0.1,0.1,0.1,0.05757472643468933,0.031066850636144012,0.04509014610715954,0.052598826081423404,0.1,True,-10,10
2026-08-24 11:09:54.771108,0.1,0.1,0.1,0.05757472643468933,0.031066850636144012,0.04519110350382598,0.052598826081423404,0.1,True,-10,10
2026-08-24 11:09:54.787041,0.1,0.1,0.1,0.05757472643468933,0.031066850636144012,0.04538425991618239,0.052598826081423404,0.1,True,-10,10
2026-08-24 11:09:54.801649,0.1,0.1,0.1,0.05757472643468933,0.031066850636144012,0.04538425991618239,0.052598826081423404,0.1,True,-10,10
2026-08-24 11:09:54.817525,0.1,0.1,0.1,0.05757472643468933,0.031066850636144012,0.045661991885087336,0.052598826081423404,0.1,True,-10,10
2026-08-24 11:09:54.832678,0.1,0.1,0.1,0.05757472643468933,0.031066850636144012,0.046019852681358525,0.052598826081423404,0.1,True,-10,10
2026-08-24 11:09:54.849457,0.1,0.1,0.1,0.05757472643468933,0.031066850636144012,0.046973100616399914,0.052598826081423404,0.1,True,-10,10
2026-08-24 11:09:54.864649,0.1,0.1,0.1,0.05757472643468933,0.031066850636144012,0.046973100616399914,0.052598826081423404,0.1,True,-10,10
2026-08-24 11:09:54.878267,0.1,0.1,0.1,0.05757472643468933,0.031066850636144012,0.047534403574637986,0.052598826081423404,0.1,True,-10,10
2026-08-24 11:09:54.893866,0.1,0.1,0.1,0.05757472643468933,0.031066850636144012,0.04815198763466384,0.052598826081423404,0.1,True,-10,10
2026-08-24 11:09:54.911469,0.1,0.1,0.1,0.05757472643468933,0.031066850636144012,0.04971469113365581,0.052598826081423404,0.1,True,-10,10
2026-08-24 11:09:54.925435,0.1,0.1,0.1,0.05757472643468933,0.031066850636144012,0.04971469113365581,0.052598826081423404,0.1,True,-10,10
2026-08-24 11:09:54.943589,0.1,0.1,0.1,0.05757472643468933,0.031066850636144012,0.05153279574681793,0.052598826081423404,0.1,True,-10,10
2026-08-24 11:09:54.959707,0.1,0.1,0.1,0.05757472643468933,0.031066850636144012,0.05153279574681793,0.052598826081423404,0.1,True,-10,10
2026-08-24 11:09:54.974699,0.1,0.1,0.1,0.05757472643468933,0.031066850636144012,0.05259277362890718,0.052598826081423404,0.1,True,-10,10
2026-08-24 11:09:54.990932,0.1,0.1,0.1,0.05757472643468933,0.031066850636144012,0.05526153595525288,0.052598826081423404,0.1,True,-10,10
2026-08-24 11:09:55.010463,0.1,0.1,0.1,0.05757472643468933,0.031066850636144012,0.0566576449688411,0.052598826081423404,0.1,True,-10,10
2026-08-24 11:09:55.023412,0.1,0.1,0.1,0.05757472643468933,0.031066850636144012,0.05816179656535717,0.052598826081423404,0.1,True,-10,10
2026-08-24 11:09:55.039018,0.1,0.1,0.1,0.05757472643468933,0.031066850636144012,0.05816179656535717,0.052598826081423404,0.1,True,-10,10
2026-08-24 11:09:55.056781,0.1,0.1,0.1,0.05757472643468933,0.031066850636144012,0.06191043250016662,0.052598826081423404,0.1,True,-10,10
2026-08-24 11:09:55.068599,0.1,0.1,0.1,0.05757472643468933,0.031066850636144012,0.06385397668045083,0.052598826081423404,0.1,True,-10,10
2026-08-24 11:09:55.087535,0.1,0.1,0.1,0.05757472643468933,0.031066850636144012,0.06595424564590645,0.052598826081423404,0.1,True,-10,10
2026-08-24 11:09:55.105411,0.1,0.1,0.1,0.05757472643468933,0.031066850636144012,0.06595424564590645,0.052598826081423404,0.1,True,-10,10
2026-08-24 11:09:55.117708,0.1,0.1,0.1,0.05757472643468933,0.031066850636144012,0.06825429975812188,0.052598826081423404,0.1,True,-10,10
2026-08-24 11:09:55.134733,0.1,0.1,0.1,0.05757472643468933,0.031066850636144012,0.07079234347429324,0.052598826081423404,0.1,True,-10,10
2026-08-24 11:09:55.150581,0.1,0.1,0.1,0.05757472643468933,0.031066850636144012,0.07395773480249056,0.052598826081423404,0.1,True,-10,10
2026-08-24 11:09:55.165564,0.1,0.1,0.1,0.05757472643468933,0.031066850636144012,0.08019043880828929,0.052598826081423404,0.1,True,-10,10
2026-08-24 11:09:55.185808,0.1,0.1,0.1,0.05757472643468933,0.031066850636144012,0.08019043880828929,0.052598826081423404,0.1,True,-10,10
2026-08-24 11:09:55.197626,0.1,0.1,0.1,0.05757472643468933,0.031066850636144012,0.08852814780310526,0.052598826081423404,0.1,True,-10,10
2026-08-24 11:09:55.217480,0.1,0.1,0.1,0.05757472643468933,0.031066850636144012,0.08852814780310526,0.052598826081423404,0.1,True,-10,10
2026-08-24 11:09:55.229311,0.1,0.1,0.1,0.05757472643468933,0.031066850636144012,0.09381771633567004,0.052598826081423404,0.1,True,-10,10
2026-08-24 11:09:55.245224,0.1,0.1,0.1,0.05757472643468933,0.031066850636144012,0.1,0.052598826081423404,0.1,True,-10,10
2026-08-24 11:09:55.260430,0.1,0.1,0.1,0.05757472643468933,0.031066850636144012,0.1,0.052598826081423404,0.1,True,-10,10
2026-08-24 11:09:55.277614,0.1,0.1,0.1,0.05757472643468933,0.031066850636144012,0.1,0.052598826081423404,0.1,True,-10,10
2026-08-24 11:09:55.291415,0.1,0.1,0.1,0.05757472643468933,0.031066850636144012,0.1,0.052598826081423404,0.1,True,-10,10
2026-08-24 11:09:55.308894,0.1,0.1,0.1,0.05757472643468933,0.031066850636144012,0.1,0.052598826081423404,0.1,True,-10,10
2026-08-24 11:09:55.322974,0.1,0.1,0.1,0.05757472643468933,0.031066850636144012,0.1,0.052598826081423404,0.1,True,-10,10
2026-08-24 11:09:55.342273,0.1,0.1,0.1,0.05757472643468933,0.031066850636144012,0.1,0.052598826081423404,0.1,True,-10,10
2026-08-24 11:09:55.356157,0.1,0.1,0.1,0.05757472643468933,0.031066850636144012,0.1,0.052598826081423404,0.1,True,-10,10
2026-08-24 11:09:55.370848,0.1,0.1,0.1,0.05757472643468933,0.031066850636144012,0.1,0.052598826081423404,0.1,True,-10,10
2026-08-24 11:09:55.386014,0.1,0.1,0.1,0.05757472643468933,0.031066850636144012,0.1,0.052598826081423404,0.1,True,-10,10
2026-08-24 11:09:55.433214,0.1,0.07132034412555945,0.028143246468786465,0.05224989614082673,0.047722055248690665,0.1,0.1,0.1,True,0.0,0.0
2026-08-24 11:09:55.454584,0.1,0.07132034412555945,0.028143246468786465,0.05224989614082673,0.047722055248690665,0.1,0.1,0.1,True,0.0,0.0
2026-08-24 11:09:55.466426,0.1,0.07132034412555945,0.028143246468786465,0.05224989614082673,0.047722055248690665,0.1,0.1,0.1,True,10,-10
2026-08-24 11:09:55.487026,0.1,0.07132034412555945,0.028143246468786465,0.05224989614082673,0.047722055248690665,0.1,0.1,0.1,True,10,-10
2026-08-24 11:09:55.498296,0.1,0.07132034412555945,0.028143246468786465,0.05224989614082673,0.047722055248690665,0.1,0.1,0.1,True,10,-10
2026-08-24 11:09:55.512178,0.1,0.07132034412555945,0.028143246468786465,0.05224989614082673,0.047722055248690665,0.1,0.1,0.1,True,10,-10
2026-08-24 11:09:55.529366,0.1,0.07132034412555945,0.028143246468786465,0.05224989614082673,0.047722055248690665,0.1,0.1,0.1,True,10,-10
2026-08-24 11:09:55.543494,0.1,0.07132034412555945,0.028143246468786465,0.05224989614082673,0.047722055248690665,0.1,0.1,0.1,True,10,-10
2026-08-24 11:09:55.559464,0.1,0.07132034412555945,0.028143246468786465,0.05224989614082673,0.047722055248690665,0.1,0.1,0.1,True,10,-10
2026-08-24 11:09:55.575356,0.1,0.07132034412555945,0.028143246468786465,0.05224989614082673,0.047722055248690665,0.1,0.1,0.1,True,10,-10
2026-08-24 11:09:55.591160,0.1,0.07132034412555945,0.028143246468786465,0.05224989614082673,0.047722055248690665,0.1,0.1,0.1,True,10,-10
2026-08-24 11:09:55.609088,0.1,0.07132034412555945,0.028143246468786465,0.05224989614082673,0.047722055248690665,0.1,0.1,0.1,True,10,-10
2026-08-24 11:09:55.622281,0.1,0.07132034412555945,0.028143246468786465,0.05224989614082673,0.047722055248690665,0.1,0.1,0.1,True,10,-10
2026-08-24 11:09:55.639317,0.1,0.07132034412555945,0.028143246468786465,0.05224989614082673,0.047722055248690665,0.1,0.1,0.1,True,10,-10
2026-08-24 11:09:55.654611,0.1,0.07132034412555945,0.028143246468786465,0.05224989614082673,0.047722055248690665,0.1,0.1,0.1,True,10,-10
2026-08-24 11:09:55.670641,0.1,0.07132034412555945,0.028143246468786465,0.05224989614082673,0.047722055248690665,0.1,0.1,0.1,True,10,-10
2026-08-24 11:09:55.686196,0.1,0.07132034412555945,0.028143246468786465,0.05224989614082673,0.047722055248690665,0.1,0.1,0.1,True,10,-10
2026-08-24 11:09:55.703533,0.1,0.07132034412555945,0.028143246468786465,0.05224989614082673,0.047722055248690665,0.1,0.1,0.1,True,10,-10
2026-08-24 11:09:55.719444,0.1,0.07132034412555945,0.028143246468786465,0.05224989614082673,0.047722055248690665,0.1,0.1,0.1,True,10,-10
2026-08-24 11:09:55.734514,0.1,0.07132034412555945,0.028143246468786465,0.05224989614082673,0.047722055248690665,0.1,0.1,0.1,True,10,-10
2026-08-24 11:09:55.751331,0.1,0.07132034412555945,0.028143246468786465,0.05224989614082673,0.047722055248690665,0.1,0.1,0.1,True,10,-10
2026-08-24 11:09:55.765060,0.1,0.07132034412555945,0.028143246468786465,0.05224989614082673,0.047722055248690665,0.1,0.1,0.1,True,10,-10
2026-08-24 11:09:55.782246,0.1,0.07132034412555945,0.028143246468786465,0.05224989614082673,0.047722055248690665,0.1,0.1,0.1,True,10,-10
2026-08-24 11:09:55.798106,0.1,0.07132034412555945,0.028143246468786465,0.05224989614082673,0.047722055248690665,0.1,0.1,0.1,True,10,-10
2026-08-24 11:09:55.812373,0.1,0.07132034412555945,0.028143246468786465,0.05224989614082673,0.047722055248690665,0.1,0.1,0.1,True,10,-10
2026-08-24 11:09:55.829054,0.1,0.07132034412555945,0.028143246468786465,0.05224989614082673,0.047722055248690665,0.1,0.1,0.1,True,10,-10
2026-08-24 11:09:55.845288,0.1,0.07132034412555945,0.028143246468786465,0.05224989614082673,0.047722055248690665,0.1,0.1,0.1,True,10,-10
2026-08-24 11:09:55.861214,0.1,0.07132034412555945,0.028143246468786465,0.05224989614082673,0.047722055248690665,0.1,0.1,0.1,True,10,-10
2026-08-24 11:09:55.875085,0.1,0.07132034412555945,0.028143246468786465,0.05224989614082673,0.047722055248690665,0.1,0.1,0.1,True,10,-10
2026-08-24 11:09:55.891587,0.1,0.07132034412555945,0.028143246468786465,0.05224989614082673,0.047722055248690665,0.1,0.1,0.1,True,10,-10
2026-08-24 11:09:55.907619,0.1,0.07132034412555945,0.028143246468786465,0.05224989614082673,0.047722055248690665,0.1,0.1,0.1,True,10,-10
2026-08-24 11:09:55.925250,0.1,0.07132034412555945,0.028143246468786465,0.05224989614082673,0.047722055248690665,0.1,0.1,0.1,True,10,-10
2026-08-24 11:09:55.939077,0.1,0.07132034412555945,0.028143246468786465,0.05224989614082673,0.047722055248690665,0.1,0.1,0.1,True,10,-10
2026-08-24 11:09:55.956231,0.1,0.07132034412555945,0.028143246468786465,0.05224989614082673,0.047722055248690665,0.1,0.1,0.1,True,10,-10
2026-08-24 11:09:55.972399,0.1,0.07132034412555945,0.028143246468786465,0.05224989614082673,0.047722055248690665,0.1,0.1,0.1,True,10,-10
2026-08-24 11:09:55.988348,0.1,0.07132034412555945,0.028143246468786465,0.05224989614082673,0.047722055248690665,0.1,0.1,0.1,True,10,-10
2026-08-24 11:09:56.003549,0.1,0.07132034412555945,0.028143246468786465,0.05224989614082673,0.047722055248690665,0.1,0.1,0.1,True,10,-10
2026-08-24 11:09:56.018622,0.1,0.07132034412555945,0.028143246468786465,0.05224989614082673,0.047722055248690665,0.1,0.1,0.1,True,10,-10
2026-08-24 11:09:56.035678,0.1,0.07132034412555945,0.028143246468786465,0.05224989614082673,0.047722055248690665,0.1,0.1,0.1,True,10,-10
2026-08-24 11:09:56.050790,0.1,0.07132034412555945,0.028143246468786465,0.05224989614082673,0.047722055248690665,0.1,0.1,0.1,True,10,-10
2026-08-24 11:09:56.065343,0.1,0.07132034412555945,0.028143246468786465,0.05224989614082673,0.047722055248690665,0.1,0.1,0.1,True,10,-10
2026-08-24 11:09:56.083172,0.1,0.07132034412555945,0.028143246468786465,0.05224989614082673,0.047722055248690665,0.1,0.1,0.1,True,10,-10
2026-08-24 11:09:56.096475,0.1,0.07132034412555945,0.028143246468786465,0.05224989614082673,0.047722055248690665,0.1,0.1,0.1,True,10,-10
2026-08-24 11:09:56.113722,0.1,0.07132034412555945,0.028143246468786465,0.05224989614082673,0.047722055248690665,0.1,0.1,0.1,True,10,-10
2026-08-24 11:09:56.129948,0.1,0.07132034412555945,0.028143246468786465,0.05224989614082673,0.047722055248690665,0.1,0.1,0.1,True,10,-10
2026-08-24 11:09:56.145318,0.1,0.07132034412555945,0.028143246468786465,0.05224989614082673,0.047722055248690665,0.1,0.1,0.1,True,10,-10
2026-08-24 11:09:56.160748,0.1,0.07132034412555945,0.028143246468786465,0.05224989614082673,0.047722055248690665,0.1,0.1,0.1,True,10,-10
2026-08-24 11:09:56.177419,0.1,0.07132034412555945,0.028143246468786465,0.05224989614082673,0.047722055248690665,0.1,0.1,0.1,True,10,-10
2026-08-24 11:09:56.193213,0.1,0.07132034412555945,0.028143246468786465,0.05224989614082673,0.047722055248690665,0.1,0.1,0.1,True,10,-10
2026-08-24 11:09:56.207151,0.1,0.07132034412555945,0.028143246468786465,0.05224989614082673,0.047722055248690665,0.1,0.1,0.1,True,10,-10
2026-08-24 11:09:56.225024,0.1,0.07132034412555945,0.028143246468786465,0.05224989614082673,0.047722055248690665,0.1,0.1,0.1,True,10,-10
2026-08-24 11:09:56.240887,0.1,0.07132034412555945,0.028143246468786465,0.05224989614082673,0.047722055248690665,0.1,0.1,0.1,True,10,-10
2026-08-24 11:09:56.254752,0.1,0.07132034412555945,0.028143246468786465,0.05224989614082673,0.047722055248690665,0.1,0.1,0.1,True,10,-10
2026-08-24 11:09:56.270812,0.1,0.07132034412555945,0.028143246468786465,0.05224989614082673,0.047722055248690665,0.1,0.1,0.1,True,10,-10
2026-08-24 11:09:56.287938,0.1,0.07132034412555945,0.028143246468786465,0.05224989614082673,0.047722055248690665,0.1,0.1,0.1,True,10,-10
2026-08-24 11:09:56.303483,0.1,0.07132034412555945,0.028143246468786465,0.05224989614082673,0.047722055248690665,0.1,0.1,0.1,True,10,-10
2026-08-24 11:09:56.320261,0.1,0.07132034412555945,0.028143246468786465,0.05224989614082673,0.047722055248690665,0.1,0.1,0.1,True,10,-10
2026-08-24 11:09:56.336123,0.1,0.07132034412555945,0.028143246468786465,0.05224989614082673,0.047722055248690665,0.1,0.1,0.1,True,10,-10
2026-08-24 11:09:56.349991,0.1,0.07132034412555945,0.028143246468786465,0.05224989614082673,0.047722055248690665,0.1,0.1,0.1,True,10,-10
2026-08-24 11:09:56.367885,0.1,0.07132034412555945,0.028143246468786465,0.05224989614082673,0.047722055248690665,0.1,0.1,0.1,True,10,-10
2026-08-24 11:09:56.382833,0.1,0.07132034412555945,0.028143246468786465,0.05224989614082673,0.047722055248690665,0.1,0.1,0.1,True,10,-10
2026-08-24 11:09:56.397485,0.1,0.07132034412555945,0.028143246468786465,0.05224989614082673,0.047722055248690665,0.1,0.1,0.1,True,10,-10
2026-08-24 11:09:56.415451,0.1,0.07132034412555945,0.028143246468786465,0.05224989614082673,0.047722055248690665,0.1,0.1,0.1,True,10,-10
2026-08-24 11:09:56.430408,0.1,0.07132034412555945,0.028143246468786465,0.05224989614082673,0.047722055248690665,0.1,0.1,0.1,True,10,-10
2026-08-24 11:09:56.446136,0.1,0.07132034412555945,0.028143246468786465,0.05224989614082673,0.047722055248690665,0.1,0.1,0.1,True,10,-10
2026-08-24 11:09:56.460938,0.1,0.07132034412555945,0.028143246468786465,0.05224989614082673,0.047722055248690665,0.1,0.1,0.1,True,10,-10
2026-08-24 11:09:56.508308,0.1,0.1,0.1,0.1,0.027758457827706542,0.05821345033027068,0.042705457420998245,0.056279755038164785,True,0.0,0.0
2026-08-24 11:09:56.529881,0.1,0.1,0.1,0.1,0.027758457827706542,0.05821345033027068,0.042705457420998245,0.056279755038164785,True,0.0,0.0
2026-08-24 11:09:56.542665,0.1,0.1,0.1,0.1,0.027758457827706542,0.05821345033027068,0.042705457420998245,0.056279755038164785,True,0.0,0.0
2026-08-24 11:09:56.583454,0.1,0.1,0.1,0.1,0.027876865385477536,0.058410679185340666,0.042590588364203,0.05613634340041923,True,0.0,0.0
2026-08-24 11:09:56.604252,0.1,0.1,0.1,0.1,0.027876865385477536,0.058410679185340666,0.042590588364203,0.05613634340041923,True,0.0,0.0
2026-08-24 11:09:56.622905,0.1,0.1,0.1,0.1,0.027876865385477536,0.058410679185340666,0.042590588364203,0.05613634340041923,True,0.0,0.0
2026-08-24 11:09:56.637160,0.1,0.1,0.1,0.1,0.027876865385477536,0.058410679185340666,0.042590588364203,0.05613634340041923,True,0.0,0.0
2026-08-24 11:09:56.652641,0.1,0.1,0.1,0.1,0.027876865385477536,0.058410679185340666,0.042590588364203,0.05613634340041923,True,0.0,0.0
2026-08-24 11:09:56.668696,0.1,0.1,0.1,0.1,0.027876865385477536,0.058410679185340666,0.042590588364203,0.05613634340041923,True,0.0,0.0
2026-08-24 11:09:56.684027,0.1,0.1,0.1,0.1,0.027876865385477536,0.058410679185340666,0.042590588364203,0.05613634340041923,True,0.0,0.0
2026-08-24 11:09:56.697813,0.1,0.1,0.1,0.1,0.027876865385477536,0.058410679185340666,0.042590588364203,0.05613634340041923,True,0.0,0.0
2026-08-24 11:09:56.715443,0.1,0.1,0.1,0.1,0.027876865385477536,0.058410679185340666,0.042590588364203,0.05613634340041923,True,0.0,0.0
2026-08-24 11:09:56.731423,0.1,0.1,0.1,0.1,0.027876865385477536,0.058410679185340666,0.042590588364203,0.05613634340041923,True,0.0,0.0
2026-08-24 11:09:56.745276,0.1,0.1,0.1,0.1,0.027876865385477536,0.058410679185340666,0.042590588364203,0.05613634340041923,True,0.0,0.0
2026-08-24 11:09:56.762176,0.1,0.1,0.1,0.1,0.027876865385477536,0.058410679185340666,0.042590588364203,0.05613634340041923,True,0.0,0.0
2026-08-24 11:09:56.777259,0.1,0.1,0.1,0.1,0.027876865385477536,0.058410679185340666,0.042590588364203,0.05613634340041923,True,0.0,0.0
2026-08-24 11:09:56.793402,0.1,0.1,0.1,0.1,0.027876865385477536,0.058410679185340666,0.042590588364203,0.05613634340041923,True,0.0,0.0
2026-08-24 11:09:56.809856,0.1,0.1,0.1,0.1,0.027876865385477536,0.058410679185340666,0.042590588364203,0.05613634340041923,True,0.0,0.0
2026-08-24 11:09:56.826001,0.1,0.1,0.1,0.1,0.027876865385477536,0.058410679185340666,0.042590588364203,0.05613634340041923,True,0.0,0.0
2026-08-24 11:09:56.842159,0.1,0.1,0.1,0.1,0.027876865385477536,0.058410679185340666,0.042590588364203,0.05613634340041923,True,0.0,0.0
2026-08-24 11:09:56.858169,0.1,0.1,0.1,0.1,0.027876865385477536,0.058410679185340666,0.042590588364203,0.05613634340041923,True,0.0,0.0
2026-08-24 11:09:56.871394,0.1,0.1,0.1,0.1,0.027876865385477536,0.058410679185340666,0.042590588364203,0.05613634340041923,True,0.0,0.0
2026-08-24 11:09:56.888394,0.1,0.1,0.1,0.1,0.027876865385477536,0.058410679185340666,0.042590588364203,0.05613634340041923,True,0.0,0.0
2026-08-24 11:09:56.932472,0.1,0.1,0.1,0.1,0.028883533229474612,0.059862689775202205,0.041758984693418155,0.05519650949005742,True,0.0,0.0
2026-08-24 11:09:56.953220,0.1,0.1,0.1,0.1,0.028883533229474612,0.059862689775202205,0.041758984693418155,0.05519650949005742,True,-10,10
2026-08-24 11:09:56.977180,0.1,0.1,0.1,0.1,0.028883533229474612,0.059862689775202205,0.041758984693418155,0.05519650949005742,True,-10,10
2026-08-24 11:09:56.997905,0.1,0.1,0.1,0.1,0.028883533229474612,0.059862689775202205,0.041758984693418155,0.05519650949005742,True,-10,10
2026-08-24 11:09:57.015868,0.1,0.1,0.1,0.1,0.028883533229474612,0.059862689775202205,0.041758984693418155,0.05519650949005742,True,-10,10
2026-08-24 11:09:57.031714,0.1,0.1,0.1,0.1,0.028883533229474612,0.059862689775202205,0.041758984693418155,0.05519650949005742,True,-10,10
2026-08-24 11:09:57.045594,0.1,0.1,0.1,0.1,0.028883533229474612,0.059862689775202205,0.041758984693418155,0.05519650949005742,True,-10,10
2026-08-24 11:09:57.061977,0.1,0.1,0.1,0.1,0.028883533229474612,0.059862689775202205,0.041758984693418155,0.05519650949005742,True,-10,10
2026-08-24 11:09:57.077267,0.1,0.1,0.1,0.1,0.028883533229474612,0.059862689775202205,0.041758984693418155,0.05519650949005742,True,-10,10
2026-08-24 11:09:57.095189,0.1,0.1,0.1,0.1,0.028883533229474612,0.059862689775202205,0.041758984693418155,0.05519650949005742,True,-10,10
2026-08-24 11:09:57.111057,0.1,0.1,0.1,0.1,0.028883533229474612,0.059862689775202205,0.041758984693418155,0.05519650949005742,True,-10,10
2026-08-24 11:09:57.126275,0.1,0.1,0.1,0.1,0.028883533229474612,0.059862689775202205,0.041758984693418155,0.05519650949005742,True,-10,10
2026-08-24 11:09:57.143115,0.1,0.1,0.1,0.1,0.028883533229474612,0.059862689775202205,0.041758984693418155,0.05519650949005742,True,-10,10
2026-08-24 11:09:57.156896,0.1,0.1,0.1,0.1,0.028883533229474612,0.059862689775202205,0.041758984693418155,0.05519650949005742,True,-10,10
2026-08-24 11:09:57.172764,0.1,0.1,0.1,0.1,0.028883533229474612,0.059862689775202205,0.041758984693418155,0.05519650949005742,True,-10,10
2026-08-24 11:09:57.188724,0.1,0.1,0.1,0.1,0.028883533229474612,0.059862689775202205,0.041758984693418155,0.05519650949005742,True,-10,10
2026-08-24 11:09:57.204518,0.1,0.1,0.1,0.1,0.028883533229474612,0.059862689775202205,0.041758984693418155,0.05519650949005742,True,-10,10
2026-08-24 11:09:57.220418,0.1,0.1,0.1,0.1,0.028883533229474612,0.059862689775202205,0.041758984693418155,0.05519650949005742,True,-10,10
2026-08-24 11:09:57.237823,0.1,0.1,0.1,0.1,0.028883533229474612,0.059862689775202205,0.041758984693418155,0.05519650949005742,True,-10,10
2026-08-24 11:09:57.252548,0.1,0.1,0.1,0.1,0.028883533229474612,0.059862689775202205,0.041758984693418155,0.05519650949005742,True,-10,10
2026-08-24 11:09:57.270475,0.1,0.1,0.1,0.1,0.028883533229474612,0.059862689775202205,0.041758984693418155,0.05519650949005742,True,-10,10
2026-08-24 11:09:57.286256,0.1,0.1,0.1,0.1,0.028883533229474612,0.059862689775202205,0.041758984693418155,0.05519650949005742,True,-10,10
2026-08-24 11:09:57.302169,0.1,0.1,0.1,0.1,0.028883533229474612,0.059862689775202205,0.041758984693418155,0.05519650949005742,True,-10,10
2026-08-24 11:09:57.320197,0.1,0.1,0.1,0.1,0.028883533229474612,0.059862689775202205,0.041758984693418155,0.05519650949005742,True,-10,10
2026-08-24 11:09:57.333645,0.1,0.1,0.1,0.1,0.028883533229474612,0.059862689775202205,0.041758984693418155,0.05519650949005742,True,-10,10
2026-08-24 11:09:57.349598,0.1,0.1,0.1,0.1,0.028883533229474612,0.059862689775202205,0.041758984693418155,0.05519650949005742,True,-10,10
2026-08-24 11:09:57.365483,0.1,0.1,0.1,0.1,0.028883533229474612,0.059862689775202205,0.041758984693418155,0.05519650949005742,True,-10,10
2026-08-24 11:09:57.381486,0.1,0.1,0.1,0.1,0.028883533229474612,0.059862689775202205,0.041758984693418155,0.05519650949005742,True,-10,10
2026-08-24 11:09:57.396441,0.1,0.1,0.1,0.1,0.028883533229474612,0.059862689775202205,0.041758984693418155,0.05519650949005742,True,-10,10
2026-08-24 11:09:57.414569,0.1,0.1,0.1,0.1,0.028883533229474612,0.059862689775202205,0.041758984693418155,0.05519650949005742,True,-10,10
2026-08-24 11:09:57.427819,0.1,0.1,0.1,0.1,0.028883533229474612,0.059862689775202205,0.041758984693418155,0.05519650949005742,True,-10,10
2026-08-24 11:09:57.444327,0.1,0.1,0.1,0.1,0.028883533229474612,0.059862689775202205,0.041758984693418155,0.05519650949005742,True,-10,10
2026-08-24 11:09:57.459726,0.1,0.1,0.1,0.1,0.028883533229474612,0.059862689775202205,0.041758984693418155,0.05519650949005742,True,-10,10
2026-08-24 11:09:57.477315,0.1,0.1,0.1,0.1,0.028883533229474612,0.059862689775202205,0.041758984693418155,0.05519650949005742,True,-10,10
2026-08-24 11:09:57.493197,0.1,0.1,0.1,0.1,0.028883533229474612,0.059862689775202205,0.041758984693418155,0.05519650949005742,True,-10,10
2026-08-24 11:09:57.508933,0.1,0.1,0.1,0.1,0.028883533229474612,0.059862689775202205,0.041758984693418155,0.05519650949005742,True,-10,10
2026-08-24 11:09:57.523278,0.1,0.1,0.1,0.1,0.028883533229474612,0.059862689775202205,0.041758984693418155,0.05519650949005742,True,-10,10
2026-08-24 11:09:57.538848,0.1,0.1,0.1,0.1,0.028883533229474612,0.059862689775202205,0.041758984693418155,0.05519650949005742,True,-10,10
2026-08-24 11:09:57.555869,0.1,0.1,0.1,0.1,0.028883533229474612,0.059862689775202205,0.041758984693418155,0.05519650949005742,True,-10,10
2026-08-24 11:09:57.572292,0.1,0.1,0.1,0.1,0.028883533229474612,0.059862689775202205,0.041758984693418155,0.05519650949005742,True,-10,10
2026-08-24 11:09:57.588182,0.1,0.1,0.1,0.1,0.028883533229474612,0.059862689775202205,0.041758984693418155,0.05519650949005742,True,-10,10
2026-08-24 11:09:57.601886,0.1,0.1,0.1,0.1,0.028883533229474612,0.059862689775202205,0.041758984693418155,0.05519650949005742,True,-10,10
2026-08-24 11:09:57.617642,0.1,0.1,0.1,0.1,0.028883533229474612,0.059862689775202205,0.041758984693418155,0.05519650949005742,True,-10,10
2026-08-24 11:09:57.633428,0.1,0.1,0.1,0.1,0.028883533229474612,0.059862689775202205,0.041758984693418155,0.05519650949005742,True,-10,10
2026-08-24 11:09:57.650205,0.1,0.1,0.1,0.1,0.028883533229474612,0.059862689775202205,0.041758984693418155,0.05519650949005742,True,-10,10
2026-08-24 11:09:57.665829,0.1,0.1,0.1,0.1,0.028883533229474612,0.059862689775202205,0.041758984693418155,0.05519650949005742,True,-10,10
2026-08-24 11:09:57.680363,0.1,0.1,0.1,0.1,0.028883533229474612,0.059862689775202205,0.041758984693418155,0.05519650949005742,True,-10,10
2026-08-24 11:09:57.698342,0.1,0.1,0.1,0.1,0.028883533229474612,0.059862689775202205,0.041758984693418155,0.05519650949005742,True,-10,10
2026-08-24 11:09:57.711901,0.1,0.1,0.1,0.1,0.028883533229474612,0.059862689775202205,0.041758984693418155,0.05519650949005742,True,-10,10
2026-08-24 11:09:57.729736,0.1,0.1,0.1,0.1,0.028883533229474612,0.059862689775202205,0.041758984693418155,0.05519650949005742,True,-10,10
2026-08-24 11:09:57.743472,0.1,0.1,0.1,0.1,0.028883533229474612,0.059862689775202205,0.041758984693418155,0.05519650949005742,True,-10,10
2026-08-24 11:09:57.761445,0.1,0.1,0.1,0.1,0.028883533229474612,0.059862689775202205,0.041758984693418155,0.05519650949005742,True,-10,10
2026-08-24 11:09:57.775288,0.1,0.1,0.1,0.1,0.028883533229474612,0.059862689775202205,0.041758984693418155,0.05519650949005742,True,-10,10
2026-08-24 11:09:57.793303,0.1,0.1,0.1,0.1,0.028883533229474612,0.059862689775202205,0.041758984693418155,0.05519650949005742,True,-10,10
2026-08-24 11:09:57.807156,0.1,0.1,0.1,0.1,0.028883533229474612,0.059862689775202205,0.041758984693418155,0.05519650949005742,True,-10,10
2026-08-24 11:09:57.824345,0.1,0.1,0.1,0.1,0.028883533229474612,0.059862689775202205,0.041758984693418155,0.05519650949005742,True,-10,10
2026-08-24 11:09:57.842223,0.1,0.1,0.1,0.1,0.028883533229474612,0.059862689775202205,0.041758984693418155,0.05519650949005742,True,-10,10
2026-08-24 11:09:57.856385,0.1,0.1,0.1,0.1,0.028883533229474612,0.059862689775202205,0.041758984693418155,0.05519650949005742,True,-10,10
2026-08-24 11:09:57.870313,0.1,0.1,0.1,0.1,0.028883533229474612,0.059862689775202205,0.041758984693418155,0.05519650949005742,True,-10,10
2026-08-24 11:09:57.886419,0.1,0.1,0.1,0.1,0.028883533229474612,0.059862689775202205,0.041758984693418155,0.05519650949005742,True,-10,10
2026-08-24 11:09:57.904275,0.1,0.1,0.1,0.1,0.028883533229474612,0.059862689775202205,0.041758984693418155,0.05519650949005742,True,-10,10
2026-08-24 11:09:57.919075,0.1,0.1,0.1,0.1,0.028883533229474612,0.059862689775202205,0.041758984693418155,0.05519650949005742,True,-10,10
2026-08-24 11:09:57.935521,0.1,0.1,0.1,0.1,0.028883533229474612,0.059862689775202205,0.041758984693418155,0.05519650949005742,True,-10,10
2026-08-24 11:09:57.950462,0.1,0.1,0.1,0.1,0.028883533229474612,0.059862689775202205,0.041758984693418155,0.05519650949005742,True,-10,10
2026-08-24 11:09:58.001153,0.1,0.07505947386208472,0.029383547111890118,0.05248754499159711,0.04600143409504445,0.1,0.1,0.1,True,0.0,0.0
2026-08-24 11:09:58.013416,0.1,0.07505947386208472,0.029383547111890118,0.05248754499159711,0.04600143409504445,0.1,0.1,0.1,True,0.0,0.0
2026-08-24 11:09:58.030011,0.1,0.07505947386208472,0.029383547111890118,0.05248754499159711,0.04600143409504445,0.1,0.1,0.1,True,0.0,0.0
2026-08-24 11:09:58.070212,0.1,0.07514583298863031,0.02945041256452043,0.05260132890956581,0.04635858574403812,0.1,0.1,0.1,True,0.0,0.0
2026-08-24 11:09:58.077999,0.1,0.07514583298863031,0.02945041256452043,0.05260132890956581,0.04635858574403812,0.1,0.1,0.1,True,0.0,0.0
2026-08-24 11:09:58.095225,0.1,0.07514583298863031,0.02945041256452043,0.05260132890956581,0.04635858574403812,0.1,0.1,0.1,True,0.0,0.0
2026-08-24 11:09:58.109411,0.1,0.07514583298863031,0.02945041256452043,0.05260132890956581,0.04635858574403812,0.1,0.1,0.1,True,0.0,0.0
2026-08-24 11:09:58.126891,0.1,0.07514583298863031,0.02945041256452043,0.05260132890956581,0.04635858574403812,0.1,0.1,0.1,True,0.0,0.0
2026-08-24 11:09:58.140950,0.1,0.07514583298863031,0.02945041256452043,0.05260132890956581,0.04635858574403812,0.1,0.1,0.1,True,0.0,0.0
2026-08-24 11:09:58.155869,0.1,0.07514583298863031,0.02945041256452043,0.05260132890956581,0.04635858574403812,0.1,0.1,0.1,True,0.0,0.0
2026-08-24 11:09:58.172643,0.1,0.07514583298863031,0.02945041256452043,0.05260132890956581,0.04635858574403812,0.1,0.1,0.1,True,0.0,0.0
2026-08-24 11:09:58.186521,0.1,0.07514583298863031,0.02945041256452043,0.05260132890956581,0.04635858574403812,0.1,0.1,0.1,True,0.0,0.0
2026-08-24 11:09:58.205983,0.1,0.07514583298863031,0.02945041256452043,0.05260132890956581,0.04635858574403812,0.1,0.1,0.1,True,0.0,0.0
2026-08-24 11:09:58.220155,0.1,0.07514583298863031,0.02945041256452043,0.05260132890956581,0.04635858574403812,0.1,0.1,0.1,True,0.0,0.0
2026-08-24 11:09:58.236066,0.1,0.07514583298863031,0.02945041256452043,0.05260132890956581,0.04635858574403812,0.1,0.1,0.1,True,0.0,0.0
2026-08-24 11:09:58.251955,0.1,0.07514583298863031,0.02945041256452043,0.05260132890956581,0.04635858574403812,0.1,0.1,0.1,True,0.0,0.0
2026-08-24 11:09:58.267747,0.1,0.07514583298863031,0.02945041256452043,0.05260132890956581,0.04635858574403812,0.1,0.1,0.1,True,0.0,0.0
2026-08-24 11:09:58.282919,0.1,0.07514583298863031,0.02945041256452043,0.05260132890956581,0.04635858574403812,0.1,0.1,0.1,True,0.0,0.0
2026-08-24 11:09:58.299548,0.1,0.07514583298863031,0.02945041256452043,0.05260132890956581,0.04635858574403812,0.1,0.1,0.1,True,0.0,0.0
2026-08-24 11:09:58.314600,0.1,0.07514583298863031,0.02945041256452043,0.05260132890956581,0.04635858574403812,0.1,0.1,0.1,True,0.0,0.0
2026-08-24 11:09:58.330066,0.1,0.07514583298863031,0.02945041256452043,0.05260132890956581,0.04635858574403812,0.1,0.1,0.1,True,0.0,0.0
2026-08-24 11:09:58.345597,0.1,0.07514583298863031,0.02945041256452043,0.05260132890956581,0.04635858574403812,0.1,0.1,0.1,True,0.0,0.0
2026-08-24 11:09:58.362947,0.1,0.07514583298863031,0.02945041256452043,0.05260132890956581,0.04635858574403812,0.1,0.1,0.1,True,0.0,0.0
2026-08-24 11:09:58.378062,0.1,0.07514583298863031,0.02945041256452043,0.05260132890956581,0.04635858574403812,0.1,0.1,0.1,True,0.0,0.0
2026-08-24 11:09:58.394185,0.1,0.07514583298863031,0.02945041256452043,0.05260132890956581,0.04635858574403812,0.1,0.1,0.1,True,0.0,0.0
2026-08-24 11:09:58.409555,0.1,0.07514583298863031,0.02945041256452043,0.05260132890956581,0.04635858574403812,0.1,0.1,0.1,True,0.0,0.0
2026-08-24 11:09:58.424152,0.1,0.07514583298863031,0.02945041256452043,0.05260132890956581,0.04635858574403812,0.1,0.1,0.1,True,0.0,0.0
2026-08-24 11:09:58.464035,0.1,0.07518405403939601,0.02939497032121783,0.05241322365914378,0.04625037492833603,0.1,0.1,0.1,True,0.0,0.0
2026-08-24 11:09:58.475181,0.1,0.07518405403939601,0.02939497032121783,0.05241322365914378,0.04625037492833603,0.1,0.1,0.1,True,-10,10
2026-08-24 11:09:58.494000,0.1,0.07518405403939601,0.02939497032121783,0.05241322365914378,0.04625037492833603,0.1,0.1,0.1,True,-10,10
2026-08-24 11:09:58.505873,0.1,0.07518405403939601,0.02939497032121783,0.05241322365914378,0.04625037492833603,0.1,0.1,0.1,True,-10,10
2026-08-24 11:09:58.522907,0.1,0.07518405403939601,0.02939497032121783,0.05241322365914378,0.04625037492833603,0.1,0.1,0.1,True,-10,10
2026-08-24 11:09:58.537777,0.1,0.07518405403939601,0.02939497032121783,0.05241322365914378,0.04625037492833603,0.1,0.1,0.1,True,-10,10
2026-08-24 11:09:58.554982,0.1,0.07518405403939601,0.02939497032121783,0.05241322365914378,0.04625037492833603,0.1,0.1,0.1,True,-10,10
2026-08-24 11:09:58.569101,0.1,0.07518405403939601,0.02939497032121783,0.05241322365914378,0.04625037492833603,0.1,0.1,0.1,True,-10,10
2026-08-24 11:09:58.586825,0.1,0.07518405403939601,0.02939497032121783,0.05241322365914378,0.04625037492833603,0.1,0.1,0.1,True,-10,10
2026-08-24 11:09:58.600292,0.1,0.07518405403939601,0.02939497032121783,0.05241322365914378,0.04625037492833603,0.1,0.1,0.1,True,-10,10
2026-08-24 11:09:58.618318,0.1,0.07518405403939601,0.02939497032121783,0.05241322365914378,0.04625037492833603,0.1,0.1,0.1,True,-10,10
2026-08-24 11:09:58.630433,0.1,0.07518405403939601,0.02939497032121783,0.05241322365914378,0.04625037492833603,0.1,0.1,0.1,True,-10,10
2026-08-24 11:09:58.646278,0.1,0.07518405403939601,0.02939497032121783,0.05241322365914378,0.04625037492833603,0.1,0.1,0.1,True,-10,10
2026-08-24 11:09:58.663955,0.1,0.07518405403939601,0.02939497032121783,0.05241322365914378,0.04625037492833603,0.1,0.1,0.1,True,-10,10
2026-08-24 11:09:58.679860,0.1,0.07518405403939601,0.02939497032121783,0.05241322365914378,0.04625037492833603,0.1,0.1,0.1,True,-10,10
2026-08-24 11:09:58.696075,0.1,0.07518405403939601,0.02939497032121783,0.05241322365914378,0.04625037492833603,0.1,0.1,0.1,True,-10,10
2026-08-24 11:09:58.711871,0.09328692934021965,0.07518405403939601,0.02939497032121783,0.05241322365914378,0.04625037492833603,0.1,0.1,0.1,True,-10,10
2026-08-24 11:09:58.730761,0.09328692934021965,0.07518405403939601,0.02939497032121783,0.05241322365914378,0.04625037492833603,0.1,0.1,0.1,True,-10,10
2026-08-24 11:09:58.743878,0.07965768530132088,0.07518405403939601,0.02939497032121783,0.05241322365914378,0.04625037492833603,0.1,0.1,0.1,True,-10,10
2026-08-24 11:09:58.764763,0.07381106858903043,0.07518405403939601,0.02939497032121783,0.05241322365914378,0.04625037492833603,0.1,0.1,0.1,True,-10,10
2026-08-24 11:09:58.779663,0.06865841939365082,0.07518405403939601,0.02939497032121783,0.05241322365914378,0.04625037492833603,0.1,0.1,0.1,True,-10,10
2026-08-24 11:09:58.791691,0.06865841939365082,0.07518405403939601,0.02939497032121783,0.05241322365914378,0.04625037492833603,0.1,0.1,0.1,True,-10,10
2026-08-24 11:09:58.804843,0.06038914720346217,0.07518405403939601,0.02939497032121783,0.05241322365914378,0.04625037492833603,0.1,0.1,0.1,True,-10,10
2026-08-24 11:09:58.826242,0.06038914720346217,0.07518405403939601,0.02939497032121783,0.05241322365914378,0.04625037492833603,0.1,0.1,0.1,True,-10,10
2026-08-24 11:09:58.837526,0.053342437328503425,0.07518405403939601,0.02939497032121783,0.05241322365914378,0.04625037492833603,0.1,0.1,0.1,True,-10,10
2026-08-24 11:09:58.858333,0.050364158438585285,0.07518405403939601,0.02939497032121783,0.05241322365914378,0.04625037492833603,0.1,0.1,0.1,True,-10,10
2026-08-24 11:09:58.871133,0.04771542954759048,0.07518405403939601,0.02939497032121783,0.05241322365914378,0.04625037492833603,0.1,0.1,0.1,True,-10,10
2026-08-24 11:09:58.886846,0.045254039890604676,0.07518405403939601,0.02939497032121783,0.05241322365914378,0.04625037492833603,0.1,0.1,0.1,True,-10,10
2026-08-24 11:09:58.902232,0.04305871281015063,0.07518405403939601,0.02939497032121783,0.05241322365914378,0.04625037492833603,0.1,0.1,0.1,True,-10,10
2026-08-24 11:09:58.921083,0.04305871281015063,0.07518405403939601,0.02939497032121783,0.05241322365914378,0.04625037492833603,0.1,0.1,0.1,True,-10,10
2026-08-24 11:09:58.934399,0.04097354157321314,0.07518405403939601,0.02939497032121783,0.05241322365914378,0.04625037492833603,0.1,0.1,0.1,True,-10,10
2026-08-24 11:09:58.948502,0.03903467707526828,0.07518405403939601,0.02939497032121783,0.05241322365914378,0.04625037492833603,0.1,0.1,0.1,True,-10,10
2026-08-24 11:09:58.965904,0.03759597864250407,0.07518405403939601,0.02939497032121783,0.05241322365914378,0.04625037492833603,0.1,0.1,0.1,True,-10,10
2026-08-24 11:09:58.979711,0.03476796381398738,0.07518405403939601,0.02939497032121783,0.05241322365914378,0.04625037492833603,0.1,0.1,0.09925986052103741,True,-10,10
2026-08-24 11:09:58.999622,0.03338520615416177,0.07518405403939601,0.02939497032121783,0.05241322365914378,0.04625037492833603,0.1,0.1,0.09082096849095966,True,-10,10
2026-08-24 11:09:59.014721,0.03338520615416177,0.07518405403939601,0.02939497032121783,0.05241322365914378,0.04625037492833603,0.1,0.1,0.09082096849095966,True,-10,10
2026-08-24 11:09:59.032682,0.03211461705762769,0.07518405403939601,0.02939497032121783,0.05241322365914378,0.04625037492833603,0.1,0.1,0.08344794193664162,True,-10,10
2026-08-24 11:09:59.043780,0.030949640257625234,0.07518405403939601,0.02939497032121783,0.05241322365914378,0.04625037492833603,0.1,0.1,0.0769398515237831,True,-10,10
2026-08-24 11:09:59.064854,0.029894631311004085,0.07518405403939601,0.02939497032121783,0.05241322365914378,0.04625037492833603,0.1,0.1,0.07120545171817415,True,-10,10
2026-08-24 11:09:59.075189,0.028092953590973992,0.07518405403939601,0.02939497032121783,0.05241322365914378,0.04625037492833603,0.1,0.1,0.06169406962355676,True,-10,10
2026-08-24 11:09:59.100228,0.028092953590973992,0.07518405403939601,0.02939497032121783,0.05241322365914378,0.04625037492833603,0.1,0.1,0.06169406962355676,True,-10,10
2026-08-24 11:09:59.120377,0.02657075148701298,0.07518405403939601,0.02939497032121783,0.05241322365914378,0.04625037492833603,0.1,0.1,0.053781493408060765,True,-10,10
2026-08-24 11:09:59.142952,0.02657075148701298,0.07518405403939601,0.02939497032121783,0.05241322365914378,0.04625037492833603,0.1,0.1,0.053781493408060765,True,-10,10
2026-08-24 11:09:59.154077,0.02594086892238522,0.07518405403939601,0.02939497032121783,0.05241322365914378,0.04625037492833603,0.1,0.1,0.05044612622921351,True,-10,10
2026-08-24 11:09:59.169939,0.02539539400054901,0.07518405403939601,0.02939497032121783,0.05241322365914378,0.04625037492833603,0.1,0.1,0.04748012277019154,True,-10,10
2026-08-24 11:09:59.187115,0.024918040119761627,0.07518405403939601,0.02939497032121783,0.05241322365914378,0.04625037492833603,0.1,0.1,0.044728053937868745,True,-10,10
2026-08-24 11:09:59.200206,0.02449136492769438,0.07518405403939601,0.02939497032121783,0.05241322365914378,0.04625037492833603,0.1,0.1,0.04213715527068954,True,-10,10
2026-08-24 11:09:59.218681,0.02414314346937285,0.07518405403939601,0.02939497032121783,0.05241322365914378,0.04625037492833603,0.1,0.1,0.03981723736393862,True,-10,10
2026-08-24 11:09:59.231718,0.0236500969878296,0.07518405403939601,0.02939497032121783,0.05241322365914378,0.04625037492833603,0.1,0.1,0.03588466733647845,True,-10,10
2026-08-24 11:09:59.245834,0.023515484529227946,0.07518405403939601,0.02939497032121783,0.05241322365914378,0.04625037492833603,0.1,0.1,0.034075607787137314,True,-10,10
2026-08-24 11:09:59.269582,0.023515484529227946,0.07518405403939601,0.02939497032121783,0.05241322365914378,0.04625037492833603,0.1,0.1,0.034075607787137314,True,-10,10
2026-08-24 11:09:59.280334,0.02344129107534478,0.07518405403939601,0.02939497032121783,0.05241322365914378,0.04625037492833603,0.1,0.1,0.03242956329779708,True,-10,10
2026-08-24 11:09:59.337792,0.023656170777625163,0.04029834242109162,0.04882898900163949,0.09078863514070755,0.1,0.1,0.08656939053245848,0.031229932337232636,True,0.0,0.0
2026-08-24 11:09:59.364232,0.023656170777625163,0.04029834242109162,0.04882898900163949,0.09078863514070755,0.1,0.1,0.08656939053245848,0.031229932337232636,True,10,-10
2026-08-24 11:09:59.374134,0.023656170777625163,0.04029834242109162,0.04882898900163949,0.09078863514070755,0.1,0.1,0.08656939053245848,0.031229932337232636,True,10,-10
2026-08-24 11:09:59.388049,0.023656170777625163,0.04029834242109162,0.04882898900163949,0.09078863514070755,0.1,0.1,0.08656939053245848,0.031229932337232636,True,10,-10
2026-08-24 11:09:59.406141,0.023656170777625163,0.04029834242109162,0.04882898900163949,0.09078863514070755,0.1,0.1,0.08656939053245848,0.031229932337232636,True,10,-10
2026-08-24 11:09:59.422346,0.023656170777625163,0.04029834242109162,0.04882898900163949,0.09078863514070755,0.1,0.1,0.08656939053245848,0.031229932337232636,True,10,-10
2026-08-24 11:09:59.437222,0.023656170777625163,0.04029834242109162,0.04882898900163949,0.09078863514070755,0.1,0.1,0.08656939053245848,0.031229932337232636,True,10,-10
2026-08-24 11:09:59.453913,0.023656170777625163,0.04029834242109162,0.04882898900163949,0.09078863514070755,0.1,0.1,0.08656939053245848,0.031229932337232636,True,10,-10
2026-08-24 11:09:59.469013,0.023656170777625163,0.04029834242109162,0.04882898900163949,0.09078863514070755,0.1,0.1,0.08656939053245848,0.031229932337232636,True,10,-10
2026-08-24 11:09:59.485581,0.023656170777625163,0.04029834242109162,0.04882898900163949,0.09078863514070755,0.1,0.1,0.08656939053245848,0.031229932337232636,True,10,-10
2026-08-24 11:09:59.501566,0.023656170777625163,0.04029834242109162,0.04882898900163949,0.09078863514070755,0.1,0.1,0.08656939053245848,0.031229932337232636,True,10,-10
2026-08-24 11:09:59.517310,0.023656170777625163,0.04029834242109162,0.04882898900163949,0.09078863514070755,0.1,0.1,0.08656939053245848,0.031229932337232636,True,10,-10
2026-08-24 11:09:59.533785,0.023656170777625163,0.04029834242109162,0.04882898900163949,0.09078863514070755,0.1,0.1,0.08656939053245848,0.031229932337232636,True,10,-10
2026-08-24 11:09:59.548468,0.023656170777625163,0.04029834242109162,0.04882898900163949,0.09078863514070755,0.1,0.1,0.08656939053245848,0.031229932337232636,True,10,-10
2026-08-24 11:09:59.564585,0.023656170777625163,0.04029834242109162,0.04882898900163949,0.09078863514070755,0.1,0.1,0.08656939053245848,0.031229932337232636,True,10,-10
2026-08-24 11:09:59.579577,0.023656170777625163,0.04029834242109162,0.04882898900163949,0.09078863514070755,0.1,0.1,0.08656939053245848,0.031229932337232636,True,10,-10
2026-08-24 11:09:59.594215,0.023656170777625163,0.04029834242109162,0.04882898900163949,0.09078863514070755,0.1,0.1,0.08656939053245848,0.031229932337232636,True,10,-10
2026-08-24 11:09:59.610019,0.023656170777625163,0.04029834242109162,0.04882898900163949,0.09078863514070755,0.1,0.1,0.08656939053245848,0.031229932337232636,True,10,-10
2026-08-24 11:09:59.627987,0.023656170777625163,0.04029834242109162,0.04882898900163949,0.09078863514070755,0.1,0.1,0.08656939053245848,0.031229932337232636,True,10,-10
2026-08-24 11:09:59.644018,0.023656170777625163,0.04029834242109162,0.04882898900163949,0.09078863514070755,0.1,0.1,0.08656939053245848,0.031229932337232636,True,10,-10
2026-08-24 11:09:59.658485,0.023656170777625163,0.04029834242109162,0.04882898900163949,0.09078863514070755,0.1,0.1,0.08656939053245848,0.031229932337232636,True,10,-10
2026-08-24 11:09:59.673158,0.023656170777625163,0.04029834242109162,0.04882898900163949,0.09078863514070755,0.1,0.1,0.08656939053245848,0.031229932337232636,True,10,-10
2026-08-24 11:09:59.691152,0.023656170777625163,0.04029834242109162,0.04882898900163949,0.09078863514070755,0.1,0.1,0.08656939053245848,0.031229932337232636,True,10,-10
2026-08-24 11:09:59.707033,0.023656170777625163,0.04029834242109162,0.04882898900163949,0.09078863514070755,0.1,0.1,0.08656939053245848,0.031229932337232636,True,10,-10
2026-08-24 11:09:59.723037,0.023656170777625163,0.04029834242109162,0.04882898900163949,0.09078863514070755,0.1,0.1,0.08656939053245848,0.031229932337232636,True,10,-10
2026-08-24 11:09:59.740391,0.023656170777625163,0.04029834242109162,0.04882898900163949,0.09078863514070755,0.1,0.1,0.08656939053245848,0.031229932337232636,True,10,-10
2026-08-24 11:09:59.754850,0.023656170777625163,0.04029834242109162,0.04882898900163949,0.09078863514070755,0.1,0.1,0.08656939053245848,0.031229932337232636,True,10,-10
2026-08-24 11:09:59.770439,0.023656170777625163,0.04029834242109162,0.04882898900163949,0.09078863514070755,0.1,0.1,0.08656939053245848,0.031229932337232636,True,10,-10
2026-08-24 11:09:59.786046,0.023656170777625163,0.04029834242109162,0.04882898900163949,0.09078863514070755,0.1,0.1,0.08656939053245848,0.031229932337232636,True,10,-10
2026-08-24 11:09:59.801613,0.023656170777625163,0.04029834242109162,0.04882898900163949,0.09078863514070755,0.1,0.1,0.08656939053245848,0.031229932337232636,True,10,-10
2026-08-24 11:09:59.817608,0.023656170777625163,0.04029834242109162,0.04882898900163949,0.09078863514070755,0.1,0.1,0.08656939053245848,0.031229932337232636,True,10,-10
2026-08-24 11:09:59.831322,0.023656170777625163,0.04029834242109162,0.04882898900163949,0.09078863514070755,0.1,0.1,0.08656939053245848,0.031229932337232636,True,10,-10
2026-08-24 11:09:59.848742,0.023656170777625163,0.04029834242109162,0.04882898900163949,0.09078863514070755,0.1,0.1,0.08656939053245848,0.031229932337232636,True,10,-10
2026-08-24 11:09:59.863183,0.023656170777625163,0.04029834242109162,0.04882898900163949,0.09078863514070755,0.1,0.1,0.08656939053245848,0.031229932337232636,True,10,-10
2026-08-24 11:09:59.880833,0.023656170777625163,0.04029834242109162,0.04882898900163949,0.09078863514070755,0.1,0.1,0.08656939053245848,0.031229932337232636,True,10,-10
2026-08-24 11:09:59.894574,0.023656170777625163,0.04029834242109162,0.04882898900163949,0.09078863514070755,0.1,0.1,0.08656939053245848,0.031229932337232636,True,10,-10
2026-08-24 11:09:59.912478,0.023656170777625163,0.04029834242109162,0.04882898900163949,0.09078863514070755,0.1,0.1,0.08656939053245848,0.031229932337232636,True,10,-10
2026-08-24 11:09:59.927544,0.023656170777625163,0.04029834242109162,0.04882898900163949,0.09078863514070755,0.1,0.1,0.08656939053245848,0.031229932337232636,True,10,-10
2026-08-24 11:09:59.941916,0.023656170777625163,0.04029834242109162,0.04882898900163949,0.09078863514070755,0.1,0.1,0.08656939053245848,0.031229932337232636,True,10,-10
2026-08-24 11:09:59.960617,0.023656170777625163,0.04029834242109162,0.04882898900163949,0.09078863514070755,0.1,0.1,0.08656939053245848,0.031229932337232636,True,10,-10
2026-08-24 11:09:59.973489,0.023656170777625163,0.04029834242109162,0.04882898900163949,0.09078863514070755,0.1,0.1,0.08656939053245848,0.031229932337232636,True,10,-10
2026-08-24 11:09:59.989422,0.023656170777625163,0.04029834242109162,0.04882898900163949,0.09078863514070755,0.1,0.1,0.08656939053245848,0.031229932337232636,True,10,-10
2026-08-24 11:10:00.006482,0.023656170777625163,0.04029834242109162,0.04882898900163949,0.09078863514070755,0.1,0.1,0.08656939053245848,0.031229932337232636,True,10,-10
2026-08-24 11:10:00.021224,0.023656170777625163,0.04029834242109162,0.04882898900163949,0.09078863514070755,0.1,0.1,0.08656939053245848,0.031229932337232636,True,10,-10
2026-08-24 11:10:00.038604,0.023656170777625163,0.04029834242109162,0.04882898900163949,0.09078863514070755,0.1,0.1,0.08656939053245848,0.031229932337232636,True,10,-10
2026-08-24 11:10:00.054455,0.023656170777625163,0.04029834242109162,0.04882898900163949,0.09078863514070755,0.1,0.1,0.08656939053245848,0.031229932337232636,True,10,-10
2026-08-24 11:10:00.071593,0.023656170777625163,0.04029834242109162,0.04882898900163949,0.09078863514070755,0.1,0.1,0.08656939053245848,0.031229932337232636,True,10,-10
2026-08-24 11:10:00.086786,0.023656170777625163,0.04029834242109162,0.04882898900163949,0.09078863514070755,0.1,0.1,0.08656939053245848,0.031229932337232636,True,10,-10
2026-08-24 11:10:00.102841,0.023656170777625163,0.04029834242109162,0.04882898900163949,0.09078863514070755,0.1,0.1,0.08656939053245848,0.031229932337232636,True,10,-10
2026-08-24 11:10:00.117255,0.023656170777625163,0.04029834242109162,0.04882898900163949,0.09078863514070755,0.1,0.1,0.08656939053245848,0.031229932337232636,True,10,-10
2026-08-24 11:10:00.135262,0.023656170777625163,0.04029834242109162,0.04882898900163949,0.09078863514070755,0.1,0.1,0.08656939053245848,0.031229932337232636,True,10,-10
2026-08-24 11:10:00.149671,0.023656170777625163,0.04029834242109162,0.04882898900163949,0.09078863514070755,0.1,0.1,0.08656939053245848,0.031229932337232636,True,10,-10
2026-08-24 11:10:00.167188,0.023656170777625163,0.04029834242109162,0.04882898900163949,0.09078863514070755,0.1,0.1,0.08656939053245848,0.031229932337232636,True,10,-10
2026-08-24 11:10:00.181397,0.023656170777625163,0.04029834242109162,0.04882898900163949,0.09078863514070755,0.1,0.1,0.08656939053245848,0.031229932337232636,True,10,-10
2026-08-24 11:10:00.196143,0.023656170777625163,0.04029834242109162,0.04882898900163949,0.09078863514070755,0.1,0.1,0.08656939053245848,0.031229932337232636,True,10,-10
2026-08-24 11:10:00.213586,0.023656170777625163,0.04029834242109162,0.04882898900163949,0.09078863514070755,0.1,0.1,0.08656939053245848,0.031229932337232636,True,10,-10
2026-08-24 11:10:00.229941,0.023656170777625163,0.04029834242109162,0.04882898900163949,0.09078863514070755,0.1,0.1,0.08656939053245848,0.031229932337232636,True,10,-10
2026-08-24 11:10:00.245895,0.023656170777625163,0.04029834242109162,0.04882898900163949,0.09078863514070755,0.1,0.1,0.08656939053245848,0.031229932337232636,True,10,-10
2026-08-24 11:10:00.261292,0.023656170777625163,0.04029834242109162,0.04882898900163949,0.09078863514070755,0.1,0.1,0.08656939053245848,0.031229932337232636,True,10,-10
2026-08-24 11:10:00.277936,0.023656170777625163,0.04029834242109162,0.04882898900163949,0.09078863514070755,0.1,0.1,0.08656939053245848,0.031229932337232636,True,10,-10
2026-08-24 11:10:00.294195,0.023656170777625163,0.04029834242109162,0.04882898900163949,0.09078863514070755,0.1,0.1,0.08656939053245848,0.031229932337232636,True,10,-10
2026-08-24 11:10:00.309419,0.023656170777625163,0.04029834242109162,0.04882898900163949,0.09078863514070755,0.1,0.1,0.08656939053245848,0.031229932337232636,True,10,-10
2026-08-24 11:10:00.326065,0.023656170777625163,0.04029834242109162,0.04882898900163949,0.09078863514070755,0.1,0.1,0.08656939053245848,0.031229932337232636,True,10,-10
2026-08-24 11:10:00.340458,0.023656170777625163,0.04029834242109162,0.04882898900163949,0.09078863514070755,0.1,0.1,0.08656939053245848,0.031229932337232636,True,10,-10
2026-08-24 11:10:00.395359,0.1,0.1,0.04062087699840569,0.029313138863932626,0.05172176854441882,0.1,0.1,0.1,True,0.0,0.0
2026-08-24 11:10:00.404171,0.1,0.1,0.04062087699840569,0.029313138863932626,0.05172176854441882,0.1,0.1,0.1,True,0.0,0.0
2026-08-24 11:10:00.419923,0.1,0.1,0.04062087699840569,0.029313138863932626,0.05172176854441882,0.1,0.1,0.1,True,0.0,0.0
2026-08-24 11:10:00.455772,0.1,0.1,0.04230956178795511,0.02861622765956467,0.05207390502430426,0.1,0.1,0.1,True,0.0,0.0
2026-08-24 11:10:00.467175,0.1,0.1,0.04230956178795511,0.02861622765956467,0.05207390502430426,0.1,0.1,0.1,True,0.0,0.0
2026-08-24 11:10:00.483738,0.1,0.1,0.04230956178795511,0.02861622765956467,0.05207390502430426,0.1,0.1,0.1,True,0.0,0.0
2026-08-24 11:10:00.499993,0.1,0.1,0.04230956178795511,0.02861622765956467,0.05207390502430426,0.1,0.1,0.1,True,0.0,0.0
2026-08-24 11:10:00.517509,0.1,0.1,0.04230956178795511,0.02861622765956467,0.05207390502430426,0.1,0.1,0.1,True,0.0,0.0
2026-08-24 11:10:00.531193,0.1,0.1,0.04230956178795511,0.02861622765956467,0.05207390502430426,0.1,0.1,0.1,True,0.0,0.0
2026-08-24 11:10:00.546627,0.1,0.1,0.04230956178795511,0.02861622765956467,0.05207390502430426,0.1,0.1,0.1,True,0.0,0.0
2026-08-24 11:10:00.563365,0.1,0.1,0.04230956178795511,0.02861622765956467,0.05207390502430426,0.1,0.1,0.1,True,0.0,0.0
2026-08-24 11:10:00.579114,0.1,0.1,0.04230956178795511,0.02861622765956467,0.05207390502430426,0.1,0.1,0.1,True,0.0,0.0
2026-08-24 11:10:00.594986,0.1,0.1,0.04230956178795511,0.02861622765956467,0.05207390502430426,0.1,0.1,0.1,True,0.0,0.0
2026-08-24 11:10:00.610239,0.1,0.1,0.04230956178795511,0.02861622765956467,0.05207390502430426,0.1,0.1,0.1,True,0.0,0.0
2026-08-24 11:10:00.624295,0.1,0.1,0.04230956178795511,0.02861622765956467,0.05207390502430426,0.1,0.1,0.1,True,0.0,0.0
2026-08-24 11:10:00.640916,0.1,0.1,0.04230956178795511,0.02861622765956467,0.05207390502430426,0.1,0.1,0.1,True,0.0,0.0
2026-08-24 11:10:00.658178,0.1,0.1,0.04230956178795511,0.02861622765956467,0.05207390502430426,0.1,0.1,0.1,True,0.0,0.0
2026-08-24 11:10:00.671069,0.1,0.1,0.04230956178795511,0.02861622765956467,0.05207390502430426,0.1,0.1,0.1,True,0.0,0.0
2026-08-24 11:10:00.688710,0.1,0.1,0.04230956178795511,0.02861622765956467,0.05207390502430426,0.1,0.1,0.1,True,0.0,0.0
2026-08-24 11:10:00.702094,0.1,0.1,0.04230956178795511,0.02861622765956467,0.05207390502430426,0.1,0.1,0.1,True,0.0,0.0
2026-08-24 11:10:00.717438,0.1,0.1,0.04230956178795511,0.02861622765956467,0.05207390502430426,0.1,0.1,0.1,True,0.0,0.0
2026-08-24 11:10:00.734344,0.1,0.1,0.04230956178795511,0.02861622765956467,0.05207390502430426,0.1,0.1,0.1,True,0.0,0.0
2026-08-24 11:10:00.752647,0.1,0.1,0.04230956178795511,0.02861622765956467,0.05207390502430426,0.1,0.1,0.1,True,0.0,0.0
2026-08-24 11:10:00.766921,0.1,0.1,0.04230956178795511,0.02861622765956467,0.05207390502430426,0.1,0.1,0.1,True,0.0,0.0
2026-08-24 11:10:00.782331,0.1,0.1,0.04230956178795511,0.02861622765956467,0.05207390502430426,0.1,0.1,0.1,True,0.0,0.0
2026-08-24 11:10:00.798650,0.1,0.1,0.04230956178795511,0.02861622765956467,0.05207390502430426,0.1,0.1,0.1,True,0.0,0.0
2026-08-24 11:10:00.811964,0.1,0.1,0.04230956178795511,0.02861622765956467,0.05207390502430426,0.1,0.1,0.1,True,0.0,0.0
2026-08-24 11:10:00.828085,0.1,0.1,0.04230956178795511,0.02861622765956467,0.05207390502430426,0.1,0.1,0.1,True,0.0,0.0
2026-08-24 11:10:00.877767,0.1,0.1,0.04226189691477477,0.028569052369890588,0.052001593133499925,0.1,0.1,0.1,True,0.0,0.0
2026-08-24 11:10:00.893241,0.1,0.1,0.04226189691477477,0.028569052369890588,0.052001593133499925,0.1,0.1,0.1,True,0.0,0.0
2026-08-24 11:10:00.909120,0.1,0.1,0.04226189691477477,0.028569052369890588,0.052001593133499925,0.1,0.1,0.1,True,10,-10
2026-08-24 11:10:00.930445,0.1,0.1,0.04226189691477477,0.028569052369890588,0.052001593133499925,0.1,0.1,0.1,True,10,-10
2026-08-24 11:10:00.940274,0.1,0.1,0.04226189691477477,0.028569052369890588,0.052001593133499925,0.1,0.1,0.1,True,10,-10
2026-08-24 11:10:00.956135,0.1,0.1,0.04226189691477477,0.028569052369890588,0.052001593133499925,0.1,0.1,0.1,True,10,-10
2026-08-24 11:10:00.972928,0.1,0.1,0.04226189691477477,0.028569052369890588,0.052001593133499925,0.1,0.1,0.1,True,10,-10
2026-08-24 11:10:00.987064,0.1,0.1,0.04226189691477477,0.028569052369890588,0.052001593133499925,0.1,0.1,0.1,True,10,-10
2026-08-24 11:10:01.004860,0.1,0.1,0.04226189691477477,0.028569052369890588,0.052001593133499925,0.1,0.1,0.1,True,10,-10
2026-08-24 11:10:01.020209,0.1,0.1,0.04226189691477477,0.028569052369890588,0.052001593133499925,0.1,0.1,0.1,True,10,-10
2026-08-24 11:10:01.032745,0.1,0.1,0.04226189691477477,0.028569052369890588,0.052001593133499925,0.1,0.1,0.1,True,10,-10
2026-08-24 11:10:01.049966,0.1,0.1,0.04226189691477477,0.028569052369890588,0.052001593133499925,0.1,0.1,0.1,True,10,-10
2026-08-24 11:10:01.066396,0.1,0.1,0.04226189691477477,0.028569052369890588,0.052001593133499925,0.1,0.1,0.1,True,10,-10
2026-08-24 11:10:01.083456,0.1,0.1,0.04226189691477477,0.028569052369890588,0.052001593133499925,0.1,0.1,0.1,True,10,-10
2026-08-24 11:10:01.097573,0.1,0.1,0.04226189691477477,0.028569052369890588,0.052001593133499925,0.1,0.1,0.1,True,10,-10
2026-08-24 11:10:01.113566,0.1,0.1,0.04226189691477477,0.028569052369890588,0.052001593133499925,0.1,0.1,0.1,True,10,-10
2026-08-24 11:10:01.130796,0.1,0.1,0.04226189691477477,0.028569052369890588,0.052001593133499925,0.1,0.1,0.1,True,10,-10
2026-08-24 11:10:01.142942,0.1,0.1,0.04226189691477477,0.028569052369890588,0.052001593133499925,0.1,0.1,0.1,True,10,-10
2026-08-24 11:10:01.159580,0.1,0.1,0.04226189691477477,0.028569052369890588,0.052001593133499925,0.1,0.1,0.1,True,10,-10
2026-08-24 11:10:01.178099,0.1,0.1,0.04226189691477477,0.028569052369890588,0.052001593133499925,0.1,0.1,0.1,True,10,-10
2026-08-24 11:10:01.192171,0.1,0.1,0.04226189691477477,0.028569052369890588,0.052001593133499925,0.1,0.1,0.1,True,10,-10
2026-08-24 11:10:01.209202,0.1,0.1,0.04226189691477477,0.028569052369890588,0.052001593133499925,0.1,0.1,0.1,True,10,-10
2026-08-24 11:10:01.224303,0.1,0.1,0.04226189691477477,0.028569052369890588,0.052001593133499925,0.1,0.1,0.1,True,10,-10
2026-08-24 11:10:01.239546,0.1,0.1,0.04226189691477477,0.028569052369890588,0.052001593133499925,0.1,0.1,0.1,True,10,-10
2026-08-24 11:10:01.255670,0.1,0.1,0.04226189691477477,0.028569052369890588,0.052001593133499925,0.1,0.1,0.1,True,10,-10
2026-08-24 11:10:01.269425,0.1,0.1,0.04226189691477477,0.028569052369890588,0.052001593133499925,0.1,0.1,0.1,True,10,-10
2026-08-24 11:10:01.285172,0.1,0.1,0.04226189691477477,0.028569052369890588,0.052001593133499925,0.1,0.1,0.1,True,10,-10
2026-08-24 11:10:01.301065,0.1,0.1,0.04226189691477477,0.028569052369890588,0.052001593133499925,0.1,0.1,0.1,True,10,-10
2026-08-24 11:10:01.317183,0.1,0.1,0.04226189691477477,0.028569052369890588,0.052001593133499925,0.1,0.1,0.1,True,10,-10
2026-08-24 11:10:01.334471,0.1,0.1,0.04226189691477477,0.028569052369890588,0.052001593133499925,0.1,0.1,0.1,True,10,-10
2026-08-24 11:10:01.349713,0.1,0.1,0.04226189691477477,0.028569052369890588,0.052001593133499925,0.1,0.1,0.1,True,10,-10
2026-08-24 11:10:01.365401,0.1,0.1,0.04226189691477477,0.028569052369890588,0.052001593133499925,0.1,0.1,0.1,True,10,-10
2026-08-24 11:10:01.381406,0.1,0.1,0.04226189691477477,0.028569052369890588,0.052001593133499925,0.1,0.1,0.1,True,10,-10
2026-08-24 11:10:01.396585,0.1,0.1,0.04226189691477477,0.028569052369890588,0.052001593133499925,0.1,0.1,0.1,True,10,-10
2026-08-24 11:10:01.412303,0.1,0.1,0.04226189691477477,0.028569052369890588,0.052001593133499925,0.1,0.1,0.1,True,10,-10
2026-08-24 11:10:01.429204,0.1,0.1,0.04226189691477477,0.028569052369890588,0.052001593133499925,0.1,0.1,0.1,True,10,-10
2026-08-24 11:10:01.444757,0.1,0.1,0.04226189691477477,0.028569052369890588,0.052001593133499925,0.1,0.1,0.1,True,10,-10
2026-08-24 11:10:01.458135,0.1,0.1,0.04226189691477477,0.028569052369890588,0.052001593133499925,0.1,0.1,0.1,True,10,-10
2026-08-24 11:10:01.475532,0.1,0.1,0.04226189691477477,0.028569052369890588,0.052001593133499925,0.1,0.1,0.1,True,10,-10
2026-08-24 11:10:01.492111,0.1,0.1,0.04226189691477477,0.028569052369890588,0.052001593133499925,0.1,0.1,0.1,True,10,-10
2026-08-24 11:10:01.508231,0.1,0.1,0.04226189691477477,0.028569052369890588,0.052001593133499925,0.1,0.1,0.1,True,10,-10
2026-08-24 11:10:01.523511,0.1,0.1,0.04226189691477477,0.028569052369890588,0.052001593133499925,0.1,0.1,0.1,True,10,-10
2026-08-24 11:10:01.539639,0.1,0.1,0.04226189691477477,0.028569052369890588,0.052001593133499925,0.1,0.1,0.1,True,10,-10
2026-08-24 11:10:01.556348,0.1,0.1,0.04226189691477477,0.028569052369890588,0.052001593133499925,0.1,0.1,0.1,True,10,-10
2026-08-24 11:10:01.572340,0.1,0.1,0.04226189691477477,0.028569052369890588,0.052001593133499925,0.1,0.1,0.1,True,10,-10
2026-08-24 11:10:01.587743,0.1,0.1,0.04226189691477477,0.028569052369890588,0.052001593133499925,0.1,0.1,0.1,True,10,-10
2026-08-24 11:10:01.603445,0.1,0.1,0.04226189691477477,0.028569052369890588,0.052001593133499925,0.1,0.1,0.1,True,10,-10
2026-08-24 11:10:01.620211,0.1,0.1,0.04226189691477477,0.028569052369890588,0.052001593133499925,0.1,0.1,0.1,True,10,-10
2026-08-24 11:10:01.635340,0.1,0.1,0.04226189691477477,0.028569052369890588,0.052001593133499925,0.1,0.1,0.1,True,10,-10
2026-08-24 11:10:01.652397,0.1,0.1,0.04226189691477477,0.028569052369890588,0.052001593133499925,0.1,0.1,0.1,True,10,-10
2026-08-24 11:10:01.668038,0.1,0.1,0.04226189691477477,0.028569052369890588,0.052001593133499925,0.1,0.1,0.1,True,10,-10
2026-08-24 11:10:01.683419,0.1,0.1,0.04226189691477477,0.028569052369890588,0.052001593133499925,0.1,0.1,0.1,True,10,-10
2026-08-24 11:10:01.698074,0.1,0.1,0.04226189691477477,0.028569052369890588,0.052001593133499925,0.1,0.1,0.1,True,10,-10
2026-08-24 11:10:01.713755,0.1,0.1,0.04226189691477477,0.028569052369890588,0.052001593133499925,0.1,0.1,0.1,True,10,-10
2026-08-24 11:10:01.730833,0.1,0.1,0.04226189691477477,0.028569052369890588,0.052001593133499925,0.1,0.1,0.1,True,10,-10
2026-08-24 11:10:01.746314,0.1,0.1,0.04226189691477477,0.028569052369890588,0.052001593133499925,0.1,0.1,0.1,True,10,-10
2026-08-24 11:10:01.762493,0.1,0.1,0.04226189691477477,0.028569052369890588,0.052001593133499925,0.1,0.1,0.1,True,10,-10
2026-08-24 11:10:01.777479,0.1,0.1,0.04226189691477477,0.028569052369890588,0.052001593133499925,0.1,0.1,0.1,True,10,-10
2026-08-24 11:10:01.792238,0.1,0.1,0.04226189691477477,0.028569052369890588,0.052001593133499925,0.1,0.1,0.1,True,10,-10
2026-08-24 11:10:01.809668,0.1,0.1,0.04226189691477477,0.028569052369890588,0.052001593133499925,0.1,0.1,0.1,True,10,-10
2026-08-24 11:10:01.825790,0.1,0.1,0.04226189691477477,0.028569052369890588,0.052001593133499925,0.1,0.1,0.1,True,10,-10
2026-08-24 11:10:01.841233,0.1,0.1,0.04226189691477477,0.028569052369890588,0.052001593133499925,0.1,0.1,0.1,True,10,-10
2026-08-24 11:10:01.856113,0.1,0.1,0.04226189691477477,0.028569052369890588,0.052001593133499925,0.1,0.1,0.1,True,10,-10
2026-08-24 11:10:01.873347,0.1,0.1,0.04226189691477477,0.028569052369890588,0.052001593133499925,0.1,0.1,0.1,True,10,-10
2026-08-24 11:10:01.887838,0.1,0.1,0.04226189691477477,0.028569052369890588,0.052001593133499925,0.1,0.1,0.1,True,10,-10
2026-08-24 11:10:01.905230,0.1,0.1,0.04226189691477477,0.028569052369890588,0.052001593133499925,0.1,0.1,0.1,True,10,-10
2026-08-24 11:10:01.957023,0.07775547709951297,0.1,0.1,0.1,0.038316794935407975,0.03395048901092624,0.05274247770786072,0.047009848430323735,True,0.0,0.0
2026-08-24 11:10:01.970662,0.07775547709951297,0.1,0.1,0.1,0.038316794935407975,0.03395048901092624,0.05274247770786072,0.047009848430323735,True,0.0,0.0
2026-08-24 11:10:02.011844,0.07552931751001926,0.1,0.1,0.1,0.03933367765208254,0.03325706443930528,0.05348513217490001,0.046687197947999394,True,0.0,0.0
2026-08-24 11:10:02.032793,0.07552931751001926,0.1,0.1,0.1,0.03933367765208254,0.03325706443930528,0.05348513217490001,0.046687197947999394,True,0.0,0.0
2026-08-24 11:10:02.047312,0.07552931751001926,0.1,0.1,0.1,0.03933367765208254,0.03325706443930528,0.05348513217490001,0.046687197947999394,True,0.0,0.0
2026-08-24 11:10:02.064506,0.07552931751001926,0.1,0.1,0.1,0.03933367765208254,0.03325706443930528,0.05348513217490001,0.046687197947999394,True,0.0,0.0
2026-08-24 11:10:02.078515,0.07552931751001926,0.1,0.1,0.1,0.03933367765208254,0.03325706443930528,0.05348513217490001,0.046687197947999394,True,0.0,0.0
2026-08-24 11:10:02.094028,0.07552931751001926,0.1,0.1,0.1,0.03933367765208254,0.03325706443930528,0.05348513217490001,0.046687197947999394,True,0.0,0.0
2026-08-24 11:10:02.110253,0.07552931751001926,0.1,0.1,0.1,0.03933367765208254,0.03325706443930528,0.05348513217490001,0.046687197947999394,True,0.0,0.0
2026-08-24 11:10:02.126363,0.07552931751001926,0.1,0.1,0.1,0.03933367765208254,0.03325706443930528,0.05348513217490001,0.046687197947999394,True,0.0,0.0
2026-08-24 11:10:02.140268,0.07552931751001926,0.1,0.1,0.1,0.03933367765208254,0.03325706443930528,0.05348513217490001,0.046687197947999394,True,0.0,0.0
2026-08-24 11:10:02.158158,0.07552931751001926,0.1,0.1,0.1,0.03933367765208254,0.03325706443930528,0.05348513217490001,0.046687197947999394,True,0.0,0.0
2026-08-24 11:10:02.173398,0.07552931751001926,0.1,0.1,0.1,0.03933367765208254,0.03325706443930528,0.05348513217490001,0.046687197947999394,True,0.0,0.0
2026-08-24 11:10:02.189552,0.07552931751001926,0.1,0.1,0.1,0.03933367765208254,0.03325706443930528,0.05348513217490001,0.046687197947999394,True,0.0,0.0
2026-08-24 11:10:02.205346,0.07552931751001926,0.1,0.1,0.1,0.03933367765208254,0.03325706443930528,0.05348513217490001,0.046687197947999394,True,0.0,0.0
2026-08-24 11:10:02.221569,0.07552931751001926,0.1,0.1,0.1,0.03933367765208254,0.03325706443930528,0.05348513217490001,0.046687197947999394,True,0.0,0.0
2026-08-24 11:10:02.237486,0.07552931751001926,0.1,0.1,0.1,0.03933367765208254,0.03325706443930528,0.05348513217490001,0.046687197947999394,True,0.0,0.0
2026-08-24 11:10:02.253410,0.07552931751001926,0.1,0.1,0.1,0.03933367765208254,0.03325706443930528,0.05348513217490001,0.046687197947999394,True,0.0,0.0
2026-08-24 11:10:02.269421,0.07552931751001926,0.1,0.1,0.1,0.03933367765208254,0.03325706443930528,0.05348513217490001,0.046687197947999394,True,0.0,0.0
2026-08-24 11:10:02.284998,0.07552931751001926,0.1,0.1,0.1,0.03933367765208254,0.03325706443930528,0.05348513217490001,0.046687197947999394,True,0.0,0.0
2026-08-24 11:10:02.300783,0.07552931751001926,0.1,0.1,0.1,0.03933367765208254,0.03325706443930528,0.05348513217490001,0.046687197947999394,True,0.0,0.0
2026-08-24 11:10:02.316406,0.07552931751001926,0.1,0.1,0.1,0.03933367765208254,0.03325706443930528,0.05348513217490001,0.046687197947999394,True,0.0,0.0
2026-08-24 11:10:02.332301,0.07552931751001926,0.1,0.1,0.1,0.03933367765208254,0.03325706443930528,0.05348513217490001,0.046687197947999394,True,0.0,0.0
2026-08-24 11:10:02.348154,0.07552931751001926,0.1,0.1,0.1,0.03933367765208254,0.03325706443930528,0.05348513217490001,0.046687197947999394,True,0.0,0.0
2026-08-24 11:10:02.364086,0.07552931751001926,0.1,0.1,0.1,0.03933367765208254,0.03325706443930528,0.05348513217490001,0.046687197947999394,True,0.0,0.0
2026-08-24 11:10:02.380017,0.07552931751001926,0.1,0.1,0.1,0.03933367765208254,0.03325706443930528,0.05348513217490001,0.046687197947999394,True,0.0,0.0
2026-08-24 11:10:02.394924,0.07552931751001926,0.1,0.1,0.1,0.03933367765208254,0.03325706443930528,0.05348513217490001,0.046687197947999394,True,0.0,0.0
2026-08-24 11:10:02.448469,0.07577493095308975,0.1,0.1,0.1,0.0391004369983147,0.033072886038235626,0.05372782663025081,0.04689295569275723,True,0.0,0.0
2026-08-24 11:10:02.459148,0.07577493095308975,0.1,0.1,0.1,0.0391004369983147,0.033072886038235626,0.05372782663025081,0.04689295569275723,True,0.0,0.0
2026-08-24 11:10:02.474393,0.075803825736094,0.1,0.1,0.1,0.0391004369983147,0.033072886038235626,0.05372782663025081,0.04691669770428554,True,10,10
2026-08-24 11:10:02.497312,0.07508607972045077,0.1,0.1,0.1,0.0391004369983147,0.033072886038235626,0.05372782663025081,0.04639107004196469,True,10,10
2026-08-24 11:10:02.505626,0.07508607972045077,0.1,0.1,0.1,0.0391004369983147,0.033072886038235626,0.05372782663025081,0.04639107004196469,True,10,10
2026-08-24 11:10:02.526803,0.07441624717429005,0.1,0.1,0.1,0.0391004369983147,0.033072886038235626,0.05372782663025081,0.0458960119458255,True,10,10
2026-08-24 11:10:02.537067,0.07380154638886836,0.1,0.1,0.1,0.0391004369983147,0.033072886038235626,0.05372782663025081,0.0454303149810706,True,10,10
2026-08-24 11:10:02.553731,0.07265209712475033,0.1,0.1,0.1,0.0391004369983147,0.033072886038235626,0.05372782663025081,0.04454299195777518,True,10,10
2026-08-24 11:10:02.572477,0.07265209712475033,0.1,0.1,0.1,0.0391004369983147,0.033072886038235626,0.05372782663025081,0.04454299195777518,True,10,10
2026-08-24 11:10:02.585270,0.07143823823573141,0.1,0.1,0.1,0.0391004369983147,0.033072886038235626,0.05372782663025081,0.04362502912084596,True,10,10
2026-08-24 11:10:02.601353,0.07143823823573141,0.1,0.1,0.1,0.0391004369983147,0.033072886038235626,0.05372782663025081,0.04362502912084596,True,10,10
2026-08-24 11:10:02.617082,0.0701404773053789,0.1,0.1,0.1,0.0391004369983147,0.033072886038235626,0.05372782663025081,0.042663120007702254,True,10,10
2026-08-24 11:10:02.630893,0.0701404773053789,0.1,0.1,0.1,0.0391004369983147,0.033072886038235626,0.05372782663025081,0.042663120007702254,True,10,10
2026-08-24 11:10:02.649931,0.06785025988105646,0.1,0.1,0.1,0.0391004369983147,0.033072886038235626,0.05372782663025081,0.0413822399347922,True,10,10
2026-08-24 11:10:02.663694,0.06785025988105646,0.1,0.1,0.1,0.0391004369983147,0.033072886038235626,0.05372782663025081,0.0413822399347922,True,10,10
2026-08-24 11:10:02.678653,0.06540035938787069,0.1,0.1,0.1,0.0391004369983147,0.033072886038235626,0.05372782663025081,0.03968099610118542,True,10,10
2026-08-24 11:10:02.695504,0.06429373944237564,0.1,0.1,0.1,0.0391004369983147,0.033072886038235626,0.05372782663025081,0.03885406254981853,True,10,10
2026-08-24 11:10:02.719976,0.0631433989975855,0.1,0.1,0.1,0.0391004369983147,0.033072886038235626,0.05372782663025081,0.03799768423380526,True,10,10
2026-08-24 11:10:02.727781,0.0631433989975855,0.1,0.1,0.1,0.0391004369983147,0.033072886038235626,0.05372782663025081,0.03799768423380526,True,10,10
2026-08-24 11:10:02.742858,0.060928606387432006,0.1,0.1,0.1,0.0391004369983147,0.033072886038235626,0.05372782663025081,0.036351492757784286,True,10,10
2026-08-24 11:10:02.757852,0.060928606387432006,0.1,0.1,0.1,0.0391004369983147,0.033072886038235626,0.05372782663025081,0.036351492757784286,True,10,10
2026-08-24 11:10:02.774844,0.05872305136950099,0.1,0.1,0.1,0.0391004369983147,0.033072886038235626,0.05372782663025081,0.03470261834877142,True,10,10
2026-08-24 11:10:02.794679,0.057571593991020964,0.1,0.1,0.1,0.0391004369983147,0.033072886038235626,0.05372782663025081,0.0338470016478466,True,10,10
2026-08-24 11:10:02.806824,0.05646454311320884,0.1,0.1,0.1,0.0391004369983147,0.033072886038235626,0.05372782663025081,0.033023768506717975,True,10,10
2026-08-24 11:10:02.823087,0.05536096987420123,0.1,0.1,0.1,0.0391004369983147,0.033072886038235626,0.05372782663025081,0.032201014953188806,True,10,10
2026-08-24 11:10:02.836714,0.05536096987420123,0.1,0.1,0.1,0.0391004369983147,0.033072886038235626,0.05372782663025081,0.032201014953188806,True,10,10
2026-08-24 11:10:02.857660,0.05425831402563445,0.1,0.1,0.1,0.0391004369983147,0.033072886038235626,0.05372782663025081,0.031376625007285094,True,10,10
2026-08-24 11:10:02.868117,0.05312050656951511,0.1,0.1,0.1,0.0391004369983147,0.033072886038235626,0.05372782663025081,0.03052787946678493,True,10,10
2026-08-24 11:10:02.884038,0.050916021886873164,0.1,0.1,0.1,0.0391004369983147,0.033072886038235626,0.05372782663025081,0.028888081155112478,True,10,10
2026-08-24 11:10:02.902817,0.049816237214895455,0.1,0.1,0.1,0.0391004369983147,0.033072886038235626,0.05372782663025081,0.028066544996309634,True,5.0,-5.0
2026-08-24 11:10:02.922068,0.049816237214895455,0.1,0.1,0.1,0.0391004369983147,0.033072886038235626,0.05372782663025081,0.028066544996309634,True,5.0,-5.0
2026-08-24 11:10:02.933530,0.04817409358824035,0.1,0.1,0.1,0.0391004369983147,0.033072886038235626,0.05372782663025081,0.0276353225300192,True,5.0,-5.0
2026-08-24 11:10:02.950998,0.045145389647469135,0.1,0.1,0.1,0.0391004369983147,0.033072886038235626,0.05372782663025081,0.026902971259365832,True,5.0,-5.0
2026-08-24 11:10:02.965814,0.045145389647469135,0.1,0.1,0.1,0.0391004369983147,0.033072886038235626,0.05372782663025081,0.026902971259365832,True,5.0,-5.0
2026-08-24 11:10:02.980918,0.04372554845897273,0.1,0.1,0.1,0.0391004369983147,0.033072886038235626,0.05372782663025081,0.02655969770731342,True,5.0,-5.0
2026-08-24 11:10:02.995841,0.04235404626549274,0.1,0.1,0.1,0.0391004369983147,0.033072886038235626,0.05372782663025081,0.026227409078972214,True,5.0,-5.0
2026-08-24 11:10:03.012746,0.04102184309685368,0.1,0.1,0.1,0.0391004369983147,0.033072886038235626,0.05372782663025081,0.025901599989245357,True,5.0,-5.0
2026-08-24 11:10:03.027902,0.039722471738564975,0.1,0.1,0.1,0.0391004369983147,0.033072886038235626,0.05372782663025081,0.025578949160411125,True,5.0,-5.0
2026-08-24 11:10:03.044717,0.03845257743197051,0.1,0.1,0.1,0.0391004369983147,0.033072886038235626,0.05372782663025081,0.025257886975815165,True,5.0,-5.0
2026-08-24 11:10:03.066747,0.037211568471940196,0.1,0.1,0.1,0.0391004369983147,0.033072886038235626,0.05372782663025081,0.024938576339188036,True,5.0,-5.0
2026-08-24 11:10:03.076592,0.035148967201982004,0.1,0.1,0.1,0.0391004369983147,0.033072886038235626,0.05372782663025081,0.024418179898763086,True,5.0,-5.0
2026-08-24 11:10:03.092525,0.03463334164319045,0.1,0.1,0.1,0.0391004369983147,0.033072886038235626,0.05372782663025081,0.024420841155142415,True,5.0,-5.0
2026-08-24 11:10:03.112479,0.034030672207873494,0.1,0.1,0.1,0.0391004369983147,0.033072886038235626,0.05372782663025081,0.024580000656212186,True,5.0,-5.0
2026-08-24 11:10:03.122291,0.034030672207873494,0.1,0.1,0.1,0.0391004369983147,0.033072886038235626,0.05372782663025081,0.024580000656212186,True,5.0,-5.0
2026-08-24 11:10:03.140231,0.03347005797768857,0.1,0.1,0.1,0.0391004369983147,0.033072886038235626,0.05372782663025081,0.02475471568184683,True,5.0,-5.0
2026-08-24 11:10:03.154082,0.032464930557671766,0.1,0.1,0.1,0.0391004369983147,0.033072886038235626,0.05372782663025081,0.025140260418226965,True,5.0,-5.0
2026-08-24 11:10:03.176005,0.032464930557671766,0.1,0.1,0.1,0.0391004369983147,0.033072886038235626,0.05372782663025081,0.025140260418226965,True,5.0,-5.0
2026-08-24 11:10:03.187861,0.03197918409072441,0.1,0.1,0.1,0.0391004369983147,0.033072886038235626,0.05372782663025081,0.025376273842183102,True,5.0,-5.0
2026-08-24 11:10:03.203881,0.031118395285587602,0.1,0.1,0.1,0.0391004369983147,0.033072886038235626,0.05372782663025081,0.025899114898049233,True,5.0,-5.0
2026-08-24 11:10:03.219472,0.030607777114196173,0.1,0.1,0.1,0.0391004369983147,0.033072886038235626,0.05372782663025081,0.026058824946969778,True,5.0,-5.0
2026-08-24 11:10:03.235945,0.030094268329695074,0.1,0.1,0.1,0.0391004369983147,0.033072886038235626,0.05372782663025081,0.02623977813193018,True,5.0,-5.0
2026-08-24 11:10:03.250005,0.030094268329695074,0.1,0.1,0.1,0.0391004369983147,0.033072886038235626,0.05372782663025081,0.02623977813193018,True,5.0,-5.0
2026-08-24 11:10:03.268456,0.029611548746316798,0.1,0.1,0.1,0.0391004369983147,0.033072886038235626,0.05372782663025081,0.026442709968260703,True,5.0,-5.0
2026-08-24 11:10:03.282763,0.028732431839672112,0.1,0.1,0.1,0.0391004369983147,0.033072886038235626,0.05372782663025081,0.026895096764910604,True,5.0,-5.0
2026-08-24 11:10:03.298429,0.02846103733557361,0.1,0.1,0.1,0.0391004369983147,0.033072886038235626,0.05372782663025081,0.027271077396347477,True,5.0,-5.0
2026-08-24 11:10:03.349935,0.028203839166980167,0.06067165974775153,0.1,0.1,0.1,0.03605373530965011,0.0576321490341908,0.02767984807692347,True,0.0,0.0
2026-08-24 11:10:03.363145,0.028203839166980167,0.06067165974775153,0.1,0.1,0.1,0.03605373530965011,0.0576321490341908,0.02767984807692347,True,0.0,0.0
2026-08-24 11:10:03.379254,0.028203839166980167,0.06067165974775153,0.1,0.1,0.1,0.03605373530965011,0.0576321490341908,0.02767984807692347,True,0.0,0.0
2026-08-24 11:10:03.422126,0.02827378314447512,0.06077479204280888,0.1,0.1,0.1,0.03604987713457337,0.05773761259789269,0.02775019348523169,True,0.0,0.0
2026-08-24 11:10:03.438091,0.02827378314447512,0.06077479204280888,0.1,0.1,0.1,0.03604987713457337,0.05773761259789269,0.02775019348523169,True,0.0,0.0
2026-08-24 11:10:03.458447,0.02827378314447512,0.06077479204280888,0.1,0.1,0.1,0.03604987713457337,0.05773761259789269,0.02775019348523169,True,0.0,0.0
2026-08-24 11:10:03.473076,0.02827378314447512,0.06077479204280888,0.1,0.1,0.1,0.03604987713457337,0.05773761259789269,0.02775019348523169,True,0.0,0.0
2026-08-24 11:10:03.489819,0.02827378314447512,0.06077479204280888,0.1,0.1,0.1,0.03604987713457337,0.05773761259789269,0.02775019348523169,True,0.0,0.0
2026-08-24 11:10:03.504311,0.02827378314447512,0.06077479204280888,0.1,0.1,0.1,0.03604987713457337,0.05773761259789269,0.02775019348523169,True,0.0,0.0
2026-08-24 11:10:03.518096,0.02827378314447512,0.06077479204280888,0.1,0.1,0.1,0.03604987713457337,0.05773761259789269,0.02775019348523169,True,0.0,0.0
2026-08-24 11:10:03.536820,0.02827378314447512,0.06077479204280888,0.1,0.1,0.1,0.03604987713457337,0.05773761259789269,0.02775019348523169,True,0.0,0.0
2026-08-24 11:10:03.548723,0.02827378314447512,0.06077479204280888,0.1,0.1,0.1,0.03604987713457337,0.05773761259789269,0.02775019348523169,True,0.0,0.0
2026-08-24 11:10:03.564638,0.02827378314447512,0.06077479204280888,0.1,0.1,0.1,0.03604987713457337,0.05773761259789269,0.02775019348523169,True,0.0,0.0
2026-08-24 11:10:03.582781,0.02827378314447512,0.06077479204280888,0.1,0.1,0.1,0.03604987713457337,0.05773761259789269,0.02775019348523169,True,0.0,0.0
2026-08-24 11:10:03.598019,0.02827378314447512,0.06077479204280888,0.1,0.1,0.1,0.03604987713457337,0.05773761259789269,0.02775019348523169,True,0.0,0.0
2026-08-24 11:10:03.614120,0.02827378314447512,0.06077479204280888,0.1,0.1,0.1,0.03604987713457337,0.05773761259789269,0.02775019348523169,True,0.0,0.0
2026-08-24 11:10:03.628755,0.02827378314447512,0.06077479204280888,0.1,0.1,0.1,0.03604987713457337,0.05773761259789269,0.02775019348523169,True,0.0,0.0
2026-08-24 11:10:03.645092,0.02827378314447512,0.06077479204280888,0.1,0.1,0.1,0.03604987713457337,0.05773761259789269,0.02775019348523169,True,0.0,0.0
2026-08-24 11:10:03.661665,0.02827378314447512,0.06077479204280888,0.1,0.1,0.1,0.03604987713457337,0.05773761259789269,0.02775019348523169,True,0.0,0.0
2026-08-24 11:10:03.676952,0.02827378314447512,0.06077479204280888,0.1,0.1,0.1,0.03604987713457337,0.05773761259789269,0.02775019348523169,True,0.0,0.0
2026-08-24 11:10:03.692548,0.02827378314447512,0.06077479204280888,0.1,0.1,0.1,0.03604987713457337,0.05773761259789269,0.02775019348523169,True,0.0,0.0
2026-08-24 11:10:03.710181,0.02827378314447512,0.06077479204280888,0.1,0.1,0.1,0.03604987713457337,0.05773761259789269,0.02775019348523169,True,0.0,0.0
2026-08-24 11:10:03.724046,0.02827378314447512,0.06077479204280888,0.1,0.1,0.1,0.03604987713457337,0.05773761259789269,0.02775019348523169,True,0.0,0.0
2026-08-24 11:10:03.740175,0.02827378314447512,0.06077479204280888,0.1,0.1,0.1,0.03604987713457337,0.05773761259789269,0.02775019348523169,True,0.0,0.0
2026-08-24 11:10:03.755405,0.02827378314447512,0.06077479204280888,0.1,0.1,0.1,0.03604987713457337,0.05773761259789269,0.02775019348523169,True,0.0,0.0
2026-08-24 11:10:03.772800,0.02827378314447512,0.06077479204280888,0.1,0.1,0.1,0.03604987713457337,0.05773761259789269,0.02775019348523169,True,0.0,0.0
2026-08-24 11:10:03.786338,0.02827378314447512,0.06077479204280888,0.1,0.1,0.1,0.03604987713457337,0.05773761259789269,0.02775019348523169,True,0.0,0.0
2026-08-24 11:10:03.835974,0.02877603359343546,0.06152922631654876,0.1,0.1,0.1,0.036017754030528336,0.05847293363687185,0.02824914856005986,True,0.0,0.0
2026-08-24 11:10:03.848614,0.02877603359343546,0.06152922631654876,0.1,0.1,0.1,0.036017754030528336,0.05847293363687185,0.02824914856005986,True,0.0,0.0
2026-08-24 11:10:03.864927,0.02877603359343546,0.06152922631654876,0.1,0.1,0.1,0.036017754030528336,0.05847293363687185,0.02824914856005986,True,10,-10
2026-08-24 11:10:03.885797,0.02877603359343546,0.06152922631654876,0.1,0.1,0.1,0.036017754030528336,0.05847293363687185,0.02824914856005986,True,10,-10
2026-08-24 11:10:03.895642,0.02877603359343546,0.06152922631654876,0.1,0.1,0.1,0.036017754030528336,0.05847293363687185,0.02824914856005986,True,10,-10
2026-08-24 11:10:03.911176,0.02877603359343546,0.06152922631654876,0.1,0.1,0.1,0.036017754030528336,0.05847293363687185,0.02824914856005986,True,10,-10
2026-08-24 11:10:03.926079,0.02877603359343546,0.06152922631654876,0.1,0.1,0.1,0.036017754030528336,0.05847293363687185,0.02824914856005986,True,10,-10
2026-08-24 11:10:03.942018,0.02877603359343546,0.06152922631654876,0.1,0.1,0.1,0.036017754030528336,0.05847293363687185,0.02824914856005986,True,10,-10
2026-08-24 11:10:03.959399,0.02877603359343546,0.06152922631654876,0.1,0.1,0.1,0.036017754030528336,0.05847293363687185,0.02824914856005986,True,10,-10
2026-08-24 11:10:03.975580,0.02877603359343546,0.06152922631654876,0.1,0.1,0.1,0.036017754030528336,0.05847293363687185,0.02824914856005986,True,10,-10
2026-08-24 11:10:03.989269,0.02877603359343546,0.06152922631654876,0.1,0.1,0.1,0.036017754030528336,0.05847293363687185,0.02824914856005986,True,10,-10
2026-08-24 11:10:04.007214,0.02877603359343546,0.06152922631654876,0.1,0.1,0.1,0.036017754030528336,0.05847293363687185,0.02824914856005986,True,10,-10
2026-08-24 11:10:04.022860,0.02877603359343546,0.06152922631654876,0.1,0.1,0.1,0.036017754030528336,0.05847293363687185,0.02824914856005986,True,10,-10
2026-08-24 11:10:04.038103,0.02877603359343546,0.06152922631654876,0.1,0.1,0.1,0.036017754030528336,0.05847293363687185,0.02824914856005986,True,10,-10
2026-08-24 11:10:04.054005,0.02877603359343546,0.06152922631654876,0.1,0.1,0.1,0.036017754030528336,0.05847293363687185,0.02824914856005986,True,10,-10
2026-08-24 11:10:04.067901,0.02877603359343546,0.06152922631654876,0.1,0.1,0.1,0.036017754030528336,0.05847293363687185,0.02824914856005986,True,10,-10
2026-08-24 11:10:04.085731,0.02877603359343546,0.06152922631654876,0.1,0.1,0.1,0.036017754030528336,0.05847293363687185,0.02824914856005986,True,10,-10
2026-08-24 11:10:04.101660,0.02877603359343546,0.06152922631654876,0.1,0.1,0.1,0.036017754030528336,0.05847293363687185,0.02824914856005986,True,10,-10
2026-08-24 11:10:04.117533,0.02877603359343546,0.06152922631654876,0.1,0.1,0.1,0.036017754030528336,0.05847293363687185,0.02824914856005986,True,10,-10
2026-08-24 11:10:04.131367,0.02877603359343546,0.06152922631654876,0.1,0.1,0.1,0.036017754030528336,0.05847293363687185,0.02824914856005986,True,10,-10
2026-08-24 11:10:04.149259,0.02877603359343546,0.06152922631654876,0.1,0.1,0.1,0.036017754030528336,0.05847293363687185,0.02824914856005986,True,10,-10
2026-08-24 11:10:04.165139,0.02877603359343546,0.06152922631654876,0.1,0.1,0.1,0.036017754030528336,0.05847293363687185,0.02824914856005986,True,10,-10
2026-08-24 11:10:04.179208,0.02877603359343546,0.06152922631654876,0.1,0.1,0.1,0.036017754030528336,0.05847293363687185,0.02824914856005986,True,10,-10
2026-08-24 11:10:04.196905,0.02877603359343546,0.06152922631654876,0.1,0.1,0.1,0.036017754030528336,0.05847293363687185,0.02824914856005986,True,10,-10
2026-08-24 11:10:04.213348,0.02877603359343546,0.06152922631654876,0.1,0.1,0.1,0.036017754030528336,0.05847293363687185,0.02824914856005986,True,10,-10
2026-08-24 11:10:04.228365,0.02877603359343546,0.06152922631654876,0.1,0.1,0.1,0.036017754030528336,0.05847293363687185,0.02824914856005986,True,10,-10
2026-08-24 11:10:04.244909,0.02877603359343546,0.06152922631654876,0.1,0.1,0.1,0.036017754030528336,0.05847293363687185,0.02824914856005986,True,10,-10
2026-08-24 11:10:04.260465,0.02877603359343546,0.06152922631654876,0.1,0.1,0.1,0.036017754030528336,0.05847293363687185,0.02824914856005986,True,10,-10
2026-08-24 11:10:04.276331,0.02877603359343546,0.06152922631654876,0.1,0.1,0.1,0.036017754030528336,0.05847293363687185,0.02824914856005986,True,10,-10
2026-08-24 11:10:04.292015,0.02877603359343546,0.06152922631654876,0.1,0.1,0.1,0.036017754030528336,0.05847293363687185,0.02824914856005986,True,10,-10
2026-08-24 11:10:04.309422,0.02877603359343546,0.06152922631654876,0.1,0.1,0.1,0.036017754030528336,0.05847293363687185,0.02824914856005986,True,10,-10
2026-08-24 11:10:04.321541,0.02877603359343546,0.06152922631654876,0.1,0.1,0.1,0.036017754030528336,0.05847293363687185,0.02824914856005986,True,10,-10
2026-08-24 11:10:04.337252,0.02877603359343546,0.06152922631654876,0.1,0.1,0.1,0.036017754030528336,0.05847293363687185,0.02824914856005986,True,10,-10
2026-08-24 11:10:04.355675,0.02877603359343546,0.06152922631654876,0.1,0.1,0.1,0.036017754030528336,0.05847293363687185,0.02824914856005986,True,10,-10
2026-08-24 11:10:04.370628,0.02877603359343546,0.06152922631654876,0.1,0.1,0.1,0.036017754030528336,0.05847293363687185,0.02824914856005986,True,10,-10
2026-08-24 11:10:04.386548,0.02877603359343546,0.06152922631654876,0.1,0.1,0.1,0.036017754030528336,0.05847293363687185,0.02824914856005986,True,10,-10
2026-08-24 11:10:04.402975,0.02877603359343546,0.06152922631654876,0.1,0.1,0.1,0.036017754030528336,0.05847293363687185,0.02824914856005986,True,10,-10
2026-08-24 11:10:04.418132,0.02877603359343546,0.06152922631654876,0.1,0.1,0.1,0.036017754030528336,0.05847293363687185,0.02824914856005986,True,10,-10
2026-08-24 11:10:04.433185,0.02877603359343546,0.06152922631654876,0.1,0.1,0.1,0.036017754030528336,0.05847293363687185,0.02824914856005986,True,10,-10
2026-08-24 11:10:04.449166,0.02877603359343546,0.06152922631654876,0.1,0.1,0.1,0.036017754030528336,0.05847293363687185,0.02824914856005986,True,10,-10
2026-08-24 11:10:04.465394,0.02877603359343546,0.06152922631654876,0.1,0.1,0.1,0.036017754030528336,0.05847293363687185,0.02824914856005986,True,10,-10
2026-08-24 11:10:04.480791,0.02877603359343546,0.06152922631654876,0.1,0.1,0.1,0.036017754030528336,0.05847293363687185,0.02824914856005986,True,10,-10
2026-08-24 11:10:04.495320,0.02877603359343546,0.06152922631654876,0.1,0.1,0.1,0.036017754030528336,0.05847293363687185,0.02824914856005986,True,10,-10
2026-08-24 11:10:04.513251,0.02877603359343546,0.06152922631654876,0.1,0.1,0.1,0.036017754030528336,0.05847293363687185,0.02824914856005986,True,10,-10
2026-08-24 11:10:04.529155,0.02877603359343546,0.06152922631654876,0.1,0.1,0.1,0.036017754030528336,0.05847293363687185,0.02824914856005986,True,10,-10
2026-08-24 11:10:04.542417,0.02877603359343546,0.06152922631654876,0.1,0.1,0.1,0.036017754030528336,0.05847293363687185,0.02824914856005986,True,10,-10
2026-08-24 11:10:04.560808,0.02877603359343546,0.06152922631654876,0.1,0.1,0.1,0.036017754030528336,0.05847293363687185,0.02824914856005986,True,10,-10
2026-08-24 11:10:04.575871,0.02877603359343546,0.06152922631654876,0.1,0.1,0.1,0.036017754030528336,0.05847293363687185,0.02824914856005986,True,10,-10
2026-08-24 11:10:04.589686,0.02877603359343546,0.06152922631654876,0.1,0.1,0.1,0.036017754030528336,0.05847293363687185,0.02824914856005986,True,10,-10
2026-08-24 11:10:04.606648,0.02877603359343546,0.06152922631654876,0.1,0.1,0.1,0.036017754030528336,0.05847293363687185,0.02824914856005986,True,10,-10
2026-08-24 11:10:04.621481,0.02877603359343546,0.06152922631654876,0.1,0.1,0.1,0.036017754030528336,0.05847293363687185,0.02824914856005986,True,10,-10
2026-08-24 11:10:04.637572,0.02877603359343546,0.06152922631654876,0.1,0.1,0.1,0.036017754030528336,0.05847293363687185,0.02824914856005986,True,10,-10
2026-08-24 11:10:04.655571,0.02877603359343546,0.06152922631654876,0.1,0.1,0.1,0.036017754030528336,0.05847293363687185,0.02824914856005986,True,10,-10
2026-08-24 11:10:04.670951,0.02877603359343546,0.06152922631654876,0.1,0.1,0.1,0.036017754030528336,0.05847293363687185,0.02824914856005986,True,10,-10
2026-08-24 11:10:04.686513,0.02877603359343546,0.06152922631654876,0.1,0.1,0.1,0.036017754030528336,0.05847293363687185,0.02824914856005986,True,10,-10
2026-08-24 11:10:04.702670,0.02877603359343546,0.06152922631654876,0.1,0.1,0.1,0.036017754030528336,0.05847293363687185,0.02824914856005986,True,10,-10
2026-08-24 11:10:04.718381,0.02877603359343546,0.06152922631654876,0.1,0.1,0.1,0.036017754030528336,0.05847293363687185,0.02824914856005986,True,10,-10
2026-08-24 11:10:04.733493,0.02877603359343546,0.06152922631654876,0.1,0.1,0.1,0.036017754030528336,0.05847293363687185,0.02824914856005986,True,10,-10
2026-08-24 11:10:04.747858,0.02877603359343546,0.06152922631654876,0.1,0.1,0.1,0.036017754030528336,0.05847293363687185,0.02824914856005986,True,10,-10
2026-08-24 11:10:04.765801,0.02877603359343546,0.06152922631654876,0.1,0.1,0.1,0.036017754030528336,0.05847293363687185,0.02824914856005986,True,10,-10
2026-08-24 11:10:04.780860,0.02877603359343546,0.06152922631654876,0.1,0.1,0.1,0.036017754030528336,0.05847293363687185,0.02824914856005986,True,10,-10
2026-08-24 11:10:04.798835,0.02877603359343546,0.06152922631654876,0.1,0.1,0.1,0.036017754030528336,0.05847293363687185,0.02824914856005986,True,10,-10
2026-08-24 11:10:04.813956,0.02877603359343546,0.06152922631654876,0.1,0.1,0.1,0.036017754030528336,0.05847293363687185,0.02824914856005986,True,10,-10
2026-08-24 11:10:04.830065,0.02877603359343546,0.06152922631654876,0.1,0.1,0.1,0.036017754030528336,0.05847293363687185,0.02824914856005986,True,10,-10
2026-08-24 11:10:04.846165,0.02877603359343546,0.06152922631654876,0.1,0.1,0.1,0.036017754030528336,0.05847293363687185,0.02824914856005986,True,10,-10
2026-08-24 11:10:04.860281,0.02877603359343546,0.06152922631654876,0.1,0.1,0.1,0.036017754030528336,0.05847293363687185,0.02824914856005986,True,10,-10
2026-08-24 11:10:04.923631,0.0404580276200925,0.04806120345067369,0.03149240846005966,0.03962924954393634,0.1,0.1,0.1,0.06509990082262103,True,0.0,0.0
2026-08-24 11:10:04.939372,0.0404580276200925,0.04806120345067369,0.03149240846005966,0.03962924954393634,0.1,0.1,0.1,0.06509990082262103,True,0.0,0.0
2026-08-24 11:10:04.958181,0.0404580276200925,0.04806120345067369,0.03149240846005966,0.03962924954393634,0.1,0.1,0.1,0.06509990082262103,True,0.0,0.0
2026-08-24 11:10:04.998701,0.040387670671599415,0.0473755685610083,0.03187214739499204,0.03897630021976619,0.1,0.1,0.1,0.06592510570407133,True,0.0,0.0
2026-08-24 11:10:05.021981,0.040387670671599415,0.0473755685610083,0.03187214739499204,0.03897630021976619,0.1,0.1,0.1,0.06592510570407133,True,0.0,0.0
2026-08-24 11:10:05.036476,0.040387670671599415,0.0473755685610083,0.03187214739499204,0.03897630021976619,0.1,0.1,0.1,0.06592510570407133,True,0.0,0.0
2026-08-24 11:10:05.054599,0.040387670671599415,0.0473755685610083,0.03187214739499204,0.03897630021976619,0.1,0.1,0.1,0.06592510570407133,True,0.0,0.0
2026-08-24 11:10:05.070660,0.040387670671599415,0.0473755685610083,0.03187214739499204,0.03897630021976619,0.1,0.1,0.1,0.06592510570407133,True,0.0,0.0
2026-08-24 11:10:05.084806,0.040387670671599415,0.0473755685610083,0.03187214739499204,0.03897630021976619,0.1,0.1,0.1,0.06592510570407133,True,0.0,0.0
2026-08-24 11:10:05.100253,0.040387670671599415,0.0473755685610083,0.03187214739499204,0.03897630021976619,0.1,0.1,0.1,0.06592510570407133,True,0.0,0.0
2026-08-24 11:10:05.115388,0.040387670671599415,0.0473755685610083,0.03187214739499204,0.03897630021976619,0.1,0.1,0.1,0.06592510570407133,True,0.0,0.0
2026-08-24 11:10:05.131021,0.040387670671599415,0.0473755685610083,0.03187214739499204,0.03897630021976619,0.1,0.1,0.1,0.06592510570407133,True,0.0,0.0
2026-08-24 11:10:05.145766,0.040387670671599415,0.0473755685610083,0.03187214739499204,0.03897630021976619,0.1,0.1,0.1,0.06592510570407133,True,0.0,0.0
2026-08-24 11:10:05.163166,0.040387670671599415,0.0473755685610083,0.03187214739499204,0.03897630021976619,0.1,0.1,0.1,0.06592510570407133,True,0.0,0.0
2026-08-24 11:10:05.178991,0.040387670671599415,0.0473755685610083,0.03187214739499204,0.03897630021976619,0.1,0.1,0.1,0.06592510570407133,True,0.0,0.0
2026-08-24 11:10:05.194678,0.040387670671599415,0.0473755685610083,0.03187214739499204,0.03897630021976619,0.1,0.1,0.1,0.06592510570407133,True,0.0,0.0
2026-08-24 11:10:05.210661,0.040387670671599415,0.0473755685610083,0.03187214739499204,0.03897630021976619,0.1,0.1,0.1,0.06592510570407133,True,0.0,0.0
2026-08-24 11:10:05.226601,0.040387670671599415,0.0473755685610083,0.03187214739499204,0.03897630021976619,0.1,0.1,0.1,0.06592510570407133,True,0.0,0.0
2026-08-24 11:10:05.241711,0.040387670671599415,0.0473755685610083,0.03187214739499204,0.03897630021976619,0.1,0.1,0.1,0.06592510570407133,True,0.0,0.0
2026-08-24 11:10:05.257585,0.040387670671599415,0.0473755685610083,0.03187214739499204,0.03897630021976619,0.1,0.1,0.1,0.06592510570407133,True,0.0,0.0
2026-08-24 11:10:05.273926,0.040387670671599415,0.0473755685610083,0.03187214739499204,0.03897630021976619,0.1,0.1,0.1,0.06592510570407133,True,0.0,0.0
2026-08-24 11:10:05.290548,0.040387670671599415,0.0473755685610083,0.03187214739499204,0.03897630021976619,0.1,0.1,0.1,0.06592510570407133,True,0.0,0.0
2026-08-24 11:10:05.306479,0.040387670671599415,0.0473755685610083,0.03187214739499204,0.03897630021976619,0.1,0.1,0.1,0.06592510570407133,True,0.0,0.0
2026-08-24 11:10:05.324183,0.040387670671599415,0.0473755685610083,0.03187214739499204,0.03897630021976619,0.1,0.1,0.1,0.06592510570407133,True,0.0,0.0
2026-08-24 11:10:05.337741,0.040387670671599415,0.0473755685610083,0.03187214739499204,0.03897630021976619,0.1,0.1,0.1,0.06592510570407133,True,0.0,0.0
2026-08-24 11:10:05.353963,0.040387670671599415,0.0473755685610083,0.03187214739499204,0.03897630021976619,0.1,0.1,0.1,0.06592510570407133,True,0.0,0.0
2026-08-24 11:10:05.369318,0.040387670671599415,0.0473755685610083,0.03187214739499204,0.03897630021976619,0.1,0.1,0.1,0.06592510570407133,True,0.0,0.0
2026-08-24 11:10:05.385713,0.040387670671599415,0.0473755685610083,0.03187214739499204,0.03897630021976619,0.1,0.1,0.1,0.06592510570407133,True,0.0,0.0
2026-08-24 11:10:05.434303,0.04091038655014743,0.04796101404888256,0.03159434938217934,0.038659622658363015,0.1,0.1,0.1,0.06659970102476108,True,0.0,0.0
2026-08-24 11:10:05.449848,0.04091038655014743,0.04796101404888256,0.03159434938217934,0.038659622658363015,0.1,0.1,0.1,0.06659970102476108,True,-10,10
2026-08-24 11:10:05.473726,0.04091038655014743,0.04796101404888256,0.03159434938217934,0.038659622658363015,0.1,0.1,0.1,0.06659970102476108,True,-10,10
2026-08-24 11:10:05.495797,0.04091038655014743,0.04796101404888256,0.03159434938217934,0.038659622658363015,0.1,0.1,0.1,0.06659970102476108,True,-10,10
2026-08-24 11:10:05.509759,0.04091038655014743,0.04796101404888256,0.03159434938217934,0.038659622658363015,0.1,0.1,0.1,0.06659970102476108,True,-10,10
2026-08-24 11:10:05.526693,0.04091038655014743,0.04796101404888256,0.03159434938217934,0.038659622658363015,0.1,0.1,0.1,0.06659970102476108,True,-10,10
2026-08-24 11:10:05.542357,0.04091038655014743,0.04796101404888256,0.03159434938217934,0.038659622658363015,0.1,0.1,0.1,0.06659970102476108,True,-10,10
2026-08-24 11:10:05.559045,0.04091038655014743,0.04796101404888256,0.03159434938217934,0.038659622658363015,0.1,0.1,0.1,0.06659970102476108,True,-10,10
2026-08-24 11:10:05.574860,0.04091038655014743,0.04796101404888256,0.03159434938217934,0.038659622658363015,0.1,0.1,0.1,0.06659970102476108,True,-10,10
2026-08-24 11:10:05.588740,0.04091038655014743,0.04796101404888256,0.03159434938217934,0.038659622658363015,0.1,0.1,0.1,0.06659970102476108,True,-10,10
2026-08-24 11:10:05.606563,0.04091038655014743,0.04796101404888256,0.03159434938217934,0.038659622658363015,0.1,0.1,0.1,0.06659970102476108,True,-10,10
2026-08-24 11:10:05.622413,0.04091038655014743,0.04796101404888256,0.03159434938217934,0.038659622658363015,0.1,0.1,0.1,0.06659970102476108,True,-10,10
2026-08-24 11:10:05.636268,0.04091038655014743,0.04796101404888256,0.03159434938217934,0.038659622658363015,0.1,0.1,0.1,0.06659970102476108,True,-10,10
2026-08-24 11:10:05.654625,0.04091038655014743,0.04796101404888256,0.03159434938217934,0.038659622658363015,0.1,0.1,0.1,0.06659970102476108,True,-10,10
2026-08-24 11:10:05.670077,0.04091038655014743,0.04796101404888256,0.03159434938217934,0.038659622658363015,0.1,0.1,0.1,0.06659970102476108,True,-10,10
2026-08-24 11:10:05.687165,0.04091038655014743,0.04796101404888256,0.03159434938217934,0.038659622658363015,0.1,0.1,0.1,0.06659970102476108,True,-10,10
2026-08-24 11:10:05.699960,0.04091038655014743,0.04796101404888256,0.03159434938217934,0.038659622658363015,0.1,0.1,0.1,0.06659970102476108,True,-10,10
2026-08-24 11:10:05.717195,0.04091038655014743,0.04796101404888256,0.03159434938217934,0.038659622658363015,0.1,0.1,0.1,0.06659970102476108,True,-10,10
2026-08-24 11:10:05.734524,0.04091038655014743,0.04796101404888256,0.03159434938217934,0.038659622658363015,0.1,0.1,0.1,0.06659970102476108,True,-10,10
2026-08-24 11:10:05.748929,0.04091038655014743,0.04796101404888256,0.03159434938217934,0.038659622658363015,0.1,0.1,0.1,0.06659970102476108,True,-10,10
2026-08-24 11:10:05.765756,0.04091038655014743,0.04796101404888256,0.03159434938217934,0.038659622658363015,0.1,0.1,0.1,0.06659970102476108,True,-10,10
2026-08-24 11:10:05.782685,0.04091038655014743,0.04796101404888256,0.03159434938217934,0.038659622658363015,0.1,0.1,0.1,0.06659970102476108,True,-10,10
2026-08-24 11:10:05.794712,0.04091038655014743,0.04796101404888256,0.03159434938217934,0.038659622658363015,0.1,0.1,0.1,0.06659970102476108,True,-10,10
2026-08-24 11:10:05.811567,0.04091038655014743,0.04796101404888256,0.03159434938217934,0.038659622658363015,0.1,0.1,0.1,0.06659970102476108,True,-10,10
2026-08-24 11:10:05.827794,0.04091038655014743,0.04796101404888256,0.03159434938217934,0.038659622658363015,0.1,0.1,0.1,0.06659970102476108,True,-10,10
2026-08-24 11:10:05.841648,0.04091038655014743,0.04796101404888256,0.03159434938217934,0.038659622658363015,0.1,0.1,0.1,0.06659970102476108,True,-10,10
2026-08-24 11:10:05.858886,0.04091038655014743,0.04796101404888256,0.03159434938217934,0.038659622658363015,0.1,0.1,0.1,0.06659970102476108,True,-10,10
2026-08-24 11:10:05.875586,0.04091038655014743,0.04796101404888256,0.03159434938217934,0.038659622658363015,0.1,0.1,0.1,0.06659970102476108,True,-10,10
2026-08-24 11:10:05.889484,0.04091038655014743,0.04796101404888256,0.03159434938217934,0.038659622658363015,0.1,0.1,0.1,0.06659970102476108,True,-10,10
2026-08-24 11:10:05.906162,0.04091038655014743,0.04796101404888256,0.03159434938217934,0.038659622658363015,0.1,0.1,0.1,0.06659970102476108,True,-10,10
2026-08-24 11:10:05.922541,0.04091038655014743,0.04796101404888256,0.03159434938217934,0.038659622658363015,0.1,0.1,0.1,0.06659970102476108,True,-10,10
2026-08-24 11:10:05.938310,0.04091038655014743,0.04796101404888256,0.03159434938217934,0.038659622658363015,0.1,0.1,0.1,0.06659970102476108,True,-10,10
2026-08-24 11:10:05.955091,0.04091038655014743,0.04796101404888256,0.03159434938217934,0.038659622658363015,0.1,0.1,0.1,0.06659970102476108,True,-10,10
2026-08-24 11:10:05.970977,0.04091038655014743,0.04796101404888256,0.03159434938217934,0.038659622658363015,0.1,0.1,0.1,0.06659970102476108,True,-10,10
2026-08-24 11:10:05.984906,0.04091038655014743,0.04796101404888256,0.03159434938217934,0.038659622658363015,0.1,0.1,0.1,0.06659970102476108,True,-10,10
2026-08-24 11:10:06.000748,0.04091038655014743,0.04796101404888256,0.03159434938217934,0.038659622658363015,0.1,0.1,0.1,0.06659970102476108,True,-10,10
2026-08-24 11:10:06.019015,0.04091038655014743,0.04796101404888256,0.03159434938217934,0.038659622658363015,0.1,0.1,0.1,0.06659970102476108,True,-10,10
2026-08-24 11:10:06.036545,0.04091038655014743,0.04796101404888256,0.03159434938217934,0.038659622658363015,0.1,0.1,0.1,0.06659970102476108,True,-10,10
2026-08-24 11:10:06.052728,0.04091038655014743,0.04796101404888256,0.03159434938217934,0.038659622658363015,0.1,0.1,0.1,0.06659970102476108,True,-10,10
2026-08-24 11:10:06.067882,0.04091038655014743,0.04796101404888256,0.03159434938217934,0.038659622658363015,0.1,0.1,0.1,0.06659970102476108,True,-10,10
2026-08-24 11:10:06.082027,0.04091038655014743,0.04796101404888256,0.03159434938217934,0.038659622658363015,0.1,0.1,0.1,0.06659970102476108,True,-10,10
2026-08-24 11:10:06.098742,0.04091038655014743,0.04796101404888256,0.03159434938217934,0.038659622658363015,0.1,0.1,0.1,0.06659970102476108,True,-10,10
2026-08-24 11:10:06.115179,0.04091038655014743,0.04796101404888256,0.03159434938217934,0.038659622658363015,0.1,0.1,0.1,0.06659970102476108,True,-10,10
2026-08-24 11:10:06.129362,0.04091038655014743,0.04796101404888256,0.03159434938217934,0.038659622658363015,0.1,0.1,0.1,0.06659970102476108,True,-10,10
2026-08-24 11:10:06.144269,0.04091038655014743,0.04796101404888256,0.03159434938217934,0.038659622658363015,0.1,0.1,0.1,0.06659970102476108,True,-10,10
2026-08-24 11:10:06.158939,0.04091038655014743,0.04796101404888256,0.03159434938217934,0.038659622658363015,0.1,0.1,0.1,0.06659970102476108,True,-10,10
2026-08-24 11:10:06.176240,0.04091038655014743,0.04796101404888256,0.03159434938217934,0.038659622658363015,0.1,0.1,0.1,0.06659970102476108,True,-10,10
2026-08-24 11:10:06.191376,0.04091038655014743,0.04796101404888256,0.03159434938217934,0.038659622658363015,0.1,0.1,0.1,0.06659970102476108,True,-10,10
2026-08-24 11:10:06.207212,0.04091038655014743,0.04796101404888256,0.03159434938217934,0.038659622658363015,0.1,0.1,0.1,0.06659970102476108,True,-10,10
2026-08-24 11:10:06.223875,0.04091038655014743,0.04796101404888256,0.03159434938217934,0.038659622658363015,0.1,0.1,0.1,0.06659970102476108,True,-10,10
2026-08-24 11:10:06.239387,0.04091038655014743,0.04796101404888256,0.03159434938217934,0.038659622658363015,0.1,0.1,0.1,0.06659970102476108,True,-10,10
2026-08-24 11:10:06.254856,0.04091038655014743,0.04796101404888256,0.03159434938217934,0.038659622658363015,0.1,0.1,0.1,0.06659970102476108,True,-10,10
2026-08-24 11:10:06.271512,0.04091038655014743,0.04796101404888256,0.03159434938217934,0.038659622658363015,0.1,0.1,0.1,0.06659970102476108,True,-10,10
2026-08-24 11:10:06.287264,0.04091038655014743,0.04796101404888256,0.03159434938217934,0.038659622658363015,0.1,0.1,0.1,0.06659970102476108,True,-10,10
2026-08-24 11:10:06.303184,0.04091038655014743,0.04796101404888256,0.03159434938217934,0.038659622658363015,0.1,0.1,0.1,0.06659970102476108,True,-10,10
2026-08-24 11:10:06.318012,0.04091038655014743,0.04796101404888256,0.03159434938217934,0.038659622658363015,0.1,0.1,0.1,0.06659970102476108,True,-10,10
2026-08-24 11:10:06.333860,0.04091038655014743,0.04796101404888256,0.03159434938217934,0.038659622658363015,0.1,0.1,0.1,0.06659970102476108,True,-10,10
2026-08-24 11:10:06.350841,0.04091038655014743,0.04796101404888256,0.03159434938217934,0.038659622658363015,0.1,0.1,0.1,0.06659970102476108,True,-10,10
2026-08-24 11:10:06.365782,0.04091038655014743,0.04796101404888256,0.03159434938217934,0.038659622658363015,0.1,0.1,0.1,0.06659970102476108,True,-10,10
2026-08-24 11:10:06.381500,0.04091038655014743,0.04796101404888256,0.03159434938217934,0.038659622658363015,0.1,0.1,0.1,0.06659970102476108,True,-10,10
2026-08-24 11:10:06.398137,0.04091038655014743,0.04796101404888256,0.03159434938217934,0.038659622658363015,0.1,0.1,0.1,0.06659970102476108,True,-10,10
2026-08-24 11:10:06.416040,0.04091038655014743,0.04796101404888256,0.03159434938217934,0.038659622658363015,0.1,0.1,0.1,0.06659970102476108,True,-10,10
2026-08-24 11:10:06.429015,0.04091038655014743,0.04796101404888256,0.03159434938217934,0.038659622658363015,0.1,0.1,0.1,0.06659970102476108,True,-10,10
2026-08-24 11:10:06.445922,0.04091038655014743,0.04796101404888256,0.03159434938217934,0.038659622658363015,0.1,0.1,0.1,0.06659970102476108,True,-10,10
2026-08-24 11:10:06.498840,0.026459581219194714,0.05666608406985052,0.1,0.1,0.1,0.03957780959961629,0.05736318252674349,0.026579783348225434,True,0.0,0.0
2026-08-24 11:10:06.550408,0.026503242241322597,0.05726665457393024,0.1,0.1,0.1,0.03957491086499721,0.05652334894952851,0.026375072750015577,True,0.0,0.0
2026-08-24 11:10:06.571941,0.026503242241322597,0.05726665457393024,0.1,0.1,0.1,0.03957491086499721,0.05652334894952851,0.026375072750015577,True,0.0,0.0
2026-08-24 11:10:06.588830,0.026503242241322597,0.05726665457393024,0.1,0.1,0.1,0.03957491086499721,0.05652334894952851,0.026375072750015577,True,0.0,0.0
2026-08-24 11:10:06.606680,0.026503242241322597,0.05726665457393024,0.1,0.1,0.1,0.03957491086499721,0.05652334894952851,0.026375072750015577,True,0.0,0.0
2026-08-24 11:10:06.624078,0.026503242241322597,0.05726665457393024,0.1,0.1,0.1,0.03957491086499721,0.05652334894952851,0.026375072750015577,True,0.0,0.0
2026-08-24 11:10:06.635806,0.026503242241322597,0.05726665457393024,0.1,0.1,0.1,0.03957491086499721,0.05652334894952851,0.026375072750015577,True,0.0,0.0
2026-08-24 11:10:06.650898,0.026503242241322597,0.05726665457393024,0.1,0.1,0.1,0.03957491086499721,0.05652334894952851,0.026375072750015577,True,0.0,0.0
2026-08-24 11:10:06.668272,0.026503242241322597,0.05726665457393024,0.1,0.1,0.1,0.03957491086499721,0.05652334894952851,0.026375072750015577,True,0.0,0.0
2026-08-24 11:10:06.682031,0.026503242241322597,0.05726665457393024,0.1,0.1,0.1,0.03957491086499721,0.05652334894952851,0.026375072750015577,True,0.0,0.0
2026-08-24 11:10:06.697625,0.026503242241322597,0.05726665457393024,0.1,0.1,0.1,0.03957491086499721,0.05652334894952851,0.026375072750015577,True,0.0,0.0
2026-08-24 11:10:06.712564,0.026503242241322597,0.05726665457393024,0.1,0.1,0.1,0.03957491086499721,0.05652334894952851,0.026375072750015577,True,0.0,0.0
2026-08-24 11:10:06.728704,0.026503242241322597,0.05726665457393024,0.1,0.1,0.1,0.03957491086499721,0.05652334894952851,0.026375072750015577,True,0.0,0.0
2026-08-24 11:10:06.744849,0.026503242241322597,0.05726665457393024,0.1,0.1,0.1,0.03957491086499721,0.05652334894952851,0.026375072750015577,True,0.0,0.0
2026-08-24 11:10:06.758688,0.026503242241322597,0.05726665457393024,0.1,0.1,0.1,0.03957491086499721,0.05652334894952851,0.026375072750015577,True,0.0,0.0
2026-08-24 11:10:06.775178,0.026503242241322597,0.05726665457393024,0.1,0.1,0.1,0.03957491086499721,0.05652334894952851,0.026375072750015577,True,0.0,0.0
2026-08-24 11:10:06.792451,0.026503242241322597,0.05726665457393024,0.1,0.1,0.1,0.03957491086499721,0.05652334894952851,0.026375072750015577,True,0.0,0.0
2026-08-24 11:10:06.807827,0.026503242241322597,0.05726665457393024,0.1,0.1,0.1,0.03957491086499721,0.05652334894952851,0.026375072750015577,True,0.0,0.0
2026-08-24 11:10:06.824620,0.026503242241322597,0.05726665457393024,0.1,0.1,0.1,0.03957491086499721,0.05652334894952851,0.026375072750015577,True,0.0,0.0
2026-08-24 11:10:06.837605,0.026503242241322597,0.05726665457393024,0.1,0.1,0.1,0.03957491086499721,0.05652334894952851,0.026375072750015577,True,0.0,0.0
2026-08-24 11:10:06.854935,0.026503242241322597,0.05726665457393024,0.1,0.1,0.1,0.03957491086499721,0.05652334894952851,0.026375072750015577,True,0.0,0.0
2026-08-24 11:10:06.870896,0.026503242241322597,0.05726665457393024,0.1,0.1,0.1,0.03957491086499721,0.05652334894952851,0.026375072750015577,True,0.0,0.0
2026-08-24 11:10:06.885951,0.026503242241322597,0.05726665457393024,0.1,0.1,0.1,0.03957491086499721,0.05652334894952851,0.026375072750015577,True,0.0,0.0
2026-08-24 11:10:06.902017,0.026503242241322597,0.05726665457393024,0.1,0.1,0.1,0.03957491086499721,0.05652334894952851,0.026375072750015577,True,0.0,0.0
2026-08-24 11:10:06.919063,0.026503242241322597,0.05726665457393024,0.1,0.1,0.1,0.03957491086499721,0.05652334894952851,0.026375072750015577,True,0.0,0.0
2026-08-24 11:10:06.933382,0.026503242241322597,0.05726665457393024,0.1,0.1,0.1,0.03957491086499721,0.05652334894952851,0.026375072750015577,True,0.0,0.0
2026-08-24 11:10:06.950201,0.026503242241322597,0.05726665457393024,0.1,0.1,0.1,0.03957491086499721,0.05652334894952851,0.026375072750015577,True,0.0,0.0
2026-08-24 11:10:07.004869,0.026755437021970325,0.057640354338013566,0.1,0.1,0.1,0.039591786500484054,0.05690103442094786,0.0266279547576132,True,0.0,0.0
2026-08-24 11:10:07.029324,0.026755437021970325,0.057640354338013566,0.1,0.1,0.1,0.039591786500484054,0.05690103442094786,0.0266279547576132,True,-10,10
2026-08-24 11:10:07.056531,0.026755437021970325,0.057640354338013566,0.1,0.1,0.1,0.039591786500484054,0.05690103442094786,0.0266279547576132,True,-10,10
2026-08-24 11:10:07.076538,0.026755437021970325,0.057640354338013566,0.1,0.1,0.1,0.039591786500484054,0.05690103442094786,0.0266279547576132,True,-10,10
2026-08-24 11:10:07.089939,0.026755437021970325,0.057640354338013566,0.1,0.1,0.1,0.039591786500484054,0.05690103442094786,0.0266279547576132,True,-10,10
2026-08-24 11:10:07.107080,0.026755437021970325,0.057640354338013566,0.1,0.1,0.1,0.039591786500484054,0.05690103442094786,0.0266279547576132,True,-10,10
2026-08-24 11:10:07.121576,0.026755437021970325,0.057640354338013566,0.1,0.1,0.1,0.039591786500484054,0.05690103442094786,0.0266279547576132,True,-10,10
2026-08-24 11:10:07.137498,0.026755437021970325,0.057640354338013566,0.1,0.1,0.1,0.039591786500484054,0.05690103442094786,0.0266279547576132,True,-10,10
2026-08-24 11:10:07.155196,0.026755437021970325,0.057640354338013566,0.1,0.1,0.1,0.039591786500484054,0.05690103442094786,0.0266279547576132,True,-10,10
2026-08-24 11:10:07.171548,0.026755437021970325,0.057640354338013566,0.1,0.1,0.1,0.039591786500484054,0.05690103442094786,0.0266279547576132,True,-10,10
2026-08-24 11:10:07.186326,0.026755437021970325,0.057640354338013566,0.1,0.1,0.1,0.039591786500484054,0.05690103442094786,0.0266279547576132,True,-10,10
2026-08-24 11:10:07.203695,0.026755437021970325,0.057640354338013566,0.1,0.1,0.1,0.039591786500484054,0.05690103442094786,0.0266279547576132,True,-10,10
2026-08-24 11:10:07.218471,0.026755437021970325,0.057640354338013566,0.1,0.1,0.1,0.039591786500484054,0.05690103442094786,0.0266279547576132,True,-10,10
2026-08-24 11:10:07.235004,0.026755437021970325,0.057640354338013566,0.1,0.1,0.1,0.039591786500484054,0.05690103442094786,0.0266279547576132,True,-10,10
2026-08-24 11:10:07.250885,0.026755437021970325,0.057640354338013566,0.1,0.1,0.1,0.039591786500484054,0.05690103442094786,0.0266279547576132,True,-10,10
2026-08-24 11:10:07.266600,0.026755437021970325,0.057640354338013566,0.1,0.1,0.1,0.039591786500484054,0.05690103442094786,0.0266279547576132,True,-10,10
2026-08-24 11:10:07.282755,0.026755437021970325,0.057640354338013566,0.1,0.1,0.1,0.039591786500484054,0.05690103442094786,0.0266279547576132,True,-10,10
2026-08-24 11:10:07.298044,0.026755437021970325,0.057640354338013566,0.1,0.1,0.1,0.039591786500484054,0.05690103442094786,0.0266279547576132,True,-10,10
2026-08-24 11:10:07.315284,0.026755437021970325,0.057640354338013566,0.1,0.1,0.1,0.039591786500484054,0.05690103442094786,0.0266279547576132,True,-10,10
2026-08-24 11:10:07.330939,0.026755437021970325,0.057640354338013566,0.1,0.1,0.1,0.039591786500484054,0.05690103442094786,0.0266279547576132,True,-10,10
2026-08-24 11:10:07.344405,0.026755437021970325,0.057640354338013566,0.1,0.1,0.1,0.039591786500484054,0.05690103442094786,0.0266279547576132,True,-10,10
2026-08-24 11:10:07.363125,0.026755437021970325,0.057640354338013566,0.1,0.1,0.1,0.039591786500484054,0.05690103442094786,0.0266279547576132,True,-10,10
2026-08-24 11:10:07.378319,0.026755437021970325,0.057640354338013566,0.1,0.1,0.1,0.039591786500484054,0.05690103442094786,0.0266279547576132,True,-10,10
2026-08-24 11:10:07.394205,0.026755437021970325,0.057640354338013566,0.1,0.1,0.1,0.039591786500484054,0.05690103442094786,0.0266279547576132,True,-10,10
2026-08-24 11:10:07.408163,0.026755437021970325,0.057640354338013566,0.1,0.1,0.1,0.039591786500484054,0.05690103442094786,0.0266279547576132,True,-10,10
2026-08-24 11:10:07.426028,0.026755437021970325,0.057640354338013566,0.1,0.1,0.1,0.039591786500484054,0.05690103442094786,0.0266279547576132,True,-10,10
2026-08-24 11:10:07.442013,0.026755437021970325,0.057640354338013566,0.1,0.1,0.1,0.039591786500484054,0.05690103442094786,0.0266279547576132,True,-10,10
2026-08-24 11:10:07.456706,0.026755437021970325,0.057640354338013566,0.1,0.1,0.1,0.039591786500484054,0.05690103442094786,0.0266279547576132,True,-10,10
2026-08-24 11:10:07.472929,0.026755437021970325,0.057640354338013566,0.1,0.1,0.1,0.039591786500484054,0.05690103442094786,0.0266279547576132,True,-10,10
2026-08-24 11:10:07.488020,0.026755437021970325,0.057640354338013566,0.1,0.1,0.1,0.039591786500484054,0.05690103442094786,0.0266279547576132,True,-10,10
2026-08-24 11:10:07.502254,0.026755437021970325,0.057640354338013566,0.1,0.1,0.1,0.039591786500484054,0.05690103442094786,0.0266279547576132,True,-10,10
2026-08-24 11:10:07.519753,0.026755437021970325,0.057640354338013566,0.1,0.1,0.1,0.039591786500484054,0.05690103442094786,0.0266279547576132,True,-10,10
2026-08-24 11:10:07.534734,0.026755437021970325,0.057640354338013566,0.1,0.1,0.1,0.039591786500484054,0.05690103442094786,0.0266279547576132,True,-10,10
2026-08-24 11:10:07.549537,0.026755437021970325,0.057640354338013566,0.1,0.1,0.1,0.039591786500484054,0.05690103442094786,0.0266279547576132,True,-10,10
2026-08-24 11:10:07.567632,0.026755437021970325,0.057640354338013566,0.1,0.1,0.1,0.039591786500484054,0.05690103442094786,0.0266279547576132,True,-10,10
2026-08-24 11:10:07.581509,0.026755437021970325,0.057640354338013566,0.1,0.1,0.1,0.039591786500484054,0.05690103442094786,0.0266279547576132,True,-10,10
2026-08-24 11:10:07.599334,0.026755437021970325,0.057640354338013566,0.1,0.1,0.1,0.039591786500484054,0.05690103442094786,0.0266279547576132,True,-10,10
2026-08-24 11:10:07.615243,0.026755437021970325,0.057640354338013566,0.1,0.1,0.1,0.039591786500484054,0.05690103442094786,0.0266279547576132,True,-10,10
2026-08-24 11:10:07.631215,0.026755437021970325,0.057640354338013566,0.1,0.1,0.1,0.039591786500484054,0.05690103442094786,0.0266279547576132,True,-10,10
2026-08-24 11:10:07.644890,0.026755437021970325,0.057640354338013566,0.1,0.1,0.1,0.039591786500484054,0.05690103442094786,0.0266279547576132,True,-10,10
2026-08-24 11:10:07.663017,0.026755437021970325,0.057640354338013566,0.1,0.1,0.1,0.039591786500484054,0.05690103442094786,0.0266279547576132,True,-10,10
2026-08-24 11:10:07.676880,0.026755437021970325,0.057640354338013566,0.1,0.1,0.1,0.039591786500484054,0.05690103442094786,0.0266279547576132,True,-10,10
2026-08-24 11:10:07.694802,0.026755437021970325,0.057640354338013566,0.1,0.1,0.1,0.039591786500484054,0.05690103442094786,0.0266279547576132,True,-10,10
2026-08-24 11:10:07.710023,0.026755437021970325,0.057640354338013566,0.1,0.1,0.1,0.039591786500484054,0.05690103442094786,0.0266279547576132,True,-10,10
2026-08-24 11:10:07.726541,0.026755437021970325,0.057640354338013566,0.1,0.1,0.1,0.039591786500484054,0.05690103442094786,0.0266279547576132,True,-10,10
2026-08-24 11:10:07.741567,0.026755437021970325,0.057640354338013566,0.1,0.1,0.1,0.039591786500484054,0.05690103442094786,0.0266279547576132,True,-10,10
2026-08-24 11:10:07.758463,0.026755437021970325,0.057640354338013566,0.1,0.1,0.1,0.039591786500484054,0.05690103442094786,0.0266279547576132,True,-10,10
2026-08-24 11:10:07.774314,0.026755437021970325,0.057640354338013566,0.1,0.1,0.1,0.039591786500484054,0.05690103442094786,0.0266279547576132,True,-10,10
2026-08-24 11:10:07.788222,0.026755437021970325,0.057640354338013566,0.1,0.1,0.1,0.039591786500484054,0.05690103442094786,0.0266279547576132,True,-10,10
2026-08-24 11:10:07.803956,0.026755437021970325,0.057640354338013566,0.1,0.1,0.1,0.039591786500484054,0.05690103442094786,0.0266279547576132,True,-10,10
2026-08-24 11:10:07.821089,0.026755437021970325,0.057640354338013566,0.1,0.1,0.1,0.039591786500484054,0.05690103442094786,0.0266279547576132,True,-10,10
2026-08-24 11:10:07.837322,0.026755437021970325,0.057640354338013566,0.1,0.1,0.1,0.039591786500484054,0.05690103442094786,0.0266279547576132,True,-10,10
2026-08-24 11:10:07.852374,0.026755437021970325,0.057640354338013566,0.1,0.1,0.1,0.039591786500484054,0.05690103442094786,0.0266279547576132,True,-10,10
2026-08-24 11:10:07.866449,0.026755437021970325,0.057640354338013566,0.1,0.1,0.1,0.039591786500484054,0.05690103442094786,0.0266279547576132,True,-10,10
2026-08-24 11:10:07.885231,0.026755437021970325,0.057640354338013566,0.1,0.1,0.1,0.039591786500484054,0.05690103442094786,0.0266279547576132,True,-10,10
2026-08-24 11:10:07.898725,0.026755437021970325,0.057640354338013566,0.1,0.1,0.1,0.039591786500484054,0.05690103442094786,0.0266279547576132,True,-10,10
2026-08-24 11:10:07.913038,0.026755437021970325,0.057640354338013566,0.1,0.1,0.1,0.039591786500484054,0.05690103442094786,0.0266279547576132,True,-10,10
2026-08-24 11:10:07.930619,0.026755437021970325,0.057640354338013566,0.1,0.1,0.1,0.039591786500484054,0.05690103442094786,0.0266279547576132,True,-10,10
2026-08-24 11:10:07.946348,0.026755437021970325,0.057640354338013566,0.1,0.1,0.1,0.039591786500484054,0.05690103442094786,0.0266279547576132,True,-10,10
2026-08-24 11:10:07.962464,0.026755437021970325,0.057640354338013566,0.1,0.1,0.1,0.039591786500484054,0.05690103442094786,0.0266279547576132,True,-10,10
2026-08-24 11:10:07.977803,0.026755437021970325,0.057640354338013566,0.1,0.1,0.1,0.039591786500484054,0.05690103442094786,0.0266279547576132,True,-10,10
2026-08-24 11:10:07.993680,0.026755437021970325,0.057640354338013566,0.1,0.1,0.1,0.039591786500484054,0.05690103442094786,0.0266279547576132,True,-10,10
2026-08-24 11:10:08.009894,0.026755437021970325,0.057640354338013566,0.1,0.1,0.1,0.039591786500484054,0.05690103442094786,0.0266279547576132,True,-10,10
2026-08-24 11:10:08.026174,0.026755437021970325,0.057640354338013566,0.1,0.1,0.1,0.039591786500484054,0.05690103442094786,0.0266279547576132,True,-10,10
2026-08-24 11:10:08.071394,0.1,0.1,0.1,0.03989809430849411,0.034516059349007616,0.027316453471400895,0.09851227018212465,0.1,True,0.0,0.0
2026-08-24 11:10:08.087124,0.1,0.1,0.1,0.03989809430849411,0.034516059349007616,0.027316453471400895,0.09851227018212465,0.1,True,0.0,0.0
2026-08-24 11:10:08.119685,0.1,0.1,0.1,0.039884923029699565,0.034413865899397995,0.02737942115050488,0.09911419894391427,0.1,True,0.0,0.0
2026-08-24 11:10:08.135904,0.1,0.1,0.1,0.039884923029699565,0.034413865899397995,0.02737942115050488,0.09911419894391427,0.1,True,0.0,0.0
2026-08-24 11:10:08.156598,0.1,0.1,0.1,0.039884923029699565,0.034413865899397995,0.02737942115050488,0.09911419894391427,0.1,True,0.0,0.0
2026-08-24 11:10:08.170340,0.1,0.1,0.1,0.039884923029699565,0.034413865899397995,0.02737942115050488,0.09911419894391427,0.1,True,0.0,0.0
2026-08-24 11:10:08.186085,0.1,0.1,0.1,0.039884923029699565,0.034413865899397995,0.02737942115050488,0.09911419894391427,0.1,True,0.0,0.0
2026-08-24 11:10:08.198887,0.1,0.1,0.1,0.039884923029699565,0.034413865899397995,0.02737942115050488,0.09911419894391427,0.1,True,0.0,0.0
2026-08-24 11:10:08.215285,0.1,0.1,0.1,0.039884923029699565,0.034413865899397995,0.02737942115050488,0.09911419894391427,0.1,True,0.0,0.0
2026-08-24 11:10:08.230311,0.1,0.1,0.1,0.039884923029699565,0.034413865899397995,0.02737942115050488,0.09911419894391427,0.1,True,0.0,0.0
2026-08-24 11:10:08.246914,0.1,0.1,0.1,0.039884923029699565,0.034413865899397995,0.02737942115050488,0.09911419894391427,0.1,True,0.0,0.0
2026-08-24 11:10:08.262514,0.1,0.1,0.1,0.039884923029699565,0.034413865899397995,0.02737942115050488,0.09911419894391427,0.1,True,0.0,0.0
2026-08-24 11:10:08.279015,0.1,0.1,0.1,0.039884923029699565,0.034413865899397995,0.02737942115050488,0.09911419894391427,0.1,True,0.0,0.0
2026-08-24 11:10:08.292659,0.1,0.1,0.1,0.039884923029699565,0.034413865899397995,0.02737942115050488,0.09911419894391427,0.1,True,0.0,0.0
2026-08-24 11:10:08.310325,0.1,0.1,0.1,0.039884923029699565,0.034413865899397995,0.02737942115050488,0.09911419894391427,0.1,True,0.0,0.0
2026-08-24 11:10:08.326457,0.1,0.1,0.1,0.039884923029699565,0.034413865899397995,0.02737942115050488,0.09911419894391427,0.1,True,0.0,0.0
2026-08-24 11:10:08.342352,0.1,0.1,0.1,0.039884923029699565,0.034413865899397995,0.02737942115050488,0.09911419894391427,0.1,True,0.0,0.0
2026-08-24 11:10:08.356201,0.1,0.1,0.1,0.039884923029699565,0.034413865899397995,0.02737942115050488,0.09911419894391427,0.1,True,0.0,0.0
2026-08-24 11:10:08.372152,0.1,0.1,0.1,0.039884923029699565,0.034413865899397995,0.02737942115050488,0.09911419894391427,0.1,True,0.0,0.0
2026-08-24 11:10:08.390946,0.1,0.1,0.1,0.039884923029699565,0.034413865899397995,0.02737942115050488,0.09911419894391427,0.1,True,0.0,0.0
2026-08-24 11:10:08.407552,0.1,0.1,0.1,0.039884923029699565,0.034413865899397995,0.02737942115050488,0.09911419894391427,0.1,True,0.0,0.0
2026-08-24 11:10:08.419442,0.1,0.1,0.1,0.039884923029699565,0.034413865899397995,0.02737942115050488,0.09911419894391427,0.1,True,0.0,0.0
2026-08-24 11:10:08.437376,0.1,0.1,0.1,0.039884923029699565,0.034413865899397995,0.02737942115050488,0.09911419894391427,0.1,True,0.0,0.0
2026-08-24 11:10:08.453302,0.1,0.1,0.1,0.039884923029699565,0.034413865899397995,0.02737942115050488,0.09911419894391427,0.1,True,0.0,0.0
2026-08-24 11:10:08.467932,0.1,0.1,0.1,0.039884923029699565,0.034413865899397995,0.02737942115050488,0.09911419894391427,0.1,True,0.0,0.0
2026-08-24 11:10:08.485523,0.1,0.1,0.1,0.039884923029699565,0.034413865899397995,0.02737942115050488,0.09911419894391427,0.1,True,0.0,0.0
2026-08-24 11:10:08.536140,0.1,0.1,0.1,0.04010718155333789,0.03453126791393594,0.02749728502475983,0.09940249493780295,0.1,True,0.0,0.0
2026-08-24 11:10:08.547282,0.1,0.1,0.1,0.04010718155333789,0.03453126791393594,0.02749728502475983,0.09940249493780295,0.1,True,0.0,0.0
2026-08-24 11:10:08.561856,0.1,0.1,0.1,0.04010718155333789,0.03453126791393594,0.027509818825403577,0.09940249493780295,0.1,True,-10,10
2026-08-24 11:10:08.589045,0.1,0.1,0.1,0.04010718155333789,0.03453126791393594,0.028609529007909248,0.09940249493780295,0.1,True,-10,10
2026-08-24 11:10:08.610500,0.1,0.1,0.1,0.04010718155333789,0.03453126791393594,0.028609529007909248,0.09940249493780295,0.1,True,-10,10
2026-08-24 11:10:08.627091,0.1,0.1,0.1,0.04010718155333789,0.03453126791393594,0.031074853148157312,0.09940249493780295,0.1,True,-10,10
2026-08-24 11:10:08.643006,0.1,0.1,0.1,0.04010718155333789,0.03453126791393594,0.032411545140082425,0.09940249493780295,0.1,True,-10,10
2026-08-24 11:10:08.659035,0.1,0.1,0.1,0.04010718155333789,0.03453126791393594,0.032411545140082425,0.09940249493780295,0.1,True,-10,10
2026-08-24 11:10:08.674798,0.1,0.1,0.1,0.04010718155333789,0.03453126791393594,0.035527826461019534,0.09940249493780295,0.1,True,-10,10
2026-08-24 11:10:08.694415,0.1,0.1,0.1,0.04010718155333789,0.03453126791393594,0.035527826461019534,0.09940249493780295,0.1,True,-10,10
2026-08-24 11:10:08.704505,0.1,0.1,0.1,0.04010718155333789,0.03453126791393594,0.03878881096391503,0.09940249493780295,0.1,True,-10,10
2026-08-24 11:10:08.722249,0.1,0.1,0.1,0.04010718155333789,0.03453126791393594,0.04062693458433275,0.09940249493780295,0.1,True,-10,10
2026-08-24 11:10:08.738015,0.1,0.1,0.1,0.04010718155333789,0.03453126791393594,0.04291167824690939,0.09940249493780295,0.1,True,-10,10
2026-08-24 11:10:08.753404,0.1,0.1,0.1,0.04010718155333789,0.03453126791393594,0.04291167824690939,0.09940249493780295,0.1,True,-10,10
2026-08-24 11:10:08.773527,0.1,0.1,0.1,0.04010718155333789,0.03453126791393594,0.04541615870086192,0.09940249493780295,0.1,True,-10,10
2026-08-24 11:10:08.782330,0.1,0.1,0.1,0.04010718155333789,0.03453126791393594,0.05168109961310562,0.09940249493780295,0.1,True,-10,10
2026-08-24 11:10:08.801337,0.1,0.1,0.1,0.04010718155333789,0.03453126791393594,0.05168109961310562,0.09940249493780295,0.1,True,-10,10
2026-08-24 11:10:08.815834,0.1,0.1,0.1,0.04010718155333789,0.03453126791393594,0.05959218621127804,0.09940249493780295,0.1,True,-10,10
2026-08-24 11:10:08.835810,0.1,0.1,0.1,0.04010718155333789,0.03453126791393594,0.05959218621127804,0.09940249493780295,0.1,True,-10,10
2026-08-24 11:10:08.847654,0.1,0.1,0.1,0.04010718155333789,0.03453126791393594,0.06417319144020216,0.09940249493780295,0.1,True,-10,10
2026-08-24 11:10:08.867747,0.1,0.1,0.1,0.04010718155333789,0.03453126791393594,0.06951747506701454,0.09940249493780295,0.1,True,-10,10
2026-08-24 11:10:08.885038,0.1,0.1,0.1,0.04010718155333789,0.03453126791393594,0.07555250482802012,0.09940249493780295,0.1,True,-10,10
2026-08-24 11:10:08.892690,0.1,0.1,0.1,0.04010718155333789,0.03453126791393594,0.08998449436172007,0.09940249493780295,0.1,True,-10,10
2026-08-24 11:10:08.913211,0.1,0.1,0.1,0.04010718155333789,0.03453126791393594,0.08998449436172007,0.09940249493780295,0.1,True,-10,10
2026-08-24 11:10:08.925692,0.1,0.1,0.1,0.04010718155333789,0.03453126791393594,0.1,0.09940249493780295,0.1,True,-10,10
2026-08-24 11:10:08.943549,0.1,0.1,0.1,0.04010718155333789,0.03453126791393594,0.1,0.09940249493780295,0.1,True,-10,10
2026-08-24 11:10:08.955823,0.1,0.1,0.1,0.04010718155333789,0.03453126791393594,0.1,0.09940249493780295,0.1,True,-10,10
2026-08-24 11:10:08.971828,0.1,0.1,0.1,0.04010718155333789,0.03453126791393594,0.1,0.09940249493780295,0.1,True,-10,10
2026-08-24 11:10:08.985706,0.1,0.1,0.1,0.04010718155333789,0.03453126791393594,0.1,0.09940249493780295,0.1,True,-10,10
2026-08-24 11:10:09.003748,0.1,0.1,0.1,0.04010718155333789,0.03453126791393594,0.1,0.09940249493780295,0.1,True,-10,10
2026-08-24 11:10:09.021441,0.1,0.1,0.1,0.04010718155333789,0.03453126791393594,0.1,0.09940249493780295,0.1,True,-10,10
2026-08-24 11:10:09.035709,0.1,0.1,0.1,0.04010718155333789,0.03453126791393594,0.1,0.09940249493780295,0.1,True,-10,10
2026-08-24 11:10:09.052239,0.1,0.1,0.1,0.04010718155333789,0.03453126791393594,0.1,0.09940249493780295,0.1,True,-10,10
2026-08-24 11:10:09.068150,0.1,0.1,0.1,0.04010718155333789,0.03453126791393594,0.1,0.09940249493780295,0.1,True,-10,10
2026-08-24 11:10:09.082933,0.1,0.1,0.1,0.04010718155333789,0.03453126791393594,0.1,0.09940249493780295,0.1,True,-10,10
2026-08-24 11:10:09.098556,0.1,0.1,0.1,0.04010718155333789,0.03453126791393594,0.1,0.09940249493780295,0.1,True,-10,10
2026-08-24 11:10:09.113524,0.1,0.1,0.1,0.04010718155333789,0.03453126791393594,0.1,0.09940249493780295,0.1,True,-10,10
2026-08-24 11:10:09.127268,0.1,0.1,0.1,0.04010718155333789,0.03453126791393594,0.1,0.09940249493780295,0.1,True,-10,10
2026-08-24 11:10:09.147428,0.1,0.1,0.1,0.04010718155333789,0.03453126791393594,0.1,0.09940249493780295,0.1,True,-10,10
2026-08-24 11:10:09.161876,0.1,0.1,0.1,0.04010718155333789,0.03453126791393594,0.1,0.09940249493780295,0.1,True,-10,10
2026-08-24 11:10:09.177008,0.1,0.1,0.1,0.04010718155333789,0.03453126791393594,0.1,0.09940249493780295,0.1,True,-10,10
2026-08-24 11:10:09.190710,0.1,0.1,0.1,0.04010718155333789,0.03453126791393594,0.1,0.09940249493780295,0.1,True,-10,10
2026-08-24 11:10:09.208096,0.1,0.1,0.1,0.04010718155333789,0.03453126791393594,0.1,0.09940249493780295,0.1,True,-10,10
2026-08-24 11:10:09.221935,0.1,0.1,0.1,0.04010718155333789,0.03453126791393594,0.1,0.09940249493780295,0.1,True,-10,10
2026-08-24 11:10:09.239797,0.1,0.1,0.1,0.04010718155333789,0.03453126791393594,0.1,0.09940249493780295,0.1,True,-10,10
2026-08-24 11:10:09.255014,0.1,0.1,0.1,0.04010718155333789,0.03453126791393594,0.1,0.09940249493780295,0.1,True,-10,10
2026-08-24 11:10:09.270536,0.1,0.1,0.1,0.04010718155333789,0.03453126791393594,0.1,0.09940249493780295,0.1,True,-10,10
2026-08-24 11:10:09.286105,0.1,0.1,0.1,0.04010718155333789,0.03453126791393594,0.1,0.09940249493780295,0.1,True,-10,10
2026-08-24 11:10:09.307397,0.09480395088344991,0.1,0.1,0.04010718155333789,0.03453126791393594,0.1,0.09940249493780295,0.1,True,-10,10
2026-08-24 11:10:09.318551,0.08443410560679104,0.1,0.1,0.04010718155333789,0.03453126791393594,0.1,0.09940249493780295,0.1,True,-10,10
2026-08-24 11:10:09.338599,0.08443410560679104,0.1,0.1,0.04010718155333789,0.03453126791393594,0.1,0.09940249493780295,0.1,True,-10,10
2026-08-24 11:10:09.350001,0.07990503295952864,0.1,0.1,0.04010718155333789,0.03453126791393594,0.1,0.09940249493780295,0.1,True,-10,10
2026-08-24 11:10:09.364561,0.07581170621982651,0.1,0.1,0.04010718155333789,0.03453126791393594,0.1,0.09940249493780295,0.1,True,-10,10
2026-08-24 11:10:09.419318,0.07210215230166586,0.042094663683125186,0.050459658658217825,0.019449036154902177,0.06861079329343084,0.1,0.1,0.1,True,0.0,0.0
2026-08-24 11:10:09.428045,0.07210215230166586,0.042094663683125186,0.050459658658217825,0.019449036154902177,0.06861079329343084,0.1,0.1,0.1,True,0.0,0.0
2026-08-24 11:10:09.446700,0.0708597840289407,0.042094663683125186,0.050459658658217825,0.019449036154902177,0.06861079329343084,0.1,0.1,0.1,True,10,10
2026-08-24 11:10:09.469048,0.07053694342734361,0.042094663683125186,0.050459658658217825,0.019449036154902177,0.06861079329343084,0.1,0.1,0.1,True,10,10
2026-08-24 11:10:09.478112,0.0701938882640744,0.042094663683125186,0.050459658658217825,0.019449036154902177,0.06861079329343084,0.1,0.1,0.1,True,10,10
2026-08-24 11:10:09.493004,0.0698411704090071,0.042094663683125186,0.050459658658217825,0.019449036154902177,0.06861079329343084,0.1,0.1,0.1,True,10,10
2026-08-24 11:10:09.507571,0.06947528218388352,0.042094663683125186,0.050459658658217825,0.019449036154902177,0.06861079329343084,0.1,0.1,0.1,True,10,10
2026-08-24 11:10:09.524960,0.06947528218388352,0.042094663683125186,0.050459658658217825,0.019449036154902177,0.06861079329343084,0.1,0.1,0.1,True,10,10
2026-08-24 11:10:09.540207,0.06909482338458288,0.042094663683125186,0.050459658658217825,0.019449036154902177,0.06861079329343084,0.1,0.1,0.1,True,10,10
2026-08-24 11:10:09.554817,0.06829501356377364,0.042094663683125186,0.050459658658217825,0.019449036154902177,0.06861079329343084,0.1,0.1,0.1,True,10,10
2026-08-24 11:10:09.571764,0.06829501356377364,0.042094663683125186,0.050459658658217825,0.019449036154902177,0.06861079329343084,0.1,0.1,0.1,True,10,10
2026-08-24 11:10:09.587058,0.06689298097181466,0.042094663683125186,0.050459658658217825,0.019449036154902177,0.06861079329343084,0.1,0.1,0.1,True,10,10
2026-08-24 11:10:09.601180,0.06689298097181466,0.042094663683125186,0.050459658658217825,0.019449036154902177,0.06861079329343084,0.1,0.1,0.1,True,10,10
2026-08-24 11:10:09.617398,0.06622397982724613,0.042094663683125186,0.050459658658217825,0.019449036154902177,0.06861079329343084,0.1,0.1,0.1,True,10,10
2026-08-24 11:10:09.632805,0.0649048147405432,0.042094663683125186,0.050459658658217825,0.019449036154902177,0.06861079329343084,0.1,0.1,0.1,True,10,10
2026-08-24 11:10:09.652168,0.06424558867875986,0.042094663683125186,0.050459658658217825,0.019449036154902177,0.06861079329343084,0.1,0.1,0.1,True,10,10
2026-08-24 11:10:09.664373,0.06424558867875986,0.042094663683125186,0.050459658658217825,0.019449036154902177,0.06861079329343084,0.1,0.1,0.1,True,10,10
2026-08-24 11:10:09.682484,0.06358595708737284,0.042094663683125186,0.050459658658217825,0.019449036154902177,0.06861079329343084,0.1,0.1,0.1,True,10,10
2026-08-24 11:10:09.698237,0.06293472140153271,0.042094663683125186,0.050459658658217825,0.019449036154902177,0.06861079329343084,0.1,0.1,0.1,True,10,10
2026-08-24 11:10:09.714408,0.06163405117451726,0.042094663683125186,0.050459658658217825,0.019449036154902177,0.06861079329343084,0.1,0.1,0.1,True,10,10
2026-08-24 11:10:09.731125,0.0609861733195907,0.042094663683125186,0.050459658658217825,0.019449036154902177,0.06861079329343084,0.1,0.1,0.1,True,10,10
2026-08-24 11:10:09.743865,0.06034467302604679,0.042094663683125186,0.050459658658217825,0.019449036154902177,0.06861079329343084,0.1,0.1,0.1,True,10,10
2026-08-24 11:10:09.761129,0.05970380277066444,0.042094663683125186,0.050459658658217825,0.019449036154902177,0.06861079329343084,0.1,0.1,0.1,True,10,10
2026-08-24 11:10:09.777236,0.05970380277066444,0.042094663683125186,0.050459658658217825,0.019449036154902177,0.06861079329343084,0.1,0.1,0.1,True,10,10
2026-08-24 11:10:09.793151,0.05907024595185977,0.042094663683125186,0.050459658658217825,0.019449036154902177,0.06861079329343084,0.1,0.1,0.1,True,10,10
2026-08-24 11:10:09.809230,0.0578014478506749,0.042094663683125186,0.050459658658217825,0.019449036154902177,0.06861079329343084,0.1,0.1,0.1,True,10,10
2026-08-24 11:10:09.823133,0.05717358198168432,0.042094663683125186,0.050459658658217825,0.019449036154902177,0.06861079329343084,0.1,0.1,0.1,True,10,10
2026-08-24 11:10:09.838912,0.05717358198168432,0.042094663683125186,0.050459658658217825,0.019449036154902177,0.06861079329343084,0.1,0.1,0.1,True,10,10
2026-08-24 11:10:09.854579,0.05591016266073306,0.042094663683125186,0.050459658658217825,0.019449036154902177,0.06861079329343084,0.1,0.1,0.1,True,10,10
2026-08-24 11:10:09.871985,0.05591016266073306,0.042094663683125186,0.050459658658217825,0.019449036154902177,0.06861079329343084,0.1,0.1,0.1,True,10,10
2026-08-24 11:10:09.889297,0.05527875458661694,0.042094663683125186,0.050459658658217825,0.019449036154902177,0.06861079329343084,0.1,0.1,0.1,True,10,10
2026-08-24 11:10:09.911457,0.05465136010077725,0.042094663683125186,0.050459658658217825,0.019449036154902177,0.06861079329343084,0.1,0.1,0.1,True,10,10
2026-08-24 11:10:09.920562,0.05338132073861265,0.042094663683125186,0.050459658658217825,0.019449036154902177,0.06861079329343084,0.1,0.1,0.1,True,10,10
2026-08-24 11:10:09.934250,0.05338132073861265,0.042094663683125186,0.050459658658217825,0.019449036154902177,0.06861079329343084,0.1,0.1,0.1,True,10,10
2026-08-24 11:10:09.950550,0.0527276665667886,0.042094663683125186,0.050459658658217825,0.019449036154902177,0.06861079329343084,0.1,0.1,0.1,True,10,10
2026-08-24 11:10:09.967058,0.05157337078924588,0.042094663683125186,0.050459658658217825,0.019449036154902177,0.06861079329343084,0.1,0.1,0.1,True,10,10
2026-08-24 11:10:09.981854,0.050995288272340504,0.042094663683125186,0.050459658658217825,0.019449036154902177,0.06861079329343084,0.1,0.1,0.1,True,10,10
2026-08-24 11:10:09.996985,0.050995288272340504,0.042094663683125186,0.050459658658217825,0.019449036154902177,0.06861079329343084,0.1,0.1,0.1,True,10,10
2026-08-24 11:10:10.015073,0.05041611991727795,0.042094663683125186,0.050459658658217825,0.019449036154902177,0.06861079329343084,0.1,0.1,0.1,True,10,10
2026-08-24 11:10:10.030562,0.04926218065477477,0.042094663683125186,0.050459658658217825,0.019449036154902177,0.06861079329343084,0.1,0.1,0.1,True,-5.0,5.0
2026-08-24 11:10:10.054670,0.047947410132089766,0.042094663683125186,0.050459658658217825,0.019449036154902177,0.06861079329343084,0.1,0.1,0.1,True,-5.0,5.0
2026-08-24 11:10:10.082517,0.04665210970716454,0.042094663683125186,0.050459658658217825,0.019449036154902177,0.06861079329343084,0.1,0.1,0.1,True,-5.0,5.0
2026-08-24 11:10:10.094254,0.045391731032194765,0.042094663683125186,0.050459658658217825,0.019449036154902177,0.06861079329343084,0.1,0.1,0.1,True,-5.0,5.0
2026-08-24 11:10:10.110543,0.045391731032194765,0.042094663683125186,0.050459658658217825,0.019449036154902177,0.06861079329343084,0.1,0.1,0.1,True,-5.0,5.0
2026-08-24 11:10:10.126194,0.042962081726592494,0.042094663683125186,0.050459658658217825,0.019449036154902177,0.06861079329343084,0.1,0.1,0.1,True,-5.0,5.0
2026-08-24 11:10:10.146930,0.041790472169143944,0.042094663683125186,0.050459658658217825,0.019449036154902177,0.06861079329343084,0.1,0.1,0.1,True,-5.0,5.0
2026-08-24 11:10:10.155678,0.04054263963016498,0.042094663683125186,0.050459658658217825,0.019449036154902177,0.06861079329343084,0.1,0.1,0.1,True,-5.0,5.0
2026-08-24 11:10:10.173695,0.04054263963016498,0.042094663683125186,0.050459658658217825,0.019449036154902177,0.06861079329343084,0.1,0.1,0.1,True,-5.0,5.0
2026-08-24 11:10:10.186796,0.03855447230158289,0.042094663683125186,0.050459658658217825,0.019449036154902177,0.06861079329343084,0.1,0.1,0.1,True,-5.0,5.0
2026-08-24 11:10:10.204550,0.03855447230158289,0.042094663683125186,0.050459658658217825,0.019449036154902177,0.06861079329343084,0.1,0.1,0.1,True,-5.0,5.0
2026-08-24 11:10:10.220777,0.03773097300122989,0.042094663683125186,0.050459658658217825,0.019449036154902177,0.06861079329343084,0.1,0.1,0.1,True,-5.0,5.0
2026-08-24 11:10:10.236945,0.03694869944869024,0.042094663683125186,0.050459658658217825,0.019449036154902177,0.06861079329343084,0.1,0.1,0.1,True,-5.0,5.0
2026-08-24 11:10:10.250673,0.03547835691120281,0.042094663683125186,0.050459658658217825,0.019449036154902177,0.06861079329343084,0.1,0.1,0.1,True,-5.0,5.0
2026-08-24 11:10:10.269229,0.03547835691120281,0.042094663683125186,0.050459658658217825,0.019449036154902177,0.06861079329343084,0.1,0.1,0.1,True,-5.0,5.0
2026-08-24 11:10:10.287802,0.03486942351533236,0.042094663683125186,0.050459658658217825,0.019449036154902177,0.06861079329343084,0.1,0.1,0.1,True,-5.0,5.0
2026-08-24 11:10:10.298586,0.034283313606110616,0.042094663683125186,0.050459658658217825,0.019449036154902177,0.06861079329343084,0.1,0.1,0.1,True,-5.0,5.0
2026-08-24 11:10:10.317005,0.033658958845561686,0.042094663683125186,0.050459658658217825,0.019449036154902177,0.06861079329343084,0.1,0.1,0.1,True,-5.0,5.0
2026-08-24 11:10:10.332573,0.03306743111858594,0.042094663683125186,0.050459658658217825,0.019449036154902177,0.06861079329343084,0.1,0.1,0.09834215452109532,True,-5.0,5.0
2026-08-24 11:10:10.349429,0.03256979001623946,0.042094663683125186,0.050459658658217825,0.019449036154902177,0.06861079329343084,0.1,0.1,0.0947558128016322,True,-5.0,5.0
2026-08-24 11:10:10.361330,0.03150263612049908,0.042094663683125186,0.050459658658217825,0.019449036154902177,0.06861079329343084,0.1,0.1,0.08752470962246756,True,-5.0,5.0
2026-08-24 11:10:10.379239,0.03150263612049908,0.042094663683125186,0.050459658658217825,0.019449036154902177,0.06861079329343084,0.1,0.1,0.08752470962246756,True,-5.0,5.0
2026-08-24 11:10:10.395021,0.030386608171032666,0.042094663683125186,0.050459658658217825,0.019449036154902177,0.06861079329343084,0.1,0.1,0.08052237237980545,True,-5.0,5.0
2026-08-24 11:10:10.414134,0.030386608171032666,0.042094663683125186,0.050459658658217825,0.019449036154902177,0.06861079329343084,0.1,0.1,0.08052237237980545,True,-5.0,5.0
2026-08-24 11:10:10.425549,0.029375446616880796,0.042094663683125186,0.050459658658217825,0.019449036154902177,0.06861079329343084,0.1,0.1,0.07437599102251953,True,-5.0,5.0
2026-08-24 11:10:10.446031,0.029375446616880796,0.042094663683125186,0.050459658658217825,0.019449036154902177,0.06861079329343084,0.1,0.1,0.07437599102251953,True,-5.0,5.0
2026-08-24 11:10:10.458027,0.028908516839087517,0.042094663683125186,0.050459658658217825,0.019449036154902177,0.06861079329343084,0.1,0.1,0.07158980705931005,True,-5.0,5.0
2026-08-24 11:10:10.474161,0.02846716569298878,0.042094663683125186,0.050459658658217825,0.019449036154902177,0.06861079329343084,0.1,0.1,0.06897985249518646,True,-5.0,5.0
2026-08-24 11:10:10.489420,0.02805094294766626,0.042094663683125186,0.050459658658217825,0.019449036154902177,0.06861079329343084,0.1,0.1,0.06653482791096091,True,-5.0,5.0
2026-08-24 11:10:10.505803,0.027658912725678275,0.042094663683125186,0.050459658658217825,0.019449036154902177,0.06861079329343084,0.1,0.1,0.06424371401785965,True,-5.0,5.0
2026-08-24 11:10:10.522470,0.027011111287783964,0.042094663683125186,0.050459658658217825,0.019449036154902177,0.06861079329343084,0.1,0.1,0.06031178824117544,True,-5.0,5.0
2026-08-24 11:10:10.536561,0.02676458954067709,0.042094663683125186,0.050459658658217825,0.019449036154902177,0.06861079329343084,0.1,0.1,0.058676941965453755,True,-5.0,5.0
2026-08-24 11:10:10.554506,0.02676458954067709,0.042094663683125186,0.050459658658217825,0.019449036154902177,0.06861079329343084,0.1,0.1,0.058676941965453755,True,-5.0,5.0
2026-08-24 11:10:10.570018,0.02653375275039907,0.042094663683125186,0.050459658658217825,0.019449036154902177,0.06861079329343084,0.1,0.1,0.05712090659195804,True,-5.0,5.0
2026-08-24 11:10:10.586134,0.02631866450035064,0.042094663683125186,0.050459658658217825,0.019449036154902177,0.06861079329343084,0.1,0.1,0.05564128358761814,True,-5.0,5.0
2026-08-24 11:10:10.601215,0.025757777093519542,0.042094663683125186,0.050459658658217825,0.019449036154902177,0.06861079329343084,0.1,0.1,0.0522497714610234,True,-5.0,5.0
2026-08-24 11:10:10.621500,0.025508981652726873,0.042094663683125186,0.050459658658217825,0.019449036154902177,0.06861079329343084,0.1,0.1,0.050699561980234835,True,-5.0,5.0
2026-08-24 11:10:10.630842,0.025508981652726873,0.042094663683125186,0.050459658658217825,0.019449036154902177,0.06861079329343084,0.1,0.1,0.050699561980234835,True,-5.0,5.0
2026-08-24 11:10:10.648788,0.025033759530124412,0.042094663683125186,0.050459658658217825,0.019449036154902177,0.06861079329343084,0.1,0.1,0.04771808247349082,True,-5.0,5.0
2026-08-24 11:10:10.664866,0.025033759530124412,0.042094663683125186,0.050459658658217825,0.019449036154902177,0.06861079329343084,0.1,0.1,0.04771808247349082,True,-5.0,5.0
2026-08-24 11:10:10.685790,0.02492120058439154,0.042094663683125186,0.050459658658217825,0.019449036154902177,0.06861079329343084,0.1,0.1,0.04647635897616456,True,-5.0,5.0
2026-08-24 11:10:10.696874,0.024741572525227185,0.042094663683125186,0.050459658658217825,0.019449036154902177,0.06861079329343084,0.1,0.1,0.0441463365926518,True,-5.0,5.0
2026-08-24 11:10:10.717510,0.024741572525227185,0.042094663683125186,0.050459658658217825,0.019449036154902177,0.06861079329343084,0.1,0.1,0.0441463365926518,True,-5.0,5.0
2026-08-24 11:10:10.728556,0.024677611553630588,0.042094663683125186,0.050459658658217825,0.019449036154902177,0.06861079329343084,0.1,0.1,0.04305429728477133,True,-5.0,5.0
2026-08-24 11:10:10.742293,0.02463347774630488,0.042094663683125186,0.050459658658217825,0.019449036154902177,0.06861079329343084,0.1,0.1,0.0420287437259159,True,-5.0,5.0
2026-08-24 11:10:10.760419,0.024497859353209084,0.042094663683125186,0.050459658658217825,0.019449036154902177,0.06861079329343084,0.1,0.1,0.04003922871495836,True,-5.0,5.0
2026-08-24 11:10:10.776265,0.024497859353209084,0.042094663683125186,0.050459658658217825,0.019449036154902177,0.06861079329343084,0.1,0.1,0.04003922871495836,True,-5.0,5.0
2026-08-24 11:10:10.792203,0.0244042798674071,0.042094663683125186,0.050459658658217825,0.019449036154902177,0.06861079329343084,0.1,0.1,0.03907276459755274,True,-5.0,5.0
2026-08-24 11:10:10.808769,0.024349517906408484,0.042094663683125186,0.050459658658217825,0.019449036154902177,0.06861079329343084,0.1,0.1,0.03755931861680373,True,-5.0,5.0
2026-08-24 11:10:10.823016,0.024349517906408484,0.042094663683125186,0.050459658658217825,0.019449036154902177,0.06861079329343084,0.1,0.1,0.03755931861680373,True,-5.0,5.0
2026-08-24 11:10:10.840002,0.02438679701464478,0.042094663683125186,0.050459658658217825,0.019449036154902177,0.06861079329343084,0.1,0.1,0.036786801418600974,True,-5.0,5.0
2026-08-24 11:10:10.854702,0.0243854422533821,0.042094663683125186,0.050459658658217825,0.019449036154902177,0.06861079329343084,0.1,0.1,0.0360782106525238,True,-5.0,5.0
2026-08-24 11:10:10.869473,0.024403045959660762,0.042094663683125186,0.050459658658217825,0.019449036154902177,0.06861079329343084,0.1,0.1,0.034815450683719384,True,-5.0,5.0
2026-08-24 11:10:10.885164,0.024393337292295633,0.042094663683125186,0.050459658658217825,0.019449036154902177,0.06861079329343084,0.1,0.1,0.0340378624205273,True,-5.0,5.0
2026-08-24 11:10:10.903519,0.024393337292295633,0.042094663683125186,0.050459658658217825,0.019449036154902177,0.06861079329343084,0.1,0.1,0.0340378624205273,True,-5.0,5.0
2026-08-24 11:10:10.916634,0.024415423165290575,0.042094663683125186,0.050459658658217825,0.019449036154902177,0.06861079329343084,0.1,0.1,0.03265958574938652,True,-5.0,5.0
2026-08-24 11:10:10.934552,0.02444918359905937,0.042094663683125186,0.050459658658217825,0.019449036154902177,0.06861079329343084,0.1,0.1,0.031974940609389484,True,-5.0,5.0
2026-08-24 11:10:10.948519,0.024526510506850577,0.042094663683125186,0.050459658658217825,0.019449036154902177,0.06861079329343084,0.1,0.1,0.03140755393730332,True,-5.0,5.0
2026-08-24 11:10:10.966469,0.024688991446629335,0.042094663683125186,0.050459658658217825,0.019449036154902177,0.06861079329343084,0.1,0.1,0.030890423070659513,True,-5.0,5.0
2026-08-24 11:10:10.982344,0.024688991446629335,0.042094663683125186,0.050459658658217825,0.019449036154902177,0.06861079329343084,0.1,0.1,0.030890423070659513,True,-5.0,5.0
2026-08-24 11:10:10.996298,0.024915639423911572,0.042094663683125186,0.050459658658217825,0.019449036154902177,0.06861079329343084,0.1,0.1,0.029930409446974476,True,-5.0,5.0
2026-08-24 11:10:11.016316,0.025047178812032847,0.042094663683125186,0.050459658658217825,0.019449036154902177,0.06861079329343084,0.1,0.1,0.02948991718056821,True,-5.0,5.0
2026-08-24 11:10:11.034300,0.025047178812032847,0.042094663683125186,0.050459658658217825,0.019449036154902177,0.06861079329343084,0.1,0.1,0.02948991718056821,True,-5.0,5.0
2026-08-24 11:10:11.045844,0.025298019224013247,0.042094663683125186,0.050459658658217825,0.019449036154902177,0.06861079329343084,0.1,0.1,0.028425689240010567,True,-5.0,5.0
2026-08-24 11:10:11.061718,0.025298019224013247,0.042094663683125186,0.050459658658217825,0.019449036154902177,0.06861079329343084,0.1,0.1,0.028425689240010567,True,-5.0,5.0
2026-08-24 11:10:11.076797,0.02544217095077572,0.042094663683125186,0.050459658658217825,0.019449036154902177,0.06861079329343084,0.1,0.1,0.02790002970904107,True,-5.0,5.0
2026-08-24 11:10:11.091189,0.025624666499349816,0.042094663683125186,0.050459658658217825,0.019449036154902177,0.06861079329343084,0.1,0.1,0.027533025909510574,True,-5.0,5.0
2026-08-24 11:10:11.141007,0.026117775605010884,0.054892733860337675,0.04912353864817422,0.1,0.1,0.1,0.05910846520045668,0.02684436354991402,True,0.0,0.0
2026-08-24 11:10:11.161147,0.026117775605010884,0.054892733860337675,0.04912353864817422,0.1,0.1,0.1,0.05910846520045668,0.02684436354991402,True,0.0,0.0
2026-08-24 11:10:11.174869,0.026117775605010884,0.054892733860337675,0.04912353864817422,0.1,0.1,0.1,0.05910846520045668,0.02684436354991402,True,0.0,0.0
2026-08-24 11:10:11.216114,0.02603489867344241,0.05477284196936554,0.04911950469224164,0.1,0.1,0.1,0.05897902560921952,0.02675984170118717,True,0.0,0.0
2026-08-24 11:10:11.234464,0.02603489867344241,0.05477284196936554,0.04911950469224164,0.1,0.1,0.1,0.05897902560921952,0.02675984170118717,True,0.0,0.0
2026-08-24 11:10:11.256919,0.02603489867344241,0.05477284196936554,0.04911950469224164,0.1,0.1,0.1,0.05897902560921952,0.02675984170118717,True,0.0,0.0
2026-08-24 11:10:11.270184,0.02603489867344241,0.05477284196936554,0.04911950469224164,0.1,0.1,0.1,0.05897902560921952,0.02675984170118717,True,0.0,0.0
2026-08-24 11:10:11.290974,0.02603489867344241,0.05477284196936554,0.04911950469224164,0.1,0.1,0.1,0.05897902560921952,0.02675984170118717,True,0.0,0.0
2026-08-24 11:10:11.300289,0.02603489867344241,0.05477284196936554,0.04911950469224164,0.1,0.1,0.1,0.05897902560921952,0.02675984170118717,True,0.0,0.0
2026-08-24 11:10:11.315500,0.02603489867344241,0.05477284196936554,0.04911950469224164,0.1,0.1,0.1,0.05897902560921952,0.02675984170118717,True,0.0,0.0
2026-08-24 11:10:11.331566,0.02603489867344241,0.05477284196936554,0.04911950469224164,0.1,0.1,0.1,0.05897902560921952,0.02675984170118717,True,0.0,0.0
2026-08-24 11:10:11.345421,0.02603489867344241,0.05477284196936554,0.04911950469224164,0.1,0.1,0.1,0.05897902560921952,0.02675984170118717,True,0.0,0.0
2026-08-24 11:10:11.361300,0.02603489867344241,0.05477284196936554,0.04911950469224164,0.1,0.1,0.1,0.05897902560921952,0.02675984170118717,True,0.0,0.0
2026-08-24 11:10:11.378100,0.02603489867344241,0.05477284196936554,0.04911950469224164,0.1,0.1,0.1,0.05897902560921952,0.02675984170118717,True,0.0,0.0
2026-08-24 11:10:11.394615,0.02603489867344241,0.05477284196936554,0.04911950469224164,0.1,0.1,0.1,0.05897902560921952,0.02675984170118717,True,0.0,0.0
2026-08-24 11:10:11.410509,0.02603489867344241,0.05477284196936554,0.04911950469224164,0.1,0.1,0.1,0.05897902560921952,0.02675984170118717,True,0.0,0.0
2026-08-24 11:10:11.424352,0.02603489867344241,0.05477284196936554,0.04911950469224164,0.1,0.1,0.1,0.05897902560921952,0.02675984170118717,True,0.0,0.0
2026-08-24 11:10:11.442292,0.02603489867344241,0.05477284196936554,0.04911950469224164,0.1,0.1,0.1,0.05897902560921952,0.02675984170118717,True,0.0,0.0
2026-08-24 11:10:11.457801,0.02603489867344241,0.05477284196936554,0.04911950469224164,0.1,0.1,0.1,0.05897902560921952,0.02675984170118717,True,0.0,0.0
2026-08-24 11:10:11.473604,0.02603489867344241,0.05477284196936554,0.04911950469224164,0.1,0.1,0.1,0.05897902560921952,0.02675984170118717,True,0.0,0.0
2026-08-24 11:10:11.487639,0.02603489867344241,0.05477284196936554,0.04911950469224164,0.1,0.1,0.1,0.05897902560921952,0.02675984170118717,True,0.0,0.0
2026-08-24 11:10:11.503665,0.02603489867344241,0.05477284196936554,0.04911950469224164,0.1,0.1,0.1,0.05897902560921952,0.02675984170118717,True,0.0,0.0
2026-08-24 11:10:11.519576,0.02603489867344241,0.05477284196936554,0.04911950469224164,0.1,0.1,0.1,0.05897902560921952,0.02675984170118717,True,0.0,0.0
2026-08-24 11:10:11.536639,0.02603489867344241,0.05477284196936554,0.04911950469224164,0.1,0.1,0.1,0.05897902560921952,0.02675984170118717,True,0.0,0.0
2026-08-24 11:10:11.552462,0.02603489867344241,0.05477284196936554,0.04911950469224164,0.1,0.1,0.1,0.05897902560921952,0.02675984170118717,True,0.0,0.0
2026-08-24 11:10:11.567470,0.02603489867344241,0.05477284196936554,0.04911950469224164,0.1,0.1,0.1,0.05897902560921952,0.02675984170118717,True,0.0,0.0
2026-08-24 11:10:11.620409,0.024979442695038753,0.05322951219913128,0.04909494795518443,0.1,0.1,0.1,0.05736107983345132,0.025691526025448854,True,0.0,0.0
2026-08-24 11:10:11.630739,0.024979442695038753,0.05322951219913128,0.04909494795518443,0.1,0.1,0.1,0.05736107983345132,0.025691526025448854,True,0.0,0.0
2026-08-24 11:10:11.646519,0.024994643620955503,0.05322951219913128,0.04909392720322796,0.1,0.1,0.1,0.05736107983345132,0.025706847602815577,True,10,-10
2026-08-24 11:10:11.667842,0.024994643620955503,0.05322951219913128,0.04909392720322796,0.1,0.1,0.1,0.05736107983345132,0.025706847602815577,True,10,-10
2026-08-24 11:10:11.695265,0.024519258981722927,0.05322951219913128,0.04913852160881132,0.1,0.1,0.1,0.05736107983345132,0.02620393095279779,True,10,-10
2026-08-24 11:10:11.708873,0.023901214617558474,0.05322951219913128,0.04928366789975329,0.1,0.1,0.1,0.05736107983345132,0.026741801105882035,True,10,-10
2026-08-24 11:10:11.726807,0.023399025357395343,0.05322951219913128,0.049560684348378535,0.1,0.1,0.1,0.05736107983345132,0.027523687983458518,True,10,-10
2026-08-24 11:10:11.742719,0.023185473723076985,0.05322951219913128,0.04991655805822621,0.1,0.1,0.1,0.05736107983345132,0.0286330277194944,True,10,-10
2026-08-24 11:10:11.758596,0.023020526484142018,0.05322951219913128,0.050380382746795675,0.1,0.1,0.1,0.05736107983345132,0.029828504126474854,True,10,-10
2026-08-24 11:10:11.774486,0.022940802735001334,0.05322951219913128,0.05090064220493165,0.1,0.1,0.1,0.05736107983345132,0.031136657233979365,True,10,-10
2026-08-24 11:10:11.790221,0.02290922629331619,0.05322951219913128,0.051523843984813446,0.1,0.1,0.1,0.05736107983345132,0.03254545200752173,True,10,-10
2026-08-24 11:10:11.806679,0.022888422020839617,0.05322951219913128,0.05285675226182292,0.1,0.1,0.1,0.05736107983345132,0.03510728395327023,True,10,-10
2026-08-24 11:10:11.826876,0.022888422020839617,0.05322951219913128,0.05285675226182292,0.1,0.1,0.1,0.05736107983345132,0.03510728395327023,True,10,-10
2026-08-24 11:10:11.837959,0.02308365489129542,0.05322951219913128,0.0538215082798931,0.1,0.1,0.1,0.05736107983345132,0.037050693831913506,True,10,-10
2026-08-24 11:10:11.854368,0.02318333586070723,0.05322951219913128,0.05470448790619521,0.1,0.1,0.1,0.05736107983345132,0.038605758821967734,True,10,-10
2026-08-24 11:10:11.868246,0.02355401137745381,0.05322951219913128,0.05679076958533526,0.1,0.1,0.1,0.05736107983345132,0.04221836687757281,True,10,-10
2026-08-24 11:10:11.891311,0.023815051323334554,0.05322951219913128,0.0579983581177178,0.1,0.1,0.1,0.05736107983345132,0.04426996781507722,True,10,-10
2026-08-24 11:10:11.901714,0.02413223748348777,0.05322951219913128,0.05934160520530334,0.1,0.1,0.1,0.05736107983345132,0.04653081355451616,True,10,-10
2026-08-24 11:10:11.920837,0.02413223748348777,0.05322951219913128,0.05934160520530334,0.1,0.1,0.1,0.05736107983345132,0.04653081355451616,True,10,-10
2026-08-24 11:10:11.931981,0.024883870429243744,0.05322951219913128,0.062253874448341344,0.1,0.1,0.1,0.05736107983345132,0.05147278857027435,True,10,-10
2026-08-24 11:10:11.949084,0.024883870429243744,0.05322951219913128,0.062253874448341344,0.1,0.1,0.1,0.05736107983345132,0.05147278857027435,True,10,-10
2026-08-24 11:10:11.971359,0.025356788165929123,0.05322951219913128,0.06399891684103842,0.1,0.1,0.1,0.05736107983345132,0.054401252339167386,True,10,-10
2026-08-24 11:10:11.985260,0.026091574028194238,0.05322951219913128,0.06612923900639187,0.1,0.1,0.1,0.05736107983345132,0.05833688001731161,True,10,-10
2026-08-24 11:10:11.997085,0.027807359366804247,0.05322951219913128,0.061128835641478356,0.1,0.1,0.1,0.05736107983345132,0.06760668349900319,True,10,-10
2026-08-24 11:10:12.018012,0.027807359366804247,0.05322951219913128,0.061128835641478356,0.1,0.1,0.1,0.05736107983345132,0.06760668349900319,True,10,-10
2026-08-24 11:10:12.028131,0.02934578046991408,0.05322951219913128,0.05477686127002527,0.1,0.1,0.1,0.05736107983345132,0.07684567425399434,True,10,-10
2026-08-24 11:10:12.049858,0.03023248108906317,0.05322951219913128,0.05192634556073353,0.1,0.1,0.1,0.05736107983345132,0.0823718503323366,True,10,-10
2026-08-24 11:10:12.057868,0.03023248108906317,0.05322951219913128,0.05192634556073353,0.1,0.1,0.1,0.05736107983345132,0.0823718503323366,True,10,-10
2026-08-24 11:10:12.078877,0.03148304450744448,0.05322951219913128,0.04904049388934835,0.1,0.1,0.1,0.05736107983345132,0.08990528042558442,True,10,-10
2026-08-24 11:10:12.096947,0.032836693179954725,0.05322951219913128,0.046435006461012666,0.1,0.1,0.1,0.05736107983345132,0.09852162795611395,True,10,-10
2026-08-24 11:10:12.104969,0.03432834854420344,0.05322951219913128,0.04405862502230646,0.1,0.1,0.1,0.05736107983345132,0.1,True,10,-10
2026-08-24 11:10:12.122951,0.03773250598174076,0.05322951219913128,0.03996434898822504,0.1,0.1,0.1,0.05736107983345132,0.1,True,10,-10
2026-08-24 11:10:12.143023,0.03773250598174076,0.05322951219913128,0.03996434898822504,0.1,0.1,0.1,0.05736107983345132,0.1,True,10,-10
2026-08-24 11:10:12.154508,0.04137276418273388,0.05322951219913128,0.036718436999337654,0.1,0.1,0.1,0.05736107983345132,0.1,True,10,-10
2026-08-24 11:10:12.169664,0.04137276418273388,0.05322951219913128,0.036718436999337654,0.1,0.1,0.1,0.05736107983345132,0.1,True,10,-10
2026-08-24 11:10:12.187481,0.04621244373633252,0.05322951219913128,0.03386617517128279,0.1,0.1,0.1,0.05736107983345132,0.1,True,10,-10
2026-08-24 11:10:12.205771,0.04621244373633252,0.05322951219913128,0.03386617517128279,0.1,0.1,0.1,0.05736107983345132,0.1,True,10,-10
2026-08-24 11:10:12.247736,0.05196348568821074,0.02621533919999629,0.031544193674059494,0.04759535227052125,0.1,0.1,0.1,0.1,True,0.0,0.0
2026-08-24 11:10:12.266834,0.05196348568821074,0.02621533919999629,0.031544193674059494,0.04759535227052125,0.1,0.1,0.1,0.1,True,0.0,0.0
2026-08-24 11:10:12.282812,0.05196348568821074,0.02621533919999629,0.031544193674059494,0.04759535227052125,0.1,0.1,0.1,0.1,True,0.0,0.0
2026-08-24 11:10:12.330428,0.051975575492418304,0.026224158986028884,0.03155403339170639,0.04758043735863962,0.1,0.1,0.1,0.1,True,0.0,0.0
2026-08-24 11:10:12.342022,0.051975575492418304,0.026224158986028884,0.03155403339170639,0.04758043735863962,0.1,0.1,0.1,0.1,True,0.0,0.0
2026-08-24 11:10:12.360100,0.051975575492418304,0.026224158986028884,0.03155403339170639,0.04758043735863962,0.1,0.1,0.1,0.1,True,0.0,0.0
2026-08-24 11:10:12.377790,0.051975575492418304,0.026224158986028884,0.03155403339170639,0.04758043735863962,0.1,0.1,0.1,0.1,True,0.0,0.0
2026-08-24 11:10:12.393038,0.051975575492418304,0.026224158986028884,0.03155403339170639,0.04758043735863962,0.1,0.1,0.1,0.1,True,0.0,0.0
2026-08-24 11:10:12.407406,0.051975575492418304,0.026224158986028884,0.03155403339170639,0.04758043735863962,0.1,0.1,0.1,0.1,True,0.0,0.0
2026-08-24 11:10:12.422729,0.051975575492418304,0.026224158986028884,0.03155403339170639,0.04758043735863962,0.1,0.1,0.1,0.1,True,0.0,0.0
2026-08-24 11:10:12.439367,0.051975575492418304,0.026224158986028884,0.03155403339170639,0.04758043735863962,0.1,0.1,0.1,0.1,True,0.0,0.0
2026-08-24 11:10:12.455020,0.051975575492418304,0.026224158986028884,0.03155403339170639,0.04758043735863962,0.1,0.1,0.1,0.1,True,0.0,0.0
2026-08-24 11:10:12.471094,0.051975575492418304,0.026224158986028884,0.03155403339170639,0.04758043735863962,0.1,0.1,0.1,0.1,True,0.0,0.0
2026-08-24 11:10:12.486466,0.051975575492418304,0.026224158986028884,0.03155403339170639,0.04758043735863962,0.1,0.1,0.1,0.1,True,0.0,0.0
2026-08-24 11:10:12.502455,0.051975575492418304,0.026224158986028884,0.03155403339170639,0.04758043735863962,0.1,0.1,0.1,0.1,True,0.0,0.0
2026-08-24 11:10:12.517580,0.051975575492418304,0.026224158986028884,0.03155403339170639,0.04758043735863962,0.1,0.1,0.1,0.1,True,0.0,0.0
2026-08-24 11:10:12.534032,0.051975575492418304,0.026224158986028884,0.03155403339170639,0.04758043735863962,0.1,0.1,0.1,0.1,True,0.0,0.0
2026-08-24 11:10:12.547774,0.051975575492418304,0.026224158986028884,0.03155403339170639,0.04758043735863962,0.1,0.1,0.1,0.1,True,0.0,0.0
2026-08-24 11:10:12.563701,0.051975575492418304,0.026224158986028884,0.03155403339170639,0.04758043735863962,0.1,0.1,0.1,0.1,True,0.0,0.0
2026-08-24 11:10:12.581012,0.051975575492418304,0.026224158986028884,0.03155403339170639,0.04758043735863962,0.1,0.1,0.1,0.1,True,0.0,0.0
2026-08-24 11:10:12.596929,0.051975575492418304,0.026224158986028884,0.03155403339170639,0.04758043735863962,0.1,0.1,0.1,0.1,True,0.0,0.0
2026-08-24 11:10:12.613012,0.051975575492418304,0.026224158986028884,0.03155403339170639,0.04758043735863962,0.1,0.1,0.1,0.1,True,0.0,0.0
2026-08-24 11:10:12.627805,0.051975575492418304,0.026224158986028884,0.03155403339170639,0.04758043735863962,0.1,0.1,0.1,0.1,True,0.0,0.0
2026-08-24 11:10:12.644489,0.051975575492418304,0.026224158986028884,0.03155403339170639,0.04758043735863962,0.1,0.1,0.1,0.1,True,0.0,0.0
2026-08-24 11:10:12.659550,0.051975575492418304,0.026224158986028884,0.03155403339170639,0.04758043735863962,0.1,0.1,0.1,0.1,True,0.0,0.0
2026-08-24 11:10:12.676315,0.051975575492418304,0.026224158986028884,0.03155403339170639,0.04758043735863962,0.1,0.1,0.1,0.1,True,0.0,0.0
2026-08-24 11:10:12.723701,0.05192740708891778,0.026183069975506665,0.031502519512728165,0.047729885515082074,0.1,0.1,0.1,0.1,True,0.0,0.0
2026-08-24 11:10:12.739927,0.05192740708891778,0.026183069975506665,0.031502519512728165,0.047729885515082074,0.1,0.1,0.1,0.1,True,0.0,0.0
2026-08-24 11:10:12.785641,0.05192759825075406,0.02618327650504762,0.031502813875552496,0.04773088601821988,0.1,0.1,0.1,0.1,True,10,10
2026-08-24 11:10:12.809090,0.05153301116573017,0.02618327650504762,0.031225197684527452,0.04773088601821988,0.1,0.1,0.1,0.1,True,10,-10
2026-08-24 11:10:12.821154,0.054099060384188595,0.02618327650504762,0.03027971150643427,0.04773088601821988,0.1,0.1,0.1,0.1,True,10,-10
2026-08-24 11:10:12.835900,0.057708266312038264,0.02618327650504762,0.02939555824399684,0.04773088601821988,0.1,0.1,0.1,0.1,True,10,-10
2026-08-24 11:10:12.854152,0.057708266312038264,0.02618327650504762,0.02939555824399684,0.04773088601821988,0.1,0.1,0.1,0.1,True,10,-10
2026-08-24 11:10:12.865979,0.06173422765659079,0.02618327650504762,0.02858473391226612,0.04773088601821988,0.1,0.1,0.1,0.1,True,10,-10
2026-08-24 11:10:12.882585,0.07142551127644835,0.02618327650504762,0.02715338192275738,0.04773088601821988,0.1,0.1,0.1,0.1,True,10,-10
2026-08-24 11:10:12.905476,0.07723921157207901,0.02618327650504762,0.0264457171698734,0.04773088601821988,0.1,0.1,0.1,0.1,True,10,-10
2026-08-24 11:10:12.917084,0.07723921157207901,0.02618327650504762,0.0264457171698734,0.04773088601821988,0.1,0.1,0.1,0.1,True,10,-10
2026-08-24 11:10:12.929941,0.08432458531078607,0.02618327650504762,0.025987549535672533,0.04773088601821988,0.1,0.1,0.1,0.1,True,10,-10
2026-08-24 11:10:12.949723,0.09210716261702545,0.02618327650504762,0.02553967406954294,0.04773088601821988,0.1,0.1,0.1,0.1,True,10,-10
2026-08-24 11:10:12.962784,0.1,0.02618327650504762,0.02484399098541351,0.04773088601821988,0.1,0.1,0.1,0.1,True,10,-10
2026-08-24 11:10:12.985278,0.1,0.02618327650504762,0.024618224872302138,0.04773088601821988,0.1,0.1,0.1,0.1,True,10,-10
2026-08-24 11:10:13.009002,0.1,0.02618327650504762,0.024618224872302138,0.04773088601821988,0.1,0.1,0.1,0.1,True,10,-10
2026-08-24 11:10:13.025006,0.1,0.02618327650504762,0.024377827417304935,0.04773088601821988,0.1,0.1,0.1,0.1,True,10,-10
2026-08-24 11:10:13.043502,0.1,0.02618327650504762,0.02433869239528968,0.04773088601821988,0.1,0.1,0.1,0.1,True,10,-10
2026-08-24 11:10:13.054121,0.1,0.02618327650504762,0.02433869239528968,0.04773088601821988,0.1,0.1,0.1,0.1,True,10,-10
2026-08-24 11:10:13.073182,0.1,0.02618327650504762,0.024560995831562706,0.04773088601821988,0.1,0.1,0.1,0.1,True,10,-10
2026-08-24 11:10:13.087133,0.1,0.02618327650504762,0.024560995831562706,0.04773088601821988,0.1,0.1,0.1,0.1,True,10,-10
2026-08-24 11:10:13.103211,0.1,0.02618327650504762,0.024767869634678592,0.04773088601821988,0.1,0.1,0.1,0.1,True,10,-10
2026-08-24 11:10:13.120378,0.1,0.02618327650504762,0.024945932154444614,0.04773088601821988,0.1,0.1,0.1,0.1,True,10,-10
2026-08-24 11:10:13.139716,0.1,0.02618327650504762,0.02528089884165682,0.04773088601821988,0.1,0.1,0.1,0.1,True,10,-10
2026-08-24 11:10:13.151614,0.1,0.02618327650504762,0.026198027718358597,0.04773088601821988,0.1,0.1,0.1,0.1,True,10,-10
2026-08-24 11:10:13.167518,0.1,0.02618327650504762,0.02673840031424366,0.04773088601821988,0.1,0.1,0.1,0.1,True,10,-10
2026-08-24 11:10:13.183610,0.1,0.02618327650504762,0.027236919710565785,0.04773088601821988,0.1,0.1,0.1,0.1,True,10,-10
2026-08-24 11:10:13.198698,0.1,0.02618327650504762,0.027818194148131994,0.04773088601821988,0.1,0.1,0.1,0.1,True,10,-10
2026-08-24 11:10:13.216013,0.1,0.02618327650504762,0.028567118741653685,0.04773088601821988,0.1,0.1,0.1,0.1,True,10,-10
2026-08-24 11:10:13.230108,0.1,0.02618327650504762,0.029292720302284116,0.04773088601821988,0.1,0.1,0.1,0.1,True,10,-10
2026-08-24 11:10:13.247006,0.1,0.02618327650504762,0.030041624246374632,0.04773088601821988,0.1,0.1,0.1,0.1,True,10,-10
2026-08-24 11:10:13.260107,0.1,0.02618327650504762,0.030886101584560368,0.04773088601821988,0.1,0.1,0.1,0.1,True,10,-10
2026-08-24 11:10:13.279351,0.1,0.02618327650504762,0.0320801200514338,0.04773088601821988,0.1,0.1,0.1,0.1,True,10,-10
2026-08-24 11:10:13.292995,0.1,0.02618327650504762,0.0320801200514338,0.04773088601821988,0.1,0.1,0.1,0.1,True,10,-10
2026-08-24 11:10:13.308478,0.1,0.02618327650504762,0.033469354364349856,0.04773088601821988,0.1,0.1,0.1,0.1,True,10,-10
2026-08-24 11:10:13.324874,0.1,0.02618327650504762,0.03485760348458455,0.04773088601821988,0.1,0.1,0.1,0.1,True,10,-10
2026-08-24 11:10:13.340764,0.1,0.02618327650504762,0.038152678608597765,0.04773088601821988,0.1,0.1,0.1,0.1,True,10,-10
2026-08-24 11:10:13.359975,0.1,0.02618327650504762,0.038152678608597765,0.04773088601821988,0.1,0.1,0.1,0.1,True,10,-10
2026-08-24 11:10:13.401780,0.1,0.1,0.04221380643195911,0.02928916810006482,0.0493781458938703,0.09841999983782504,0.1,0.1,True,0.0,0.0
2026-08-24 11:10:13.422270,0.1,0.1,0.04221380643195911,0.02928916810006482,0.0493781458938703,0.09841999983782504,0.1,0.1,True,0.0,0.0
2026-08-24 11:10:13.436259,0.1,0.1,0.04221380643195911,0.02928916810006482,0.0493781458938703,0.09841999983782504,0.1,0.1,True,0.0,0.0
2026-08-24 11:10:13.486158,0.1,0.1,0.04222681468142537,0.029313411080675908,0.049400356567053286,0.09849019144681737,0.1,0.1,True,0.0,0.0
2026-08-24 11:10:13.497771,0.1,0.1,0.04222681468142537,0.029313411080675908,0.049400356567053286,0.09849019144681737,0.1,0.1,True,0.0,0.0
2026-08-24 11:10:13.516732,0.1,0.1,0.04222681468142537,0.029313411080675908,0.049400356567053286,0.09849019144681737,0.1,0.1,True,0.0,0.0
2026-08-24 11:10:13.528070,0.1,0.1,0.04222681468142537,0.029313411080675908,0.049400356567053286,0.09849019144681737,0.1,0.1,True,0.0,0.0
2026-08-24 11:10:13.546487,0.1,0.1,0.04222681468142537,0.029313411080675908,0.049400356567053286,0.09849019144681737,0.1,0.1,True,0.0,0.0
2026-08-24 11:10:13.561270,0.1,0.1,0.04222681468142537,0.029313411080675908,0.049400356567053286,0.09849019144681737,0.1,0.1,True,0.0,0.0
2026-08-24 11:10:13.575394,0.1,0.1,0.04222681468142537,0.029313411080675908,0.049400356567053286,0.09849019144681737,0.1,0.1,True,0.0,0.0
2026-08-24 11:10:13.589421,0.1,0.1,0.04222681468142537,0.029313411080675908,0.049400356567053286,0.09849019144681737,0.1,0.1,True,0.0,0.0
2026-08-24 11:10:13.607567,0.1,0.1,0.04222681468142537,0.029313411080675908,0.049400356567053286,0.09849019144681737,0.1,0.1,True,0.0,0.0
2026-08-24 11:10:13.623479,0.1,0.1,0.04222681468142537,0.029313411080675908,0.049400356567053286,0.09849019144681737,0.1,0.1,True,0.0,0.0
2026-08-24 11:10:13.637815,0.1,0.1,0.04222681468142537,0.029313411080675908,0.049400356567053286,0.09849019144681737,0.1,0.1,True,0.0,0.0
2026-08-24 11:10:13.654681,0.1,0.1,0.04222681468142537,0.029313411080675908,0.049400356567053286,0.09849019144681737,0.1,0.1,True,0.0,0.0
2026-08-24 11:10:13.670579,0.1,0.1,0.04222681468142537,0.029313411080675908,0.049400356567053286,0.09849019144681737,0.1,0.1,True,0.0,0.0
2026-08-24 11:10:13.686846,0.1,0.1,0.04222681468142537,0.029313411080675908,0.049400356567053286,0.09849019144681737,0.1,0.1,True,0.0,0.0
2026-08-24 11:10:13.702496,0.1,0.1,0.04222681468142537,0.029313411080675908,0.049400356567053286,0.09849019144681737,0.1,0.1,True,0.0,0.0
2026-08-24 11:10:13.716956,0.1,0.1,0.04222681468142537,0.029313411080675908,0.049400356567053286,0.09849019144681737,0.1,0.1,True,0.0,0.0
2026-08-24 11:10:13.733756,0.1,0.1,0.04222681468142537,0.029313411080675908,0.049400356567053286,0.09849019144681737,0.1,0.1,True,0.0,0.0
2026-08-24 11:10:13.749402,0.1,0.1,0.04222681468142537,0.029313411080675908,0.049400356567053286,0.09849019144681737,0.1,0.1,True,0.0,0.0
2026-08-24 11:10:13.764712,0.1,0.1,0.04222681468142537,0.029313411080675908,0.049400356567053286,0.09849019144681737,0.1,0.1,True,0.0,0.0
2026-08-24 11:10:13.781240,0.1,0.1,0.04222681468142537,0.029313411080675908,0.049400356567053286,0.09849019144681737,0.1,0.1,True,0.0,0.0
2026-08-24 11:10:13.795811,0.1,0.1,0.04222681468142537,0.029313411080675908,0.049400356567053286,0.09849019144681737,0.1,0.1,True,0.0,0.0
2026-08-24 11:10:13.811952,0.1,0.1,0.04222681468142537,0.029313411080675908,0.049400356567053286,0.09849019144681737,0.1,0.1,True,0.0,0.0
2026-08-24 11:10:13.827302,0.1,0.1,0.04222681468142537,0.029313411080675908,0.049400356567053286,0.09849019144681737,0.1,0.1,True,0.0,0.0
2026-08-24 11:10:13.843938,0.1,0.1,0.04222681468142537,0.029313411080675908,0.049400356567053286,0.09849019144681737,0.1,0.1,True,0.0,0.0
2026-08-24 11:10:13.859140,0.1,0.1,0.04222681468142537,0.029313411080675908,0.049400356567053286,0.09849019144681737,0.1,0.1,True,0.0,0.0
2026-08-24 11:10:13.872830,0.1,0.1,0.04222681468142537,0.029313411080675908,0.049400356567053286,0.09849019144681737,0.1,0.1,True,0.0,0.0
2026-08-24 11:10:13.890410,0.1,0.1,0.04222681468142537,0.029313411080675908,0.049400356567053286,0.09849019144681737,0.1,0.1,True,0.0,0.0
2026-08-24 11:10:13.938485,0.1,0.1,0.04262248527328951,0.029654279601472905,0.0497801882025257,0.0990879994326496,0.1,0.1,True,0.0,0.0
2026-08-24 11:10:13.988069,0.1,0.1,0.042672049896438316,0.029696894386827294,0.049827925958949366,0.099152010650188,0.1,0.1,True,10,10
2026-08-24 11:10:14.010488,0.1,0.1,0.042672049896438316,0.029696894386827294,0.049827925958949366,0.099152010650188,0.1,0.1,True,10,10
2026-08-24 11:10:14.036327,0.1,0.1,0.042672049896438316,0.029696894386827294,0.049827925958949366,0.1,0.1,0.1,True,-10,10
2026-08-24 11:10:14.054371,0.1,0.1,0.042672049896438316,0.029696894386827294,0.049827925958949366,0.1,0.1,0.1,True,-10,10
2026-08-24 11:10:14.065871,0.1,0.1,0.042672049896438316,0.029696894386827294,0.049827925958949366,0.1,0.1,0.1,True,-10,10
2026-08-24 11:10:14.079178,0.1,0.1,0.042672049896438316,0.029696894386827294,0.049827925958949366,0.1,0.1,0.1,True,-10,10
2026-08-24 11:10:14.096807,0.1,0.1,0.042672049896438316,0.029696894386827294,0.049827925958949366,0.1,0.1,0.1,True,-10,10
2026-08-24 11:10:14.111910,0.1,0.1,0.042672049896438316,0.029696894386827294,0.049827925958949366,0.1,0.1,0.1,True,-10,10
2026-08-24 11:10:14.127121,0.1,0.1,0.042672049896438316,0.029696894386827294,0.049827925958949366,0.1,0.1,0.1,True,-10,10
2026-08-24 11:10:14.141330,0.1,0.1,0.042672049896438316,0.029696894386827294,0.049827925958949366,0.1,0.1,0.1,True,-10,10
2026-08-24 11:10:14.159358,0.1,0.1,0.042672049896438316,0.029696894386827294,0.049827925958949366,0.1,0.1,0.1,True,-10,10
2026-08-24 11:10:14.175264,0.1,0.1,0.042672049896438316,0.029696894386827294,0.049827925958949366,0.1,0.1,0.1,True,-10,10
2026-08-24 11:10:14.189299,0.1,0.1,0.042672049896438316,0.029696894386827294,0.049827925958949366,0.1,0.1,0.1,True,-10,10
2026-08-24 11:10:14.208194,0.1,0.1,0.042672049896438316,0.029696894386827294,0.049827925958949366,0.1,0.1,0.1,True,-10,10
2026-08-24 11:10:14.224104,0.1,0.1,0.042672049896438316,0.029696894386827294,0.049827925958949366,0.1,0.1,0.1,True,-10,10
2026-08-24 11:10:14.238618,0.1,0.1,0.042672049896438316,0.029696894386827294,0.049827925958949366,0.1,0.1,0.1,True,-10,10
2026-08-24 11:10:14.254508,0.1,0.1,0.042672049896438316,0.029696894386827294,0.049827925958949366,0.1,0.1,0.1,True,-10,10
2026-08-24 11:10:14.271773,0.1,0.1,0.042672049896438316,0.029696894386827294,0.049827925958949366,0.1,0.1,0.1,True,-10,10
2026-08-24 11:10:14.284215,0.1,0.1,0.042672049896438316,0.029696894386827294,0.049827925958949366,0.1,0.1,0.1,True,-10,10
2026-08-24 11:10:14.301883,0.1,0.1,0.042672049896438316,0.029696894386827294,0.049827925958949366,0.1,0.1,0.1,True,-10,10
2026-08-24 11:10:14.315719,0.1,0.1,0.042672049896438316,0.029696894386827294,0.049827925958949366,0.1,0.1,0.1,True,-10,10
2026-08-24 11:10:14.331326,0.1,0.1,0.042672049896438316,0.029696894386827294,0.049827925958949366,0.1,0.1,0.1,True,-10,10
2026-08-24 11:10:14.348693,0.1,0.1,0.042672049896438316,0.029696894386827294,0.049827925958949366,0.1,0.1,0.1,True,-10,10
2026-08-24 11:10:14.365149,0.1,0.1,0.042672049896438316,0.029696894386827294,0.049827925958949366,0.1,0.1,0.1,True,-10,10
2026-08-24 11:10:14.379062,0.1,0.1,0.042672049896438316,0.029696894386827294,0.049827925958949366,0.1,0.1,0.1,True,-10,10
2026-08-24 11:10:14.397172,0.1,0.1,0.042672049896438316,0.029696894386827294,0.049827925958949366,0.1,0.1,0.1,True,-10,10
2026-08-24 11:10:14.413830,0.1,0.1,0.042672049896438316,0.029696894386827294,0.049827925958949366,0.1,0.1,0.1,True,-10,10
2026-08-24 11:10:14.428457,0.1,0.1,0.042672049896438316,0.029696894386827294,0.049827925958949366,0.1,0.1,0.1,True,-10,10
2026-08-24 11:10:14.442394,0.1,0.1,0.042672049896438316,0.029696894386827294,0.049827925958949366,0.1,0.1,0.1,True,-10,10
2026-08-24 11:10:14.460454,0.1,0.1,0.042672049896438316,0.029696894386827294,0.049827925958949366,0.1,0.1,0.1,True,-10,10
2026-08-24 11:10:14.476380,0.09267854271771034,0.1,0.042672049896438316,0.029696894386827294,0.049827925958949366,0.1,0.1,0.1,True,-10,10
2026-08-24 11:10:14.498108,0.08673098042167265,0.1,0.042672049896438316,0.029696894386827294,0.049827925958949366,0.1,0.1,0.1,True,-10,10
2026-08-24 11:10:14.509174,0.08673098042167265,0.1,0.042672049896438316,0.029696894386827294,0.049827925958949366,0.1,0.1,0.1,True,-10,10
2026-08-24 11:10:14.521711,0.08127692352361585,0.1,0.042672049896438316,0.029696894386827294,0.049827925958949366,0.1,0.1,0.1,True,-10,10
2026-08-24 11:10:14.539602,0.07149307577022278,0.1,0.042672049896438316,0.029696894386827294,0.049827925958949366,0.1,0.1,0.1,True,-10,10
2026-08-24 11:10:14.559071,0.06713769805168301,0.1,0.042672049896438316,0.029696894386827294,0.049827925958949366,0.1,0.1,0.1,True,-10,10
2026-08-24 11:10:14.570673,0.0630870392110186,0.1,0.042672049896438316,0.029696894386827294,0.049827925958949366,0.1,0.1,0.1,True,-10,10
2026-08-24 11:10:14.590248,0.0630870392110186,0.1,0.042672049896438316,0.029696894386827294,0.049827925958949366,0.1,0.1,0.1,True,-10,10
2026-08-24 11:10:14.601541,0.05935741186146868,0.1,0.042672049896438316,0.029696894386827294,0.049827925958949366,0.1,0.1,0.1,True,-10,10
2026-08-24 11:10:14.618019,0.0559544309728099,0.1,0.042672049896438316,0.029696894386827294,0.049827925958949366,0.1,0.1,0.1,True,-10,10
2026-08-24 11:10:14.641007,0.05290198872097677,0.1,0.042672049896438316,0.029696894386827294,0.049827925958949366,0.1,0.1,0.1,True,-10,10
2026-08-24 11:10:14.650414,0.05029270531367957,0.1,0.042672049896438316,0.029696894386827294,0.049827925958949366,0.1,0.1,0.1,True,-10,10
2026-08-24 11:10:14.664319,0.04567065298362749,0.1,0.042672049896438316,0.029696894386827294,0.049827925958949366,0.1,0.1,0.1,True,-10,10
2026-08-24 11:10:14.680318,0.04567065298362749,0.1,0.042672049896438316,0.029696894386827294,0.049827925958949366,0.1,0.1,0.1,True,-10,10
2026-08-24 11:10:14.698400,0.04203994929056529,0.1,0.042672049896438316,0.029696894386827294,0.049827925958949366,0.1,0.1,0.1,True,-10,10
2026-08-24 11:10:14.719641,0.0404328147848655,0.1,0.042672049896438316,0.029696894386827294,0.049827925958949366,0.1,0.1,0.1,True,-10,10
2026-08-24 11:10:14.727778,0.0389682629582391,0.1,0.042672049896438316,0.029696894386827294,0.049827925958949366,0.1,0.1,0.1,True,-10,10
2026-08-24 11:10:14.745135,0.037648052053087216,0.1,0.042672049896438316,0.029696894386827294,0.049827925958949366,0.1,0.1,0.1,True,-10,10
2026-08-24 11:10:14.760960,0.037648052053087216,0.1,0.042672049896438316,0.029696894386827294,0.049827925958949366,0.1,0.1,0.1,True,-10,10
2026-08-24 11:10:14.776856,0.03647114990627944,0.1,0.042672049896438316,0.029696894386827294,0.049827925958949366,0.1,0.1,0.09842930379012527,True,-10,10
2026-08-24 11:10:14.797867,0.035411498987385284,0.1,0.042672049896438316,0.029696894386827294,0.049827925958949366,0.1,0.1,0.0909735265077749,True,-10,10
2026-08-24 11:10:14.806655,0.03322339598457528,0.1,0.042672049896438316,0.029696894386827294,0.049827925958949366,0.1,0.1,0.07781311758830263,True,-10,10
2026-08-24 11:10:14.828079,0.03322339598457528,0.1,0.042672049896438316,0.029696894386827294,0.049827925958949366,0.1,0.1,0.07781311758830263,True,-10,10
2026-08-24 11:10:14.839561,0.03168670589708545,0.1,0.042672049896438316,0.029696894386827294,0.049827925958949366,0.1,0.1,0.06859066111531642,True,-10,10
2026-08-24 11:10:14.890501,0.03168670589708545,0.030632825928333243,0.06585267850017404,0.05602599132776226,0.1,0.1,0.1,0.06859066111531642,True,0.0,0.0
2026-08-24 11:10:14.903247,0.03168670589708545,0.030632825928333243,0.06585267850017404,0.05602599132776226,0.1,0.1,0.1,0.06859066111531642,True,0.0,0.0
2026-08-24 11:10:14.920348,0.03168670589708545,0.030632825928333243,0.06585267850017404,0.05602599132776226,0.1,0.1,0.1,0.06859066111531642,True,-10,10
2026-08-24 11:10:14.942736,0.03168670589708545,0.030632825928333243,0.06585267850017404,0.05602599132776226,0.1,0.1,0.1,0.06859066111531642,True,-10,10
2026-08-24 11:10:14.950609,0.03168670589708545,0.030632825928333243,0.06585267850017404,0.05602599132776226,0.1,0.1,0.1,0.06859066111531642,True,-10,10
2026-08-24 11:10:14.967633,0.03168670589708545,0.030632825928333243,0.06585267850017404,0.05602599132776226,0.1,0.1,0.1,0.06859066111531642,True,-10,10
2026-08-24 11:10:14.982303,0.03168670589708545,0.030632825928333243,0.06585267850017404,0.05602599132776226,0.1,0.1,0.1,0.06859066111531642,True,-10,10
2026-08-24 11:10:14.999085,0.03168670589708545,0.030632825928333243,0.06585267850017404,0.05602599132776226,0.1,0.1,0.1,0.06859066111531642,True,-10,10
2026-08-24 11:10:15.016355,0.03168670589708545,0.030632825928333243,0.06585267850017404,0.05602599132776226,0.1,0.1,0.1,0.06859066111531642,True,-10,10
2026-08-24 11:10:15.031477,0.03168670589708545,0.030632825928333243,0.06585267850017404,0.05602599132776226,0.1,0.1,0.1,0.06859066111531642,True,-10,10
2026-08-24 11:10:15.046005,0.03168670589708545,0.030632825928333243,0.06585267850017404,0.05602599132776226,0.1,0.1,0.1,0.06859066111531642,True,-10,10
2026-08-24 11:10:15.059870,0.03168670589708545,0.030632825928333243,0.06585267850017404,0.05602599132776226,0.1,0.1,0.1,0.06859066111531642,True,-10,10
2026-08-24 11:10:15.078931,0.03168670589708545,0.030632825928333243,0.06585267850017404,0.05602599132776226,0.1,0.1,0.1,0.06859066111531642,True,-10,10
2026-08-24 11:10:15.093679,0.03168670589708545,0.030632825928333243,0.06585267850017404,0.05602599132776226,0.1,0.1,0.1,0.06859066111531642,True,-10,10
2026-08-24 11:10:15.108910,0.03168670589708545,0.030632825928333243,0.06585267850017404,0.05602599132776226,0.1,0.1,0.1,0.06859066111531642,True,-10,10
2026-08-24 11:10:15.125124,0.03168670589708545,0.030632825928333243,0.06585267850017404,0.05602599132776226,0.1,0.1,0.1,0.06859066111531642,True,-10,10
2026-08-24 11:10:15.140305,0.03168670589708545,0.030632825928333243,0.06585267850017404,0.05602599132776226,0.1,0.1,0.1,0.06859066111531642,True,-10,10
2026-08-24 11:10:15.156503,0.03168670589708545,0.030632825928333243,0.06585267850017404,0.05602599132776226,0.1,0.1,0.1,0.06859066111531642,True,-10,10
2026-08-24 11:10:15.170372,0.03168670589708545,0.030632825928333243,0.06585267850017404,0.05602599132776226,0.1,0.1,0.1,0.06859066111531642,True,-10,10
2026-08-24 11:10:15.188238,0.03168670589708545,0.030632825928333243,0.06585267850017404,0.05602599132776226,0.1,0.1,0.1,0.06859066111531642,True,-10,10
2026-08-24 11:10:15.204189,0.03168670589708545,0.030632825928333243,0.06585267850017404,0.05602599132776226,0.1,0.1,0.1,0.06859066111531642,True,-10,10
2026-08-24 11:10:15.220570,0.03168670589708545,0.030632825928333243,0.06585267850017404,0.05602599132776226,0.1,0.1,0.1,0.06859066111531642,True,-10,10
2026-08-24 11:10:15.236027,0.03168670589708545,0.030632825928333243,0.06585267850017404,0.05602599132776226,0.1,0.1,0.1,0.06859066111531642,True,-10,10
2026-08-24 11:10:15.251673,0.03168670589708545,0.030632825928333243,0.06585267850017404,0.05602599132776226,0.1,0.1,0.1,0.06859066111531642,True,-10,10
2026-08-24 11:10:15.267162,0.03168670589708545,0.030632825928333243,0.06585267850017404,0.05602599132776226,0.1,0.1,0.1,0.06859066111531642,True,-10,10
2026-08-24 11:10:15.283082,0.03168670589708545,0.030632825928333243,0.06585267850017404,0.05602599132776226,0.1,0.1,0.1,0.06859066111531642,True,-10,10
2026-08-24 11:10:15.298960,0.03168670589708545,0.030632825928333243,0.06585267850017404,0.05602599132776226,0.1,0.1,0.1,0.06859066111531642,True,-10,10
2026-08-24 11:10:15.314924,0.03168670589708545,0.030632825928333243,0.06585267850017404,0.05602599132776226,0.1,0.1,0.1,0.06859066111531642,True,-10,10
2026-08-24 11:10:15.330840,0.03168670589708545,0.030632825928333243,0.06585267850017404,0.05602599132776226,0.1,0.1,0.1,0.06859066111531642,True,-10,10
2026-08-24 11:10:15.344668,0.03168670589708545,0.030632825928333243,0.06585267850017404,0.05602599132776226,0.1,0.1,0.1,0.06859066111531642,True,-10,10
2026-08-24 11:10:15.361484,0.03168670589708545,0.030632825928333243,0.06585267850017404,0.05602599132776226,0.1,0.1,0.1,0.06859066111531642,True,-10,10
2026-08-24 11:10:15.375585,0.03168670589708545,0.030632825928333243,0.06585267850017404,0.05602599132776226,0.1,0.1,0.1,0.06859066111531642,True,-10,10
2026-08-24 11:10:15.391424,0.03168670589708545,0.030632825928333243,0.06585267850017404,0.05602599132776226,0.1,0.1,0.1,0.06859066111531642,True,-10,10
2026-08-24 11:10:15.408487,0.03168670589708545,0.030632825928333243,0.06585267850017404,0.05602599132776226,0.1,0.1,0.1,0.06859066111531642,True,-10,10
2026-08-24 11:10:15.424817,0.03168670589708545,0.030632825928333243,0.06585267850017404,0.05602599132776226,0.1,0.1,0.1,0.06859066111531642,True,-10,10
2026-08-24 11:10:15.439835,0.03168670589708545,0.030632825928333243,0.06585267850017404,0.05602599132776226,0.1,0.1,0.1,0.06859066111531642,True,-10,10
2026-08-24 11:10:15.456490,0.03168670589708545,0.030632825928333243,0.06585267850017404,0.05602599132776226,0.1,0.1,0.1,0.06859066111531642,True,-10,10
2026-08-24 11:10:15.471578,0.03168670589708545,0.030632825928333243,0.06585267850017404,0.05602599132776226,0.1,0.1,0.1,0.06859066111531642,True,-10,10
2026-08-24 11:10:15.485733,0.03168670589708545,0.030632825928333243,0.06585267850017404,0.05602599132776226,0.1,0.1,0.1,0.06859066111531642,True,-10,10
2026-08-24 11:10:15.503262,0.03168670589708545,0.030632825928333243,0.06585267850017404,0.05602599132776226,0.1,0.1,0.1,0.06859066111531642,True,-10,10
2026-08-24 11:10:15.518940,0.03168670589708545,0.030632825928333243,0.06585267850017404,0.05602599132776226,0.1,0.1,0.1,0.06859066111531642,True,-10,10
2026-08-24 11:10:15.535412,0.03168670589708545,0.030632825928333243,0.06585267850017404,0.05602599132776226,0.1,0.1,0.1,0.06859066111531642,True,-10,10
2026-08-24 11:10:15.549494,0.03168670589708545,0.030632825928333243,0.06585267850017404,0.05602599132776226,0.1,0.1,0.1,0.06859066111531642,True,-10,10
2026-08-24 11:10:15.567799,0.03168670589708545,0.030632825928333243,0.06585267850017404,0.05602599132776226,0.1,0.1,0.1,0.06859066111531642,True,-10,10
2026-08-24 11:10:15.579979,0.03168670589708545,0.030632825928333243,0.06585267850017404,0.05602599132776226,0.1,0.1,0.1,0.06859066111531642,True,-10,10
2026-08-24 11:10:15.595994,0.03168670589708545,0.030632825928333243,0.06585267850017404,0.05602599132776226,0.1,0.1,0.1,0.06859066111531642,True,-10,10
2026-08-24 11:10:15.612969,0.03168670589708545,0.030632825928333243,0.06585267850017404,0.05602599132776226,0.1,0.1,0.1,0.06859066111531642,True,-10,10
2026-08-24 11:10:15.630437,0.03168670589708545,0.030632825928333243,0.06585267850017404,0.05602599132776226,0.1,0.1,0.1,0.06859066111531642,True,-10,10
2026-08-24 11:10:15.645584,0.03168670589708545,0.030632825928333243,0.06585267850017404,0.05602599132776226,0.1,0.1,0.1,0.06859066111531642,True,-10,10
2026-08-24 11:10:15.661439,0.03168670589708545,0.030632825928333243,0.06585267850017404,0.05602599132776226,0.1,0.1,0.1,0.06859066111531642,True,-10,10
2026-08-24 11:10:15.677936,0.03168670589708545,0.030632825928333243,0.06585267850017404,0.05602599132776226,0.1,0.1,0.1,0.06859066111531642,True,-10,10
2026-08-24 11:10:15.692493,0.03168670589708545,0.030632825928333243,0.06585267850017404,0.05602599132776226,0.1,0.1,0.1,0.06859066111531642,True,-10,10
2026-08-24 11:10:15.708430,0.03168670589708545,0.030632825928333243,0.06585267850017404,0.05602599132776226,0.1,0.1,0.1,0.06859066111531642,True,-10,10
2026-08-24 11:10:15.722074,0.03168670589708545,0.030632825928333243,0.06585267850017404,0.05602599132776226,0.1,0.1,0.1,0.06859066111531642,True,-10,10
2026-08-24 11:10:15.738900,0.03168670589708545,0.030632825928333243,0.06585267850017404,0.05602599132776226,0.1,0.1,0.1,0.06859066111531642,True,-10,10
2026-08-24 11:10:15.753882,0.03168670589708545,0.030632825928333243,0.06585267850017404,0.05602599132776226,0.1,0.1,0.1,0.06859066111531642,True,-10,10
2026-08-24 11:10:15.771920,0.03168670589708545,0.030632825928333243,0.06585267850017404,0.05602599132776226,0.1,0.1,0.1,0.06859066111531642,True,-10,10
2026-08-24 11:10:15.787018,0.03168670589708545,0.030632825928333243,0.06585267850017404,0.05602599132776226,0.1,0.1,0.1,0.06859066111531642,True,-10,10
2026-08-24 11:10:15.802076,0.03168670589708545,0.030632825928333243,0.06585267850017404,0.05602599132776226,0.1,0.1,0.1,0.06859066111531642,True,-10,10
2026-08-24 11:10:15.819234,0.03168670589708545,0.030632825928333243,0.06585267850017404,0.05602599132776226,0.1,0.1,0.1,0.06859066111531642,True,-10,10
2026-08-24 11:10:15.835489,0.03168670589708545,0.030632825928333243,0.06585267850017404,0.05602599132776226,0.1,0.1,0.1,0.06859066111531642,True,-10,10
2026-08-24 11:10:15.850900,0.03168670589708545,0.030632825928333243,0.06585267850017404,0.05602599132776226,0.1,0.1,0.1,0.06859066111531642,True,-10,10
2026-08-24 11:10:15.865742,0.03168670589708545,0.030632825928333243,0.06585267850017404,0.05602599132776226,0.1,0.1,0.1,0.06859066111531642,True,-10,10
2026-08-24 11:10:15.883100,0.03168670589708545,0.030632825928333243,0.06585267850017404,0.05602599132776226,0.1,0.1,0.1,0.06859066111531642,True,-10,10
2026-08-24 11:10:15.899243,0.03168670589708545,0.030632825928333243,0.06585267850017404,0.05602599132776226,0.1,0.1,0.1,0.06859066111531642,True,-10,10
2026-08-24 11:10:15.913101,0.03168670589708545,0.030632825928333243,0.06585267850017404,0.05602599132776226,0.1,0.1,0.1,0.06859066111531642,True,-10,10
2026-08-24 11:10:15.967426,0.04536513649919492,0.07101245836922786,0.1,0.1,0.1,0.026625439349402393,0.03634123489314245,0.05346452413030398,True,0.0,0.0
2026-08-24 11:10:15.982942,0.04536513649919492,0.07101245836922786,0.1,0.1,0.1,0.026625439349402393,0.03634123489314245,0.05346452413030398,True,0.0,0.0
2026-08-24 11:10:15.993529,0.04536513649919492,0.07101245836922786,0.1,0.1,0.1,0.026625439349402393,0.03634123489314245,0.05346452413030398,True,0.0,0.0
2026-08-24 11:10:16.046969,0.045257367404453505,0.07087040600628006,0.1,0.1,0.1,0.02660260751261423,0.03631772674092643,0.05334625197217573,True,0.0,0.0
2026-08-24 11:10:16.054804,0.045257367404453505,0.07087040600628006,0.1,0.1,0.1,0.02660260751261423,0.03631772674092643,0.05334625197217573,True,0.0,0.0
2026-08-24 11:10:16.071561,0.045257367404453505,0.07087040600628006,0.1,0.1,0.1,0.02660260751261423,0.03631772674092643,0.05334625197217573,True,0.0,0.0
2026-08-24 11:10:16.087493,0.045257367404453505,0.07087040600628006,0.1,0.1,0.1,0.02660260751261423,0.03631772674092643,0.05334625197217573,True,0.0,0.0
2026-08-24 11:10:16.106128,0.045257367404453505,0.07087040600628006,0.1,0.1,0.1,0.02660260751261423,0.03631772674092643,0.05334625197217573,True,0.0,0.0
2026-08-24 11:10:16.120037,0.045257367404453505,0.07087040600628006,0.1,0.1,0.1,0.02660260751261423,0.03631772674092643,0.05334625197217573,True,0.0,0.0
2026-08-24 11:10:16.136815,0.045257367404453505,0.07087040600628006,0.1,0.1,0.1,0.02660260751261423,0.03631772674092643,0.05334625197217573,True,0.0,0.0
2026-08-24 11:10:16.151488,0.045257367404453505,0.07087040600628006,0.1,0.1,0.1,0.02660260751261423,0.03631772674092643,0.05334625197217573,True,0.0,0.0
2026-08-24 11:10:16.167238,0.045257367404453505,0.07087040600628006,0.1,0.1,0.1,0.02660260751261423,0.03631772674092643,0.05334625197217573,True,0.0,0.0
2026-08-24 11:10:16.182435,0.045257367404453505,0.07087040600628006,0.1,0.1,0.1,0.02660260751261423,0.03631772674092643,0.05334625197217573,True,0.0,0.0
2026-08-24 11:10:16.199079,0.045257367404453505,0.07087040600628006,0.1,0.1,0.1,0.02660260751261423,0.03631772674092643,0.05334625197217573,True,0.0,0.0
2026-08-24 11:10:16.215420,0.045257367404453505,0.07087040600628006,0.1,0.1,0.1,0.02660260751261423,0.03631772674092643,0.05334625197217573,True,0.0,0.0
2026-08-24 11:10:16.230223,0.045257367404453505,0.07087040600628006,0.1,0.1,0.1,0.02660260751261423,0.03631772674092643,0.05334625197217573,True,0.0,0.0
2026-08-24 11:10:16.246125,0.045257367404453505,0.07087040600628006,0.1,0.1,0.1,0.02660260751261423,0.03631772674092643,0.05334625197217573,True,0.0,0.0
2026-08-24 11:10:16.261845,0.045257367404453505,0.07087040600628006,0.1,0.1,0.1,0.02660260751261423,0.03631772674092643,0.05334625197217573,True,0.0,0.0
2026-08-24 11:10:16.277418,0.045257367404453505,0.07087040600628006,0.1,0.1,0.1,0.02660260751261423,0.03631772674092643,0.05334625197217573,True,0.0,0.0
2026-08-24 11:10:16.292443,0.045257367404453505,0.07087040600628006,0.1,0.1,0.1,0.02660260751261423,0.03631772674092643,0.05334625197217573,True,0.0,0.0
2026-08-24 11:10:16.309204,0.045257367404453505,0.07087040600628006,0.1,0.1,0.1,0.02660260751261423,0.03631772674092643,0.05334625197217573,True,0.0,0.0
2026-08-24 11:10:16.326978,0.045257367404453505,0.07087040600628006,0.1,0.1,0.1,0.02660260751261423,0.03631772674092643,0.05334625197217573,True,0.0,0.0
2026-08-24 11:10:16.338752,0.045257367404453505,0.07087040600628006,0.1,0.1,0.1,0.02660260751261423,0.03631772674092643,0.05334625197217573,True,0.0,0.0
2026-08-24 11:10:16.356643,0.045257367404453505,0.07087040600628006,0.1,0.1,0.1,0.02660260751261423,0.03631772674092643,0.05334625197217573,True,0.0,0.0
2026-08-24 11:10:16.371789,0.045257367404453505,0.07087040600628006,0.1,0.1,0.1,0.02660260751261423,0.03631772674092643,0.05334625197217573,True,0.0,0.0
2026-08-24 11:10:16.387556,0.045257367404453505,0.07087040600628006,0.1,0.1,0.1,0.02660260751261423,0.03631772674092643,0.05334625197217573,True,0.0,0.0
2026-08-24 11:10:16.404486,0.045257367404453505,0.07087040600628006,0.1,0.1,0.1,0.02660260751261423,0.03631772674092643,0.05334625197217573,True,0.0,0.0
2026-08-24 11:10:16.419763,0.045257367404453505,0.07087040600628006,0.1,0.1,0.1,0.02660260751261423,0.03631772674092643,0.05334625197217573,True,0.0,0.0
2026-08-24 11:10:16.433668,0.045257367404453505,0.07087040600628006,0.1,0.1,0.1,0.02660260751261423,0.03631772674092643,0.05334625197217573,True,0.0,0.0
2026-08-24 11:10:16.493742,0.04490694577483443,0.07032748537793697,0.1,0.1,0.1,0.02654126715011313,0.03620569860962198,0.053019906761769126,True,0.0,0.0
2026-08-24 11:10:16.521235,0.04490694577483443,0.07032748537793697,0.1,0.1,0.1,0.02654126715011313,0.03620569860962198,0.053019906761769126,True,-10,10
2026-08-24 11:10:16.532244,0.04490694577483443,0.07032748537793697,0.1,0.1,0.1,0.02654126715011313,0.03620569860962198,0.053019906761769126,True,-10,10
2026-08-24 11:10:16.545484,0.04490694577483443,0.07032748537793697,0.1,0.1,0.1,0.02654126715011313,0.03620569860962198,0.053019906761769126,True,-10,10
2026-08-24 11:10:16.561737,0.04490694577483443,0.07032748537793697,0.1,0.1,0.1,0.02654126715011313,0.03620569860962198,0.053019906761769126,True,-10,10
2026-08-24 11:10:16.579201,0.04490694577483443,0.07032748537793697,0.1,0.1,0.1,0.02654126715011313,0.03620569860962198,0.053019906761769126,True,-10,10
2026-08-24 11:10:16.594915,0.04490694577483443,0.07032748537793697,0.1,0.1,0.1,0.02654126715011313,0.03620569860962198,0.053019906761769126,True,-10,10
2026-08-24 11:10:16.610509,0.04490694577483443,0.07032748537793697,0.1,0.1,0.1,0.02654126715011313,0.03620569860962198,0.053019906761769126,True,-10,10
2026-08-24 11:10:16.626240,0.04490694577483443,0.07032748537793697,0.1,0.1,0.1,0.02654126715011313,0.03620569860962198,0.053019906761769126,True,-10,10
2026-08-24 11:10:16.641570,0.04490694577483443,0.07032748537793697,0.1,0.1,0.1,0.02654126715011313,0.03620569860962198,0.053019906761769126,True,-10,10
2026-08-24 11:10:16.656654,0.04490694577483443,0.07032748537793697,0.1,0.1,0.1,0.02654126715011313,0.03620569860962198,0.053019906761769126,True,-10,10
2026-08-24 11:10:16.671220,0.04490694577483443,0.07032748537793697,0.1,0.1,0.1,0.02654126715011313,0.03620569860962198,0.053019906761769126,True,-10,10
2026-08-24 11:10:16.689141,0.04490694577483443,0.07032748537793697,0.1,0.1,0.1,0.02654126715011313,0.03620569860962198,0.053019906761769126,True,-10,10
2026-08-24 11:10:16.704035,0.04490694577483443,0.07032748537793697,0.1,0.1,0.1,0.02654126715011313,0.03620569860962198,0.053019906761769126,True,-10,10
2026-08-24 11:10:16.720181,0.04490694577483443,0.07032748537793697,0.1,0.1,0.1,0.02654126715011313,0.03620569860962198,0.053019906761769126,True,-10,10
2026-08-24 11:10:16.736422,0.04490694577483443,0.07032748537793697,0.1,0.1,0.1,0.02654126715011313,0.03620569860962198,0.053019906761769126,True,-10,10
2026-08-24 11:10:16.752312,0.04490694577483443,0.07032748537793697,0.1,0.1,0.1,0.02654126715011313,0.03620569860962198,0.053019906761769126,True,-10,10
2026-08-24 11:10:16.766043,0.04490694577483443,0.07032748537793697,0.1,0.1,0.1,0.02654126715011313,0.03620569860962198,0.053019906761769126,True,-10,10
2026-08-24 11:10:16.784729,0.04490694577483443,0.07032748537793697,0.1,0.1,0.1,0.02654126715011313,0.03620569860962198,0.053019906761769126,True,-10,10
2026-08-24 11:10:16.799452,0.04490694577483443,0.07032748537793697,0.1,0.1,0.1,0.02654126715011313,0.03620569860962198,0.053019906761769126,True,-10,10
2026-08-24 11:10:16.814124,0.04490694577483443,0.07032748537793697,0.1,0.1,0.1,0.02654126715011313,0.03620569860962198,0.053019906761769126,True,-10,10
2026-08-24 11:10:16.831948,0.04490694577483443,0.07032748537793697,0.1,0.1,0.1,0.02654126715011313,0.03620569860962198,0.053019906761769126,True,-10,10
2026-08-24 11:10:16.847105,0.04490694577483443,0.07032748537793697,0.1,0.1,0.1,0.02654126715011313,0.03620569860962198,0.053019906761769126,True,-10,10
2026-08-24 11:10:16.862947,0.04490694577483443,0.07032748537793697,0.1,0.1,0.1,0.02654126715011313,0.03620569860962198,0.053019906761769126,True,-10,10
2026-08-24 11:10:16.877887,0.04490694577483443,0.07032748537793697,0.1,0.1,0.1,0.02654126715011313,0.03620569860962198,0.053019906761769126,True,-10,10
2026-08-24 11:10:16.895293,0.04490694577483443,0.07032748537793697,0.1,0.1,0.1,0.02654126715011313,0.03620569860962198,0.053019906761769126,True,-10,10
2026-08-24 11:10:16.911240,0.04490694577483443,0.07032748537793697,0.1,0.1,0.1,0.02654126715011313,0.03620569860962198,0.053019906761769126,True,-10,10
2026-08-24 11:10:16.925069,0.04490694577483443,0.07032748537793697,0.1,0.1,0.1,0.02654126715011313,0.03620569860962198,0.053019906761769126,True,-10,10
2026-08-24 11:10:16.941301,0.04490694577483443,0.07032748537793697,0.1,0.1,0.1,0.02654126715011313,0.03620569860962198,0.053019906761769126,True,-10,10
2026-08-24 11:10:16.957352,0.04490694577483443,0.07032748537793697,0.1,0.1,0.1,0.02654126715011313,0.03620569860962198,0.053019906761769126,True,-10,10
2026-08-24 11:10:16.971717,0.04490694577483443,0.07032748537793697,0.1,0.1,0.1,0.02654126715011313,0.03620569860962198,0.053019906761769126,True,-10,10
2026-08-24 11:10:16.985888,0.04490694577483443,0.07032748537793697,0.1,0.1,0.1,0.02654126715011313,0.03620569860962198,0.053019906761769126,True,-10,10
2026-08-24 11:10:17.003894,0.04490694577483443,0.07032748537793697,0.1,0.1,0.1,0.02654126715011313,0.03620569860962198,0.053019906761769126,True,-10,10
2026-08-24 11:10:17.018907,0.04490694577483443,0.07032748537793697,0.1,0.1,0.1,0.02654126715011313,0.03620569860962198,0.053019906761769126,True,-10,10
2026-08-24 11:10:17.033600,0.04490694577483443,0.07032748537793697,0.1,0.1,0.1,0.02654126715011313,0.03620569860962198,0.053019906761769126,True,-10,10
2026-08-24 11:10:17.050410,0.04490694577483443,0.07032748537793697,0.1,0.1,0.1,0.02654126715011313,0.03620569860962198,0.053019906761769126,True,-10,10
2026-08-24 11:10:17.064967,0.04490694577483443,0.07032748537793697,0.1,0.1,0.1,0.02654126715011313,0.03620569860962198,0.053019906761769126,True,-10,10
2026-08-24 11:10:17.081997,0.04490694577483443,0.07032748537793697,0.1,0.1,0.1,0.02654126715011313,0.03620569860962198,0.053019906761769126,True,-10,10
2026-08-24 11:10:17.098049,0.04490694577483443,0.07032748537793697,0.1,0.1,0.1,0.02654126715011313,0.03620569860962198,0.053019906761769126,True,-10,10
2026-08-24 11:10:17.111928,0.04490694577483443,0.07032748537793697,0.1,0.1,0.1,0.02654126715011313,0.03620569860962198,0.053019906761769126,True,-10,10
2026-08-24 11:10:17.129802,0.04490694577483443,0.07032748537793697,0.1,0.1,0.1,0.02654126715011313,0.03620569860962198,0.053019906761769126,True,-10,10
2026-08-24 11:10:17.145712,0.04490694577483443,0.07032748537793697,0.1,0.1,0.1,0.02654126715011313,0.03620569860962198,0.053019906761769126,True,-10,10
2026-08-24 11:10:17.161622,0.04490694577483443,0.07032748537793697,0.1,0.1,0.1,0.02654126715011313,0.03620569860962198,0.053019906761769126,True,-10,10
2026-08-24 11:10:17.175341,0.04490694577483443,0.07032748537793697,0.1,0.1,0.1,0.02654126715011313,0.03620569860962198,0.053019906761769126,True,-10,10
2026-08-24 11:10:17.191224,0.04490694577483443,0.07032748537793697,0.1,0.1,0.1,0.02654126715011313,0.03620569860962198,0.053019906761769126,True,-10,10
2026-08-24 11:10:17.208583,0.04490694577483443,0.07032748537793697,0.1,0.1,0.1,0.02654126715011313,0.03620569860962198,0.053019906761769126,True,-10,10
2026-08-24 11:10:17.224515,0.04490694577483443,0.07032748537793697,0.1,0.1,0.1,0.02654126715011313,0.03620569860962198,0.053019906761769126,True,-10,10
2026-08-24 11:10:17.240024,0.04490694577483443,0.07032748537793697,0.1,0.1,0.1,0.02654126715011313,0.03620569860962198,0.053019906761769126,True,-10,10
2026-08-24 11:10:17.254138,0.04490694577483443,0.07032748537793697,0.1,0.1,0.1,0.02654126715011313,0.03620569860962198,0.053019906761769126,True,-10,10
2026-08-24 11:10:17.269478,0.04490694577483443,0.07032748537793697,0.1,0.1,0.1,0.02654126715011313,0.03620569860962198,0.053019906761769126,True,-10,10
2026-08-24 11:10:17.285225,0.04490694577483443,0.07032748537793697,0.1,0.1,0.1,0.02654126715011313,0.03620569860962198,0.053019906761769126,True,-10,10
2026-08-24 11:10:17.301043,0.04490694577483443,0.07032748537793697,0.1,0.1,0.1,0.02654126715011313,0.03620569860962198,0.053019906761769126,True,-10,10
2026-08-24 11:10:17.318253,0.04490694577483443,0.07032748537793697,0.1,0.1,0.1,0.02654126715011313,0.03620569860962198,0.053019906761769126,True,-10,10
2026-08-24 11:10:17.335466,0.04490694577483443,0.07032748537793697,0.1,0.1,0.1,0.02654126715011313,0.03620569860962198,0.053019906761769126,True,-10,10
2026-08-24 11:10:17.350342,0.04490694577483443,0.07032748537793697,0.1,0.1,0.1,0.02654126715011313,0.03620569860962198,0.053019906761769126,True,-10,10
2026-08-24 11:10:17.364214,0.04490694577483443,0.07032748537793697,0.1,0.1,0.1,0.02654126715011313,0.03620569860962198,0.053019906761769126,True,-10,10
2026-08-24 11:10:17.382168,0.04490694577483443,0.07032748537793697,0.1,0.1,0.1,0.02654126715011313,0.03620569860962198,0.053019906761769126,True,-10,10
2026-08-24 11:10:17.399026,0.04490694577483443,0.07032748537793697,0.1,0.1,0.1,0.02654126715011313,0.03620569860962198,0.053019906761769126,True,-10,10
2026-08-24 11:10:17.414217,0.04490694577483443,0.07032748537793697,0.1,0.1,0.1,0.02654126715011313,0.03620569860962198,0.053019906761769126,True,-10,10
2026-08-24 11:10:17.430066,0.04490694577483443,0.07032748537793697,0.1,0.1,0.1,0.02654126715011313,0.03620569860962198,0.053019906761769126,True,-10,10
2026-08-24 11:10:17.446745,0.04490694577483443,0.07032748537793697,0.1,0.1,0.1,0.02654126715011313,0.03620569860962198,0.053019906761769126,True,-10,10
2026-08-24 11:10:17.461744,0.04490694577483443,0.07032748537793697,0.1,0.1,0.1,0.02654126715011313,0.03620569860962198,0.053019906761769126,True,-10,10
2026-08-24 11:10:17.477203,0.04490694577483443,0.07032748537793697,0.1,0.1,0.1,0.02654126715011313,0.03620569860962198,0.053019906761769126,True,-10,10
2026-08-24 11:10:17.492458,0.04490694577483443,0.07032748537793697,0.1,0.1,0.1,0.02654126715011313,0.03620569860962198,0.053019906761769126,True,-10,10
2026-08-24 11:10:17.552950,0.1,0.1,0.1,0.02458952815314563,0.04821732792370871,0.051206007676529525,0.1,0.1,True,0.0,0.0
2026-08-24 11:10:17.573885,0.1,0.1,0.1,0.02458952815314563,0.04821732792370871,0.051206007676529525,0.1,0.1,True,0.0,0.0
2026-08-24 11:10:17.610948,0.1,0.1,0.1,0.024508190497037702,0.04811906388631833,0.051189517876048835,0.1,0.1,True,0.0,0.0
2026-08-24 11:10:17.634689,0.1,0.1,0.1,0.024508190497037702,0.04811906388631833,0.051189517876048835,0.1,0.1,True,0.0,0.0
2026-08-24 11:10:17.653440,0.1,0.1,0.1,0.024508190497037702,0.04811906388631833,0.051189517876048835,0.1,0.1,True,0.0,0.0
2026-08-24 11:10:17.669279,0.1,0.1,0.1,0.024508190497037702,0.04811906388631833,0.051189517876048835,0.1,0.1,True,0.0,0.0
2026-08-24 11:10:17.684286,0.1,0.1,0.1,0.024508190497037702,0.04811906388631833,0.051189517876048835,0.1,0.1,True,0.0,0.0
2026-08-24 11:10:17.699645,0.1,0.1,0.1,0.024508190497037702,0.04811906388631833,0.051189517876048835,0.1,0.1,True,0.0,0.0
2026-08-24 11:10:17.715414,0.1,0.1,0.1,0.024508190497037702,0.04811906388631833,0.051189517876048835,0.1,0.1,True,0.0,0.0
2026-08-24 11:10:17.730452,0.1,0.1,0.1,0.024508190497037702,0.04811906388631833,0.051189517876048835,0.1,0.1,True,0.0,0.0
2026-08-24 11:10:17.746276,0.1,0.1,0.1,0.024508190497037702,0.04811906388631833,0.051189517876048835,0.1,0.1,True,0.0,0.0
2026-08-24 11:10:17.761536,0.1,0.1,0.1,0.024508190497037702,0.04811906388631833,0.051189517876048835,0.1,0.1,True,0.0,0.0
2026-08-24 11:10:17.777055,0.1,0.1,0.1,0.024508190497037702,0.04811906388631833,0.051189517876048835,0.1,0.1,True,0.0,0.0
2026-08-24 11:10:17.793122,0.1,0.1,0.1,0.024508190497037702,0.04811906388631833,0.051189517876048835,0.1,0.1,True,0.0,0.0
2026-08-24 11:10:17.809068,0.1,0.1,0.1,0.024508190497037702,0.04811906388631833,0.051189517876048835,0.1,0.1,True,0.0,0.0
2026-08-24 11:10:17.824966,0.1,0.1,0.1,0.024508190497037702,0.04811906388631833,0.051189517876048835,0.1,0.1,True,0.0,0.0
2026-08-24 11:10:17.840672,0.1,0.1,0.1,0.024508190497037702,0.04811906388631833,0.051189517876048835,0.1,0.1,True,0.0,0.0
2026-08-24 11:10:17.855906,0.1,0.1,0.1,0.024508190497037702,0.04811906388631833,0.051189517876048835,0.1,0.1,True,0.0,0.0
2026-08-24 11:10:17.873203,0.1,0.1,0.1,0.024508190497037702,0.04811906388631833,0.051189517876048835,0.1,0.1,True,0.0,0.0
2026-08-24 11:10:17.887258,0.1,0.1,0.1,0.024508190497037702,0.04811906388631833,0.051189517876048835,0.1,0.1,True,0.0,0.0
2026-08-24 11:10:17.902895,0.1,0.1,0.1,0.024508190497037702,0.04811906388631833,0.051189517876048835,0.1,0.1,True,0.0,0.0
2026-08-24 11:10:17.918504,0.1,0.1,0.1,0.024508190497037702,0.04811906388631833,0.051189517876048835,0.1,0.1,True,0.0,0.0
2026-08-24 11:10:17.935616,0.1,0.1,0.1,0.024508190497037702,0.04811906388631833,0.051189517876048835,0.1,0.1,True,0.0,0.0
2026-08-24 11:10:17.948504,0.1,0.1,0.1,0.024508190497037702,0.04811906388631833,0.051189517876048835,0.1,0.1,True,0.0,0.0
2026-08-24 11:10:17.967784,0.1,0.1,0.1,0.024508190497037702,0.04811906388631833,0.051189517876048835,0.1,0.1,True,0.0,0.0
2026-08-24 11:10:17.982961,0.1,0.1,0.1,0.024508190497037702,0.04811906388631833,0.051189517876048835,0.1,0.1,True,0.0,0.0
2026-08-24 11:10:17.998354,0.1,0.1,0.1,0.024508190497037702,0.04811906388631833,0.051189517876048835,0.1,0.1,True,0.0,0.0
2026-08-24 11:10:18.015261,0.1,0.1,0.1,0.024508190497037702,0.04811906388631833,0.051189517876048835,0.1,0.1,True,0.0,0.0
2026-08-24 11:10:18.030217,0.1,0.1,0.1,0.024508190497037702,0.04811906388631833,0.051189517876048835,0.1,0.1,True,0.0,0.0
2026-08-24 11:10:18.045160,0.1,0.1,0.1,0.024508190497037702,0.04811906388631833,0.051189517876048835,0.1,0.1,True,0.0,0.0
2026-08-24 11:10:18.096855,0.1,0.1,0.1,0.024483468115514703,0.048086383013960864,0.05116258442036908,0.1,0.1,True,0.0,0.0
2026-08-24 11:10:18.108316,0.1,0.1,0.1,0.024483468115514703,0.048086383013960864,0.05116258442036908,0.1,0.1,True,-10,10
2026-08-24 11:10:18.128296,0.1,0.1,0.1,0.024483468115514703,0.048086383013960864,0.05116258442036908,0.1,0.1,True,-10,10
2026-08-24 11:10:18.138160,0.1,0.1,0.1,0.024483468115514703,0.048086383013960864,0.05116258442036908,0.1,0.1,True,-10,10
2026-08-24 11:10:18.155858,0.1,0.1,0.1,0.024483468115514703,0.048086383013960864,0.05116258442036908,0.1,0.1,True,-10,10
2026-08-24 11:10:18.170968,0.1,0.1,0.1,0.024483468115514703,0.048086383013960864,0.05116258442036908,0.1,0.1,True,-10,10
2026-08-24 11:10:18.185117,0.1,0.1,0.1,0.024483468115514703,0.048086383013960864,0.05116258442036908,0.1,0.1,True,-10,10
2026-08-24 11:10:18.201198,0.1,0.1,0.1,0.024483468115514703,0.048086383013960864,0.05116258442036908,0.1,0.1,True,-10,10
2026-08-24 11:10:18.218602,0.1,0.1,0.1,0.024483468115514703,0.048086383013960864,0.05116258442036908,0.1,0.1,True,-10,10
2026-08-24 11:10:18.234355,0.1,0.1,0.1,0.024483468115514703,0.048086383013960864,0.05116258442036908,0.1,0.1,True,-10,10
2026-08-24 11:10:18.247991,0.1,0.1,0.1,0.024483468115514703,0.048086383013960864,0.05116258442036908,0.1,0.1,True,-10,10
2026-08-24 11:10:18.264432,0.1,0.1,0.1,0.024483468115514703,0.048086383013960864,0.05116258442036908,0.1,0.1,True,-10,10
2026-08-24 11:10:18.281461,0.1,0.1,0.1,0.024483468115514703,0.048086383013960864,0.05116258442036908,0.1,0.1,True,-10,10
2026-08-24 11:10:18.297366,0.1,0.1,0.1,0.024483468115514703,0.048086383013960864,0.05116258442036908,0.1,0.1,True,-10,10
2026-08-24 11:10:18.313219,0.1,0.1,0.1,0.024483468115514703,0.048086383013960864,0.05116258442036908,0.1,0.1,True,-10,10
2026-08-24 11:10:18.330421,0.1,0.1,0.1,0.024483468115514703,0.048086383013960864,0.05116258442036908,0.1,0.1,True,-10,10
2026-08-24 11:10:18.344874,0.1,0.1,0.1,0.024483468115514703,0.048086383013960864,0.05116258442036908,0.1,0.1,True,-10,10
2026-08-24 11:10:18.360115,0.1,0.1,0.1,0.024483468115514703,0.048086383013960864,0.05116258442036908,0.1,0.1,True,-10,10
2026-08-24 11:10:18.375983,0.1,0.1,0.1,0.024483468115514703,0.048086383013960864,0.05116258442036908,0.1,0.1,True,-10,10
2026-08-24 11:10:18.391860,0.1,0.1,0.1,0.024483468115514703,0.048086383013960864,0.05116258442036908,0.1,0.1,True,-10,10
2026-08-24 11:10:18.407796,0.1,0.1,0.1,0.024483468115514703,0.048086383013960864,0.05116258442036908,0.1,0.1,True,-10,10
2026-08-24 11:10:18.425470,0.1,0.1,0.1,0.024483468115514703,0.048086383013960864,0.05116258442036908,0.1,0.1,True,-10,10
2026-08-24 11:10:18.438903,0.1,0.1,0.1,0.024483468115514703,0.048086383013960864,0.05116258442036908,0.1,0.1,True,-10,10
2026-08-24 11:10:18.455442,0.1,0.1,0.1,0.024483468115514703,0.048086383013960864,0.05116258442036908,0.1,0.1,True,-10,10
2026-08-24 11:10:18.471347,0.1,0.1,0.1,0.024483468115514703,0.048086383013960864,0.05116258442036908,0.1,0.1,True,-10,10
2026-08-24 11:10:18.488676,0.1,0.1,0.1,0.024483468115514703,0.048086383013960864,0.05116258442036908,0.1,0.1,True,-10,10
2026-08-24 11:10:18.502768,0.1,0.1,0.1,0.024483468115514703,0.048086383013960864,0.05116258442036908,0.1,0.1,True,-10,10
2026-08-24 11:10:18.518747,0.1,0.1,0.1,0.024483468115514703,0.048086383013960864,0.05116258442036908,0.1,0.1,True,-10,10
2026-08-24 11:10:18.534678,0.1,0.1,0.1,0.024483468115514703,0.048086383013960864,0.05116258442036908,0.1,0.1,True,-10,10
2026-08-24 11:10:18.550794,0.1,0.1,0.1,0.024483468115514703,0.048086383013960864,0.05116258442036908,0.1,0.1,True,-10,10
2026-08-24 11:10:18.566322,0.1,0.1,0.1,0.024483468115514703,0.048086383013960864,0.05116258442036908,0.1,0.1,True,-10,10
2026-08-24 11:10:18.581960,0.1,0.1,0.1,0.024483468115514703,0.048086383013960864,0.05116258442036908,0.1,0.1,True,-10,10
2026-08-24 11:10:18.598551,0.1,0.1,0.1,0.024483468115514703,0.048086383013960864,0.05116258442036908,0.1,0.1,True,-10,10
2026-08-24 11:10:18.614791,0.1,0.1,0.1,0.024483468115514703,0.048086383013960864,0.05116258442036908,0.1,0.1,True,-10,10
2026-08-24 11:10:18.629858,0.1,0.1,0.1,0.024483468115514703,0.048086383013960864,0.05116258442036908,0.1,0.1,True,-10,10
2026-08-24 11:10:18.646994,0.1,0.1,0.1,0.024483468115514703,0.048086383013960864,0.05116258442036908,0.1,0.1,True,-10,10
2026-08-24 11:10:18.661780,0.1,0.1,0.1,0.024483468115514703,0.048086383013960864,0.05116258442036908,0.1,0.1,True,-10,10
2026-08-24 11:10:18.677765,0.1,0.1,0.1,0.024483468115514703,0.048086383013960864,0.05116258442036908,0.1,0.1,True,-10,10
2026-08-24 11:10:18.692865,0.1,0.1,0.1,0.024483468115514703,0.048086383013960864,0.05116258442036908,0.1,0.1,True,-10,10
2026-08-24 11:10:18.709441,0.1,0.1,0.1,0.024483468115514703,0.048086383013960864,0.05116258442036908,0.1,0.1,True,-10,10
2026-08-24 11:10:18.726199,0.1,0.1,0.1,0.024483468115514703,0.048086383013960864,0.05116258442036908,0.1,0.1,True,-10,10
2026-08-24 11:10:18.740028,0.1,0.1,0.1,0.024483468115514703,0.048086383013960864,0.05116258442036908,0.1,0.1,True,-10,10
2026-08-24 11:10:18.757302,0.1,0.1,0.1,0.024483468115514703,0.048086383013960864,0.05116258442036908,0.1,0.1,True,-10,10
2026-08-24 11:10:18.772543,0.1,0.1,0.1,0.024483468115514703,0.048086383013960864,0.05116258442036908,0.1,0.1,True,-10,10
2026-08-24 11:10:18.789414,0.1,0.1,0.1,0.024483468115514703,0.048086383013960864,0.05116258442036908,0.1,0.1,True,-10,10
2026-08-24 11:10:18.805759,0.1,0.1,0.1,0.024483468115514703,0.048086383013960864,0.05116258442036908,0.1,0.1,True,-10,10
2026-08-24 11:10:18.821130,0.1,0.1,0.1,0.024483468115514703,0.048086383013960864,0.05116258442036908,0.1,0.1,True,-10,10
2026-08-24 11:10:18.837019,0.1,0.1,0.1,0.024483468115514703,0.048086383013960864,0.05116258442036908,0.1,0.1,True,-10,10
2026-08-24 11:10:18.851989,0.1,0.1,0.1,0.024483468115514703,0.048086383013960864,0.05116258442036908,0.1,0.1,True,-10,10
2026-08-24 11:10:18.868876,0.1,0.1,0.1,0.024483468115514703,0.048086383013960864,0.05116258442036908,0.1,0.1,True,-10,10
2026-08-24 11:10:18.884778,0.1,0.1,0.1,0.024483468115514703,0.048086383013960864,0.05116258442036908,0.1,0.1,True,-10,10
2026-08-24 11:10:18.900738,0.1,0.1,0.1,0.024483468115514703,0.048086383013960864,0.05116258442036908,0.1,0.1,True,-10,10
2026-08-24 11:10:18.914703,0.1,0.1,0.1,0.024483468115514703,0.048086383013960864,0.05116258442036908,0.1,0.1,True,-10,10
2026-08-24 11:10:18.931834,0.1,0.1,0.1,0.024483468115514703,0.048086383013960864,0.05116258442036908,0.1,0.1,True,-10,10
2026-08-24 11:10:18.948158,0.1,0.1,0.1,0.024483468115514703,0.048086383013960864,0.05116258442036908,0.1,0.1,True,-10,10
2026-08-24 11:10:18.964134,0.1,0.1,0.1,0.024483468115514703,0.048086383013960864,0.05116258442036908,0.1,0.1,True,-10,10
2026-08-24 11:10:18.980371,0.1,0.1,0.1,0.024483468115514703,0.048086383013960864,0.05116258442036908,0.1,0.1,True,-10,10
2026-08-24 11:10:18.995420,0.1,0.1,0.1,0.024483468115514703,0.048086383013960864,0.05116258442036908,0.1,0.1,True,-10,10
2026-08-24 11:10:19.010919,0.1,0.1,0.1,0.024483468115514703,0.048086383013960864,0.05116258442036908,0.1,0.1,True,-10,10
2026-08-24 11:10:19.027175,0.1,0.1,0.1,0.024483468115514703,0.048086383013960864,0.05116258442036908,0.1,0.1,True,-10,10
2026-08-24 11:10:19.043031,0.1,0.1,0.1,0.024483468115514703,0.048086383013960864,0.05116258442036908,0.1,0.1,True,-10,10
2026-08-24 11:10:19.059210,0.1,0.1,0.1,0.024483468115514703,0.048086383013960864,0.05116258442036908,0.1,0.1,True,-10,10
2026-08-24 11:10:19.073664,0.1,0.1,0.1,0.024483468115514703,0.048086383013960864,0.05116258442036908,0.1,0.1,True,-10,10
2026-08-24 11:10:19.090451,0.1,0.1,0.1,0.024483468115514703,0.048086383013960864,0.05116258442036908,0.1,0.1,True,-10,10
2026-08-24 11:10:19.105402,0.1,0.1,0.1,0.024483468115514703,0.048086383013960864,0.05116258442036908,0.1,0.1,True,-10,10
2026-08-24 11:10:19.151913,0.03069011502215755,0.02168793556433332,0.04249203055309874,0.04413141576294771,0.1,0.1,0.1,0.09653794594348221,True,0.0,0.0
2026-08-24 11:10:19.167612,0.03069011502215755,0.02168793556433332,0.04249203055309874,0.04413141576294771,0.1,0.1,0.1,0.09653794594348221,True,0.0,0.0
2026-08-24 11:10:19.218421,0.030501767780826555,0.021794497718346434,0.043152089213793876,0.04411759487663773,0.1,0.1,0.1,0.09472576592066201,True,0.0,0.0
2026-08-24 11:10:19.235680,0.030501767780826555,0.021794497718346434,0.043152089213793876,0.04411759487663773,0.1,0.1,0.1,0.09472576592066201,True,0.0,0.0
2026-08-24 11:10:19.247785,0.030501767780826555,0.021794497718346434,0.043152089213793876,0.04411759487663773,0.1,0.1,0.1,0.09472576592066201,True,0.0,0.0
2026-08-24 11:10:19.267018,0.030501767780826555,0.021794497718346434,0.043152089213793876,0.04411759487663773,0.1,0.1,0.1,0.09472576592066201,True,0.0,0.0
2026-08-24 11:10:19.280026,0.030501767780826555,0.021794497718346434,0.043152089213793876,0.04411759487663773,0.1,0.1,0.1,0.09472576592066201,True,0.0,0.0
2026-08-24 11:10:19.297747,0.030501767780826555,0.021794497718346434,0.043152089213793876,0.04411759487663773,0.1,0.1,0.1,0.09472576592066201,True,0.0,0.0
2026-08-24 11:10:19.311450,0.030501767780826555,0.021794497718346434,0.043152089213793876,0.04411759487663773,0.1,0.1,0.1,0.09472576592066201,True,0.0,0.0
2026-08-24 11:10:19.327012,0.030501767780826555,0.021794497718346434,0.043152089213793876,0.04411759487663773,0.1,0.1,0.1,0.09472576592066201,True,0.0,0.0
2026-08-24 11:10:19.342198,0.030501767780826555,0.021794497718346434,0.043152089213793876,0.04411759487663773,0.1,0.1,0.1,0.09472576592066201,True,0.0,0.0
2026-08-24 11:10:19.356952,0.030501767780826555,0.021794497718346434,0.043152089213793876,0.04411759487663773,0.1,0.1,0.1,0.09472576592066201,True,0.0,0.0
2026-08-24 11:10:19.372490,0.030501767780826555,0.021794497718346434,0.043152089213793876,0.04411759487663773,0.1,0.1,0.1,0.09472576592066201,True,0.0,0.0
2026-08-24 11:10:19.390689,0.030501767780826555,0.021794497718346434,0.043152089213793876,0.04411759487663773,0.1,0.1,0.1,0.09472576592066201,True,0.0,0.0
2026-08-24 11:10:19.404549,0.030501767780826555,0.021794497718346434,0.043152089213793876,0.04411759487663773,0.1,0.1,0.1,0.09472576592066201,True,0.0,0.0
2026-08-24 11:10:19.422525,0.030501767780826555,0.021794497718346434,0.043152089213793876,0.04411759487663773,0.1,0.1,0.1,0.09472576592066201,True,0.0,0.0
2026-08-24 11:10:19.438435,0.030501767780826555,0.021794497718346434,0.043152089213793876,0.04411759487663773,0.1,0.1,0.1,0.09472576592066201,True,0.0,0.0
2026-08-24 11:10:19.453753,0.030501767780826555,0.021794497718346434,0.043152089213793876,0.04411759487663773,0.1,0.1,0.1,0.09472576592066201,True,0.0,0.0
2026-08-24 11:10:19.468106,0.030501767780826555,0.021794497718346434,0.043152089213793876,0.04411759487663773,0.1,0.1,0.1,0.09472576592066201,True,0.0,0.0
2026-08-24 11:10:19.486181,0.030501767780826555,0.021794497718346434,0.043152089213793876,0.04411759487663773,0.1,0.1,0.1,0.09472576592066201,True,0.0,0.0
2026-08-24 11:10:19.501240,0.030501767780826555,0.021794497718346434,0.043152089213793876,0.04411759487663773,0.1,0.1,0.1,0.09472576592066201,True,0.0,0.0
2026-08-24 11:10:19.518682,0.030501767780826555,0.021794497718346434,0.043152089213793876,0.04411759487663773,0.1,0.1,0.1,0.09472576592066201,True,0.0,0.0
2026-08-24 11:10:19.533909,0.030501767780826555,0.021794497718346434,0.043152089213793876,0.04411759487663773,0.1,0.1,0.1,0.09472576592066201,True,0.0,0.0
2026-08-24 11:10:19.547848,0.030501767780826555,0.021794497718346434,0.043152089213793876,0.04411759487663773,0.1,0.1,0.1,0.09472576592066201,True,0.0,0.0
2026-08-24 11:10:19.565198,0.030501767780826555,0.021794497718346434,0.043152089213793876,0.04411759487663773,0.1,0.1,0.1,0.09472576592066201,True,0.0,0.0
2026-08-24 11:10:19.579142,0.030501767780826555,0.021794497718346434,0.043152089213793876,0.04411759487663773,0.1,0.1,0.1,0.09472576592066201,True,0.0,0.0
2026-08-24 11:10:19.597469,0.030501767780826555,0.021794497718346434,0.043152089213793876,0.04411759487663773,0.1,0.1,0.1,0.09472576592066201,True,0.0,0.0
2026-08-24 11:10:19.610614,0.030501767780826555,0.021794497718346434,0.043152089213793876,0.04411759487663773,0.1,0.1,0.1,0.09472576592066201,True,0.0,0.0
2026-08-24 11:10:19.664855,0.031436244230426534,0.022563145974298315,0.04412129867639509,0.0432920677733441,0.1,0.1,0.1,0.09679164474159957,True,0.0,0.0
2026-08-24 11:10:19.688251,0.03140077675476148,0.022563145974298315,0.04412129867639509,0.0432920677733441,0.1,0.1,0.1,0.09671183590964025,True,-5.0,5.0
2026-08-24 11:10:19.713091,0.03140077675476148,0.022563145974298315,0.04412129867639509,0.0432920677733441,0.1,0.1,0.1,0.09671183590964025,True,-5.0,5.0
2026-08-24 11:10:19.743035,0.030808660893006268,0.022563145974298315,0.04412129867639509,0.0432920677733441,0.1,0.1,0.1,0.0924177762151912,True,-5.0,5.0
2026-08-24 11:10:19.750908,0.029604684832799995,0.022563145974298315,0.04412129867639509,0.0432920677733441,0.1,0.1,0.1,0.08452013308057585,True,-5.0,5.0
2026-08-24 11:10:19.770254,0.029604684832799995,0.022563145974298315,0.04412129867639509,0.0432920677733441,0.1,0.1,0.1,0.08452013308057585,True,-5.0,5.0
2026-08-24 11:10:19.784789,0.02841080216546217,0.022563145974298315,0.04412129867639509,0.0432920677733441,0.1,0.1,0.1,0.07748200845754066,True,-5.0,5.0
2026-08-24 11:10:19.800107,0.02841080216546217,0.022563145974298315,0.04412129867639509,0.0432920677733441,0.1,0.1,0.1,0.07748200845754066,True,-5.0,5.0
2026-08-24 11:10:19.815292,0.027849508392763418,0.022563145974298315,0.04412129867639509,0.0432920677733441,0.1,0.1,0.1,0.07428235822356508,True,-5.0,5.0
2026-08-24 11:10:19.830087,0.02731179189037248,0.022563145974298315,0.04412129867639509,0.0432920677733441,0.1,0.1,0.1,0.07127777217952483,True,-5.0,5.0
2026-08-24 11:10:19.845670,0.026892175836967038,0.022563145974298315,0.04412129867639509,0.0432920677733441,0.1,0.1,0.1,0.06861389622085938,True,-5.0,5.0
2026-08-24 11:10:19.862751,0.026496729475724998,0.022563145974298315,0.04412129867639509,0.0432920677733441,0.1,0.1,0.1,0.06611365074129223,True,-5.0,5.0
2026-08-24 11:10:19.878056,0.025771495849380828,0.022563145974298315,0.04412129867639509,0.0432920677733441,0.1,0.1,0.1,0.06153316068733771,True,-5.0,5.0
2026-08-24 11:10:19.897879,0.025771495849380828,0.022563145974298315,0.04412129867639509,0.0432920677733441,0.1,0.1,0.1,0.06153316068733771,True,-5.0,5.0
2026-08-24 11:10:19.907107,0.025451370630447695,0.022563145974298315,0.04412129867639509,0.0432920677733441,0.1,0.1,0.1,0.05965727477891841,True,-5.0,5.0
2026-08-24 11:10:19.924256,0.025048324505295944,0.022563145974298315,0.04412129867639509,0.0432920677733441,0.1,0.1,0.1,0.05752661100010667,True,-5.0,5.0
2026-08-24 11:10:19.938174,0.024465123067690484,0.022563145974298315,0.04412129867639509,0.0432920677733441,0.1,0.1,0.1,0.05423601967226621,True,-5.0,5.0
2026-08-24 11:10:19.959014,0.024465123067690484,0.022563145974298315,0.04412129867639509,0.0432920677733441,0.1,0.1,0.1,0.05423601967226621,True,-5.0,5.0
2026-08-24 11:10:19.969881,0.023942906229273742,0.022563145974298315,0.04412129867639509,0.0432920677733441,0.1,0.1,0.1,0.05104827197719128,True,-5.0,5.0
2026-08-24 11:10:19.986578,0.023713290696237517,0.022563145974298315,0.04412129867639509,0.0432920677733441,0.1,0.1,0.1,0.04949172008707936,True,-5.0,5.0
2026-08-24 11:10:20.003480,0.023499097965632064,0.022563145974298315,0.04412129867639509,0.0432920677733441,0.1,0.1,0.1,0.04797929902286084,True,-5.0,5.0
2026-08-24 11:10:20.017340,0.023307064461708563,0.022563145974298315,0.04412129867639509,0.0432920677733441,0.1,0.1,0.1,0.046557988867307415,True,-5.0,5.0
2026-08-24 11:10:20.032765,0.023307064461708563,0.022563145974298315,0.04412129867639509,0.0432920677733441,0.1,0.1,0.1,0.046557988867307415,True,-5.0,5.0
2026-08-24 11:10:20.050618,0.02313747598340654,0.022563145974298315,0.04412129867639509,0.0432920677733441,0.1,0.1,0.1,0.04521772168679025,True,-5.0,5.0
2026-08-24 11:10:20.064451,0.022880941663025973,0.022563145974298315,0.04412129867639509,0.0432920677733441,0.1,0.1,0.1,0.04381115050176895,True,-5.0,5.0
2026-08-24 11:10:20.081516,0.022644352725381192,0.022563145974298315,0.04412129867639509,0.0432920677733441,0.1,0.1,0.1,0.0424845623630128,True,-5.0,5.0
2026-08-24 11:10:20.097154,0.022209001823025737,0.022563145974298315,0.04412129867639509,0.0432920677733441,0.1,0.1,0.1,0.03997874264451799,True,-5.0,5.0
2026-08-24 11:10:20.113803,0.022209001823025737,0.022563145974298315,0.04412129867639509,0.0432920677733441,0.1,0.1,0.1,0.03997874264451799,True,-5.0,5.0
2026-08-24 11:10:20.130277,0.022006199792641224,0.022563145974298315,0.04412129867639509,0.0432920677733441,0.1,0.1,0.1,0.038787147770804165,True,-5.0,5.0
2026-08-24 11:10:20.145417,0.021821942713611587,0.022563145974298315,0.04412129867639509,0.0432920677733441,0.1,0.1,0.1,0.036908257754089235,True,-5.0,5.0
2026-08-24 11:10:20.161303,0.021728033625878523,0.022563145974298315,0.04412129867639509,0.0432920677733441,0.1,0.1,0.1,0.036058453726777594,True,-5.0,5.0
2026-08-24 11:10:20.176573,0.021728033625878523,0.022563145974298315,0.04412129867639509,0.0432920677733441,0.1,0.1,0.1,0.036058453726777594,True,-5.0,5.0
2026-08-24 11:10:20.192098,0.021652383206038364,0.022563145974298315,0.04412129867639509,0.0432920677733441,0.1,0.1,0.1,0.0344123730541759,True,-5.0,5.0
2026-08-24 11:10:20.214925,0.02165866172218822,0.022563145974298315,0.04412129867639509,0.0432920677733441,0.1,0.1,0.1,0.033637174450598634,True,-5.0,5.0
2026-08-24 11:10:20.221926,0.021681466959859872,0.022563145974298315,0.04412129867639509,0.0432920677733441,0.1,0.1,0.1,0.032913646734273785,True,-5.0,5.0
2026-08-24 11:10:20.239216,0.021720060554471593,0.022563145974298315,0.04412129867639509,0.0432920677733441,0.1,0.1,0.1,0.032240267625990096,True,-5.0,5.0
2026-08-24 11:10:20.256026,0.021775991076829135,0.022563145974298315,0.04412129867639509,0.0432920677733441,0.1,0.1,0.1,0.031616415305770765,True,-5.0,5.0
2026-08-24 11:10:20.272148,0.02184484939580705,0.022563145974298315,0.04412129867639509,0.0432920677733441,0.1,0.1,0.1,0.03104691842521183,True,-5.0,5.0
2026-08-24 11:10:20.287552,0.021910477923484214,0.022563145974298315,0.04412129867639509,0.0432920677733441,0.1,0.1,0.1,0.03049724969303019,True,-5.0,5.0
2026-08-24 11:10:20.302847,0.02198461062296221,0.022563145974298315,0.04412129867639509,0.0432920677733441,0.1,0.1,0.1,0.029967488472312342,True,-5.0,5.0
2026-08-24 11:10:20.320303,0.02208994789533598,0.022563145974298315,0.04412129867639509,0.0432920677733441,0.1,0.1,0.1,0.029454220700588698,True,-5.0,5.0
2026-08-24 11:10:20.335112,0.02208994789533598,0.022563145974298315,0.04412129867639509,0.0432920677733441,0.1,0.1,0.1,0.029454220700588698,True,-5.0,5.0
2026-08-24 11:10:20.351061,0.022274555250265997,0.022563145974298315,0.04412129867639509,0.0432920677733441,0.1,0.1,0.1,0.02898269209097787,True,-5.0,5.0
2026-08-24 11:10:20.364907,0.02248098168596666,0.022563145974298315,0.04412129867639509,0.0432920677733441,0.1,0.1,0.1,0.028537485895426158,True,-5.0,5.0
2026-08-24 11:10:20.380897,0.022725123319114093,0.022563145974298315,0.04412129867639509,0.0432920677733441,0.1,0.1,0.1,0.028143948392756208,True,-5.0,5.0
2026-08-24 11:10:20.396586,0.022998247819752057,0.022563145974298315,0.04412129867639509,0.0432920677733441,0.1,0.1,0.1,0.02779571446091852,True,-5.0,5.0
2026-08-24 11:10:20.412554,0.023599999135405243,0.022563145974298315,0.04412129867639509,0.0432920677733441,0.1,0.1,0.1,0.027111676868408277,True,-5.0,5.0
2026-08-24 11:10:20.428208,0.023599999135405243,0.022563145974298315,0.04412129867639509,0.0432920677733441,0.1,0.1,0.1,0.027111676868408277,True,-5.0,5.0
2026-08-24 11:10:20.445999,0.023822132511466934,0.022563145974298315,0.04412129867639509,0.0432920677733441,0.1,0.1,0.1,0.02679117290458057,True,-5.0,5.0
2026-08-24 11:10:20.461780,0.024059402119557528,0.022563145974298315,0.04412129867639509,0.0432920677733441,0.1,0.1,0.1,0.02648956341347976,True,-5.0,5.0
2026-08-24 11:10:20.475696,0.024568856221790534,0.022563145974298315,0.04412129867639509,0.0432920677733441,0.1,0.1,0.1,0.025803479982165853,True,-5.0,5.0
2026-08-24 11:10:20.523116,0.02483408298667952,0.05322916071633441,0.04158910923554653,0.1,0.1,0.1,0.056748207332539005,0.025440675447705383,True,0.0,0.0
2026-08-24 11:10:20.567282,0.02487953612137745,0.05329814657165687,0.04158846880259818,0.1,0.1,0.1,0.05681327511946051,0.025485453991138537,True,0.0,0.0
2026-08-24 11:10:20.587169,0.02487953612137745,0.05329814657165687,0.04158846880259818,0.1,0.1,0.1,0.05681327511946051,0.025485453991138537,True,0.0,0.0
2026-08-24 11:10:20.602484,0.02487953612137745,0.05329814657165687,0.04158846880259818,0.1,0.1,0.1,0.05681327511946051,0.025485453991138537,True,0.0,0.0
2026-08-24 11:10:20.619775,0.02487953612137745,0.05329814657165687,0.04158846880259818,0.1,0.1,0.1,0.05681327511946051,0.025485453991138537,True,0.0,0.0
2026-08-24 11:10:20.636009,0.02487953612137745,0.05329814657165687,0.04158846880259818,0.1,0.1,0.1,0.05681327511946051,0.025485453991138537,True,0.0,0.0
2026-08-24 11:10:20.651174,0.02487953612137745,0.05329814657165687,0.04158846880259818,0.1,0.1,0.1,0.05681327511946051,0.025485453991138537,True,0.0,0.0
2026-08-24 11:10:20.667360,0.02487953612137745,0.05329814657165687,0.04158846880259818,0.1,0.1,0.1,0.05681327511946051,0.025485453991138537,True,0.0,0.0
2026-08-24 11:10:20.682357,0.02487953612137745,0.05329814657165687,0.04158846880259818,0.1,0.1,0.1,0.05681327511946051,0.025485453991138537,True,0.0,0.0
2026-08-24 11:10:20.699462,0.02487953612137745,0.05329814657165687,0.04158846880259818,0.1,0.1,0.1,0.05681327511946051,0.025485453991138537,True,0.0,0.0
2026-08-24 11:10:20.715035,0.02487953612137745,0.05329814657165687,0.04158846880259818,0.1,0.1,0.1,0.05681327511946051,0.025485453991138537,True,0.0,0.0
2026-08-24 11:10:20.729622,0.02487953612137745,0.05329814657165687,0.04158846880259818,0.1,0.1,0.1,0.05681327511946051,0.025485453991138537,True,0.0,0.0
2026-08-24 11:10:20.747115,0.02487953612137745,0.05329814657165687,0.04158846880259818,0.1,0.1,0.1,0.05681327511946051,0.025485453991138537,True,0.0,0.0
2026-08-24 11:10:20.762854,0.02487953612137745,0.05329814657165687,0.04158846880259818,0.1,0.1,0.1,0.05681327511946051,0.025485453991138537,True,0.0,0.0
2026-08-24 11:10:20.778368,0.02487953612137745,0.05329814657165687,0.04158846880259818,0.1,0.1,0.1,0.05681327511946051,0.025485453991138537,True,0.0,0.0
2026-08-24 11:10:20.794919,0.02487953612137745,0.05329814657165687,0.04158846880259818,0.1,0.1,0.1,0.05681327511946051,0.025485453991138537,True,0.0,0.0
2026-08-24 11:10:20.810859,0.02487953612137745,0.05329814657165687,0.04158846880259818,0.1,0.1,0.1,0.05681327511946051,0.025485453991138537,True,0.0,0.0
2026-08-24 11:10:20.826040,0.02487953612137745,0.05329814657165687,0.04158846880259818,0.1,0.1,0.1,0.05681327511946051,0.025485453991138537,True,0.0,0.0
2026-08-24 11:10:20.842797,0.02487953612137745,0.05329814657165687,0.04158846880259818,0.1,0.1,0.1,0.05681327511946051,0.025485453991138537,True,0.0,0.0
2026-08-24 11:10:20.856511,0.02487953612137745,0.05329814657165687,0.04158846880259818,0.1,0.1,0.1,0.05681327511946051,0.025485453991138537,True,0.0,0.0
2026-08-24 11:10:20.874019,0.02487953612137745,0.05329814657165687,0.04158846880259818,0.1,0.1,0.1,0.05681327511946051,0.025485453991138537,True,0.0,0.0
2026-08-24 11:10:20.890229,0.02487953612137745,0.05329814657165687,0.04158846880259818,0.1,0.1,0.1,0.05681327511946051,0.025485453991138537,True,0.0,0.0
2026-08-24 11:10:20.906238,0.02487953612137745,0.05329814657165687,0.04158846880259818,0.1,0.1,0.1,0.05681327511946051,0.025485453991138537,True,0.0,0.0
2026-08-24 11:10:20.920166,0.02487953612137745,0.05329814657165687,0.04158846880259818,0.1,0.1,0.1,0.05681327511946051,0.025485453991138537,True,0.0,0.0
2026-08-24 11:10:20.937365,0.02487953612137745,0.05329814657165687,0.04158846880259818,0.1,0.1,0.1,0.05681327511946051,0.025485453991138537,True,0.0,0.0
2026-08-24 11:10:20.982602,0.026076633723509914,0.05504885995775989,0.04155866037967232,0.1,0.1,0.1,0.05864777582856661,0.02669699261406161,True,0.0,0.0
2026-08-24 11:10:20.998460,0.0261308119408432,0.05504885995775989,0.04156031547725336,0.1,0.1,0.1,0.05864777582856661,0.026751971364868017,True,10,10
2026-08-24 11:10:21.023306,0.0261308119408432,0.05504885995775989,0.04156031547725336,0.1,0.1,0.1,0.05864777582856661,0.026751971364868017,True,10,10
2026-08-24 11:10:21.032903,0.02572078670730579,0.05504885995775989,0.04158489554787737,0.1,0.1,0.1,0.05864777582856661,0.0266715493252004,True,10,10
2026-08-24 11:10:21.047769,0.025274976931959667,0.05504885995775989,0.04162292513474085,0.1,0.1,0.1,0.05864777582856661,0.026577083088897918,True,10,10
2026-08-24 11:10:21.061535,0.024731613790111448,0.05504885995775989,0.04165339403878976,0.1,0.1,0.1,0.05864777582856661,0.02609918895785945,True,10,10
2026-08-24 11:10:21.088918,0.02406178961085982,0.05504885995775989,0.041671634563732865,0.1,0.1,0.1,0.05864777582856661,0.025317410993906456,True,10,10
2026-08-24 11:10:21.114140,0.02316842461787415,0.05504885995775989,0.04170662728377123,0.1,0.1,0.1,0.05864777582856661,0.024420042976416034,True,10,10
2026-08-24 11:10:21.131503,0.02224632715978172,0.05504885995775989,0.04175290462365885,0.1,0.1,0.1,0.05864777582856661,0.023478015139110298,True,10,10
2026-08-24 11:10:21.142404,0.02224632715978172,0.05504885995775989,0.04175290462365885,0.1,0.1,0.1,0.05864777582856661,0.023478015139110298,True,10,10
2026-08-24 11:10:21.158452,0.021303211972187215,0.05504885995775989,0.0418004942414182,0.1,0.1,0.1,0.05864777582856661,0.022515953594928736,True,10,10
2026-08-24 11:10:21.174426,0.01942004299784124,0.05504885995775989,0.04178124813896897,0.1,0.1,0.1,0.05864777582856661,0.02059213158947447,True,10,10
2026-08-24 11:10:21.190900,0.018481959292922918,0.05504885995775989,0.041835976453946794,0.1,0.1,0.1,0.05864777582856661,0.019633002129676627,True,10,10
2026-08-24 11:10:21.205796,0.018481959292922918,0.05504885995775989,0.041835976453946794,0.1,0.1,0.1,0.05864777582856661,0.019633002129676627,True,10,10
2026-08-24 11:10:21.221084,0.017541302328500253,0.05504885995775989,0.0418913396883719,0.1,0.1,0.1,0.05864777582856661,0.01867277739667082,True,10,10
2026-08-24 11:10:21.237720,0.01565247801132315,0.05504885995775989,0.04194527515077684,0.1,0.1,0.1,0.05864777582856661,0.01674572260539525,True,10,10
2026-08-24 11:10:21.255224,0.01565247801132315,0.05504885995775989,0.04194527515077684,0.1,0.1,0.1,0.05864777582856661,0.01674572260539525,True,10,10
2026-08-24 11:10:21.275711,0.014714360014512214,0.05504885995775989,0.04199006786606854,0.1,0.1,0.1,0.05864777582856661,0.015786267290744675,True,10,10
2026-08-24 11:10:21.283499,0.012833108782188197,0.05504885995775989,0.04208454578092085,0.1,0.1,0.1,0.05864777582856661,0.013865940817089504,True,10,10
2026-08-24 11:10:21.299424,0.012833108782188197,0.05504885995775989,0.04208454578092085,0.1,0.1,0.1,0.05864777582856661,0.013865940817089504,True,10,10
2026-08-24 11:10:21.315150,0.010951959747342007,0.05504885995775989,0.04206778923180976,0.1,0.1,0.1,0.05864777582856661,0.011944903715039265,True,10,10
2026-08-24 11:10:21.332334,0.010015111229381111,0.05504885995775989,0.042117376783640546,0.1,0.1,0.1,0.05864777582856661,0.010987193561131708,True,10,10
2026-08-24 11:10:21.349204,0.009076359429332404,0.05504885995775989,0.042171116766177234,0.1,0.1,0.1,0.05864777582856661,0.01002885659926846,True,10,10
2026-08-24 11:10:21.365068,0.009076359429332404,0.05504885995775989,0.042171116766177234,0.1,0.1,0.1,0.05864777582856661,0.01002885659926846,True,10,10
2026-08-24 11:10:21.380278,0.007192845039316744,0.05504885995775989,0.0422247179400784,0.1,0.1,0.1,0.05864777582856661,0.00810688906292315,True,10,10
2026-08-24 11:10:21.395613,0.007192845039316744,0.05504885995775989,0.0422247179400784,0.1,0.1,0.1,0.05864777582856661,0.00810688906292315,True,10,10
2026-08-24 11:10:21.412522,0.006257099548703499,0.05504885995775989,0.042269413975780434,0.1,0.1,0.1,0.05864777582856661,0.007150113811141902,True,10,10
2026-08-24 11:10:21.427816,0.004381193929276282,0.05504885995775989,0.04236363585281874,0.1,0.1,0.1,0.05864777582856661,0.005235131576986056,True,10,10
2026-08-24 11:10:21.448184,0.0034436216468693055,0.05504885995775989,0.04235740776473484,0.1,0.1,0.1,0.05864777582856661,0.004279000372383709,True,10,10
2026-08-24 11:10:21.467673,0.0034436216468693055,0.05504885995775989,0.04235740776473484,0.1,0.1,0.1,0.05864777582856661,0.004279000372383709,True,10,10
2026-08-24 11:10:21.491563,0.0015720702167193,0.05504885995775989,0.04239659744680098,0.1,0.1,0.1,0.05864777582856661,0.0023658921322448332,True,10,10
2026-08-24 11:10:21.507538,0.0015720702167193,0.05504885995775989,0.04239659744680098,0.1,0.1,0.1,0.05864777582856661,0.0023658921322448332,True,10,10
2026-08-24 11:10:21.521377,0.0019226445906016375,0.05504885995775989,0.04235492058832512,0.1,0.1,0.1,0.05864777582856661,0.0020654360603746774,True,10,10
2026-08-24 11:10:21.538486,0.0019226445906016375,0.05504885995775989,0.04235492058832512,0.1,0.1,0.1,0.05864777582856661,0.0020654360603746774,True,10,10
2026-08-24 11:10:21.556072,0.0029506338972724562,0.05504885995775989,0.04234066222830141,0.1,0.1,0.1,0.05864777582856661,0.0021223056185067143,True,10,10
2026-08-24 11:10:21.570219,0.003506957364413422,0.05504885995775989,0.04238233915949069,0.1,0.1,0.1,0.05864777582856661,0.0021786833147476596,True,10,10
2026-08-24 11:10:21.586686,0.003506957364413422,0.05504885995775989,0.04238233915949069,0.1,0.1,0.1,0.05864777582856661,0.0021786833147476596,True,10,10
2026-08-24 11:10:21.601633,0.004085643205970597,0.05504885995775989,0.04245690250581857,0.1,0.1,0.1,0.05864777582856661,0.0022466513729215653,True,10,10
2026-08-24 11:10:21.618414,0.004683267378101491,0.05504885995775989,0.042564707016122943,0.1,0.1,0.1,0.05864777582856661,0.0023223822991248724,True,10,10
2026-08-24 11:10:21.639184,0.005297316054482372,0.05504885995775989,0.042706176966195344,0.1,0.1,0.1,0.05864777582856661,0.002403201580274669,True,10,10
2026-08-24 11:10:21.649358,0.005926316895251423,0.05504885995775989,0.04288180015945792,0.1,0.1,0.1,0.05864777582856661,0.00248758667770234,True,10,10
2026-08-24 11:10:21.665228,0.007229349877589372,0.05504885995775989,0.04333772640782563,0.1,0.1,0.1,0.05864777582856661,0.002666702198710752,True,10,10
2026-08-24 11:10:21.680133,0.007906953146710732,0.05504885995775989,0.04361924319399324,0.1,0.1,0.1,0.05864777582856661,0.0027640964944870543,True,10,10
2026-08-24 11:10:21.697711,0.007906953146710732,0.05504885995775989,0.04361924319399324,0.1,0.1,0.1,0.05864777582856661,0.0027640964944870543,True,10,10
2026-08-24 11:10:21.712960,0.00933538404042865,0.05504885995775989,0.04429259608184749,0.1,0.1,0.1,0.05864777582856661,0.0029895673760707443,True,10,10
2026-08-24 11:10:21.727789,0.010100213153930488,0.05504885995775989,0.04468572392925112,0.1,0.1,0.1,0.05864777582856661,0.0031269126676103107,True,10,10
2026-08-24 11:10:21.744089,0.010100213153930488,0.05504885995775989,0.04468572392925112,0.1,0.1,0.1,0.05864777582856661,0.0031269126676103107,True,10,10
2026-08-24 11:10:21.764980,0.010799214885269763,0.05504885995775989,0.045022866980486576,0.1,0.1,0.1,0.05864777582856661,0.003244250921089715,True,10,10
2026-08-24 11:10:21.774743,0.00865170006178123,0.05504885995775989,0.044425101324786526,0.1,0.1,0.1,0.05864777582856661,0.0016315608239770036,True,10,10
2026-08-24 11:10:21.797037,0.00865170006178123,0.05504885995775989,0.044425101324786526,0.1,0.1,0.1,0.05864777582856661,0.0016315608239770036,True,10,10
2026-08-24 11:10:21.806686,0.007612762972279422,0.05504885995775989,0.044116034790517025,0.1,0.1,0.1,0.05864777582856661,0.0,True,10,10
2026-08-24 11:10:21.821001,0.006358291509528494,0.05504885995775989,0.04343062594516628,0.1,0.1,0.1,0.05864777582856661,0.0,True,10,10
2026-08-24 11:10:21.840439,0.006358291509528494,0.05504885995775989,0.04343062594516628,0.1,0.1,0.1,0.05864777582856661,0.0,True,10,10
2026-08-24 11:10:21.853785,0.005896803055540024,0.05504885995775989,0.04266493703766541,0.1,0.1,0.1,0.05864777582856661,0.0,True,10,10
2026-08-24 11:10:21.870207,0.00554684595091518,0.05504885995775989,0.042292971361524184,0.1,0.1,0.1,0.05864777582856661,0.0,True,10,10
2026-08-24 11:10:21.886163,0.004997625455719551,0.05504885995775989,0.041860264312289425,0.1,0.1,0.1,0.05864777582856661,0.0,True,10,10
2026-08-24 11:10:21.905510,0.004997625455719551,0.05504885995775989,0.041860264312289425,0.1,0.1,0.1,0.05864777582856661,0.0,True,10,10
2026-08-24 11:10:21.917895,0.004408207276298848,0.05504885995775989,0.04148672110569633,0.1,0.1,0.1,0.05864777582856661,0.0,True,10,10
2026-08-24 11:10:21.933713,0.0038525729242174915,0.05504885995775989,0.04116446757976121,0.1,0.1,0.1,0.05864777582856661,0.0,True,10,10
2026-08-24 11:10:21.948668,0.0035112076417323453,0.05504885995775989,0.04090458071848266,0.1,0.1,0.1,0.05864777582856661,0.0,True,10,10
2026-08-24 11:10:21.966642,0.002674792360504614,0.05504885995775989,0.0404233411085169,0.1,0.1,0.1,0.05864777582856661,0.0,True,10,10
2026-08-24 11:10:21.980192,0.002674792360504614,0.05504885995775989,0.0404233411085169,0.1,0.1,0.1,0.05864777582856661,0.0,True,10,10
2026-08-24 11:10:21.996877,0.002404514417891,0.05504885995775989,0.04025466241085207,0.1,0.1,0.1,0.05864777582856661,0.0011640468822991222,True,10,10
2026-08-24 11:10:22.013787,0.0020937399972662885,0.05504885995775989,0.04013987850996334,0.1,0.1,0.1,0.05864777582856661,0.00153257947524243,True,10,10
2026-08-24 11:10:22.029692,0.0017876250182109908,0.05504885995775989,0.040119115097198337,0.1,0.1,0.1,0.05864777582856661,0.0019221158488797498,True,10,10
2026-08-24 11:10:22.046950,0.0014905798306235332,0.05504885995775989,0.04019766633678848,0.1,0.1,0.1,0.05864777582856661,0.0023375720205483603,True,10,10
2026-08-24 11:10:22.061906,0.0,0.05504885995775989,0.04064520236503853,0.1,0.1,0.1,0.05864777582856661,0.002819389927738362,True,10,10
2026-08-24 11:10:22.079646,0.0,0.05504885995775989,0.04064520236503853,0.1,0.1,0.1,0.05864777582856661,0.002819389927738362,True,10,10
2026-08-24 11:10:22.094025,0.0,0.05504885995775989,0.04079130641119339,0.1,0.1,0.1,0.05864777582856661,0.002963809649835231,True,10,10
2026-08-24 11:10:22.110259,0.0,0.05504885995775989,0.041123811917619386,0.1,0.1,0.1,0.05864777582856661,0.003402870869613757,True,10,10
2026-08-24 11:10:22.126082,0.0,0.05504885995775989,0.04135806118718294,0.1,0.1,0.1,0.05864777582856661,0.0034843179039385054,True,10,10
2026-08-24 11:10:22.139715,0.0,0.05504885995775989,0.04135806118718294,0.1,0.1,0.1,0.05864777582856661,0.0034843179039385054,True,10,10
2026-08-24 11:10:22.155412,0.0,0.05504885995775989,0.04138204746860636,0.1,0.1,0.1,0.05864777582856661,0.0032192772160454203,True,10,10
2026-08-24 11:10:22.171097,0.0010914737578548758,0.05504885995775989,0.041501129399762124,0.1,0.1,0.1,0.05864777582856661,0.0028698201783089157,True,10,10
2026-08-24 11:10:22.188183,0.0010914737578548758,0.05504885995775989,0.041501129399762124,0.1,0.1,0.1,0.05864777582856661,0.0028698201783089157,True,10,10
2026-08-24 11:10:22.202991,0.0013925249259443854,0.05504885995775989,0.04159735056258478,0.1,0.1,0.1,0.05864777582856661,0.002764611364710489,True,10,10
2026-08-24 11:10:22.221071,0.0017019326060871258,0.05504885995775989,0.04171725639453001,0.1,0.1,0.1,0.05864777582856661,0.0026651344558867485,True,10,10
2026-08-24 11:10:22.235567,0.002338102681790757,0.05504885995775989,0.04202912805233025,0.1,0.1,0.1,0.05864777582856661,0.0024738203618522494,True,10,10
2026-08-24 11:10:22.251691,0.002338102681790757,0.05504885995775989,0.04202912805233025,0.1,0.1,0.1,0.05864777582856661,0.0024738203618522494,True,10,10
2026-08-24 11:10:22.269318,0.0029948523113901768,0.05504885995775989,0.04243955105854062,0.1,0.1,0.1,0.05864777582856661,0.0022887144146089187,True,10,10
2026-08-24 11:10:22.285020,0.0029948523113901768,0.05504885995775989,0.04243955105854062,0.1,0.1,0.1,0.05864777582856661,0.0022887144146089187,True,10,10
2026-08-24 11:10:22.298306,0.0031867567304883038,0.05504885995775989,0.04257997337793426,0.1,0.1,0.1,0.05864777582856661,0.002138430202379462,True,10,10
2026-08-24 11:10:22.316777,0.0030849921042977258,0.05504885995775989,0.04269639902940947,0.1,0.1,0.1,0.05864777582856661,0.0016304053264822368,True,10,10
2026-08-24 11:10:22.332356,0.0030849921042977258,0.05504885995775989,0.04269639902940947,0.1,0.1,0.1,0.05864777582856661,0.0016304053264822368,True,10,10
2026-08-24 11:10:22.347987,0.0026631853133315137,0.05504885995775989,0.04264360402644214,0.1,0.1,0.1,0.05864777582856661,0.001516732529063285,True,10,10
2026-08-24 11:10:22.361834,0.0023973516875442965,0.05504885995775989,0.04260985151029611,0.1,0.1,0.1,0.05864777582856661,0.001622433181661194,True,10,10
2026-08-24 11:10:22.377670,0.0017565719539924599,0.05504885995775989,0.04268037463234304,0.1,0.1,0.1,0.05864777582856661,0.0021364748698993736,True,10,10
2026-08-24 11:10:22.396485,0.0017565719539924599,0.05504885995775989,0.04268037463234304,0.1,0.1,0.1,0.05864777582856661,0.0021364748698993736,True,10,10
2026-08-24 11:10:22.412104,0.0010496108629429947,0.05504885995775989,0.04305421842631418,0.1,0.1,0.1,0.05864777582856661,0.0028050532064673823,True,10,10
2026-08-24 11:10:22.426978,0.0010496108629429947,0.05504885995775989,0.04305421842631418,0.1,0.1,0.1,0.05864777582856661,0.0028050532064673823,True,10,10
2026-08-24 11:10:22.441532,0.0,0.05504885995775989,0.04340192590466793,0.1,0.1,0.1,0.05864777582856661,0.0028586352771333965,True,10,10
2026-08-24 11:10:22.457511,0.0,0.05504885995775989,0.043477018689107375,0.1,0.1,0.1,0.05864777582856661,0.002930991273140812,True,10,10
2026-08-24 11:10:22.474918,0.0,0.05504885995775989,0.04355916248542889,0.1,0.1,0.1,0.05864777582856661,0.002968473416731162,True,10,10
2026-08-24 11:10:22.492293,0.0,0.05504885995775989,0.04355916248542889,0.1,0.1,0.1,0.05864777582856661,0.002968473416731162,True,10,10
2026-08-24 11:10:22.507523,0.0,0.05504885995775989,0.043640839356421164,0.1,0.1,0.1,0.05864777582856661,0.0029723474461903158,True,10,10
2026-08-24 11:10:22.521334,0.001264524501188444,0.05504885995775989,0.04348558845629246,0.1,0.1,0.1,0.05864777582856661,0.0025237121059729184,True,10,10
2026-08-24 11:10:22.539268,0.0016307139374511738,0.05504885995775989,0.0434163513912101,0.1,0.1,0.1,0.05864777582856661,0.002215921174368631,True,10,10
2026-08-24 11:10:22.553637,0.0016307139374511738,0.05504885995775989,0.0434163513912101,0.1,0.1,0.1,0.05864777582856661,0.002215921174368631,True,10,10
2026-08-24 11:10:22.570843,0.002011283797722328,0.05504885995775989,0.04338850683163015,0.1,0.1,0.1,0.05864777582856661,0.001902680181714806,True,10,10
2026-08-24 11:10:22.587178,0.002414291708503052,0.05504885995775989,0.04340382573556778,0.1,0.1,0.1,0.05864777582856661,0.0015965423442543256,True,10,10
2026-08-24 11:10:22.603662,0.0033306947697167785,0.05504885995775989,0.04363757290491211,0.1,0.1,0.1,0.05864777582856661,0.0010623321464136198,True,10,10
2026-08-24 11:10:22.619798,0.003848501950156646,0.05504885995775989,0.04383417996185079,0.1,0.1,0.1,0.05864777582856661,0.0,True,10,10
2026-08-24 11:10:22.633131,0.003848501950156646,0.05504885995775989,0.04383417996185079,0.1,0.1,0.1,0.05864777582856661,0.0,True,10,10
2026-08-24 11:10:22.651387,0.004011745618129835,0.05504885995775989,0.04384482655726954,0.1,0.1,0.1,0.05864777582856661,0.0,True,10,10
2026-08-24 11:10:22.666584,0.0037386070640097174,0.05504885995775989,0.043569625482324764,0.1,0.1,0.1,0.05864777582856661,0.0,True,10,10
2026-08-24 11:10:22.682515,0.0033383030499909492,0.05504885995775989,0.043288838646875716,0.1,0.1,0.1,0.05864777582856661,0.0,True,10,10
2026-08-24 11:10:22.698497,0.0028974978584532744,0.05504885995775989,0.043061127572747424,0.1,0.1,0.1,0.05864777582856661,0.0,True,10,10
2026-08-24 11:10:22.713099,0.0025914642679118697,0.05504885995775989,0.042889411787896264,0.1,0.1,0.1,0.05864777582856661,0.0013008834852856505,True,10,10
2026-08-24 11:10:22.729195,0.0022614629430761563,0.05504885995775989,0.04281026808571366,0.1,0.1,0.1,0.05864777582856661,0.0016674846660780487,True,10,10
2026-08-24 11:10:22.742899,0.001959584387165361,0.05504885995775989,0.0427843291025956,0.1,0.1,0.1,0.05864777582856661,0.002064531868611484,True,10,10
2026-08-24 11:10:22.761433,0.0016649614867463509,0.05504885995775989,0.0428598424307272,0.1,0.1,0.1,0.05864777582856661,0.002486035464236916,True,10,10
2026-08-24 11:10:22.775463,0.0013814312089329775,0.05504885995775989,0.04304269003547817,0.1,0.1,0.1,0.05864777582856661,0.002937289848631733,True,10,10
2026-08-24 11:10:22.792949,0.0,0.05504885995775989,0.043702695021499684,0.1,0.1,0.1,0.05864777582856661,0.003961387151288326,True,10,10
2026-08-24 11:10:22.808546,0.0,0.05504885995775989,0.0441098996744709,0.1,0.1,0.1,0.05864777582856661,0.004146223414289803,True,10,10
2026-08-24 11:10:22.821720,0.0,0.05504885995775989,0.0441098996744709,0.1,0.1,0.1,0.05864777582856661,0.004146223414289803,True,10,10
2026-08-24 11:10:22.837665,0.0,0.05504885995775989,0.044102868698231656,0.1,0.1,0.1,0.05864777582856661,0.003697090168733948,True,10,10
2026-08-24 11:10:22.853709,0.0,0.05504885995775989,0.044102868698231656,0.1,0.1,0.1,0.05864777582856661,0.003697090168733948,True,10,10
2026-08-24 11:10:22.870623,0.0011037196935714325,0.05504885995775989,0.04388151617739974,0.1,0.1,0.1,0.05864777582856661,0.002891830030434997,True,10,10
2026-08-24 11:10:22.886120,0.001471256390786651,0.05504885995775989,0.04381059544444302,0.1,0.1,0.1,0.05864777582856661,0.0026078751210732807,True,10,10
2026-08-24 11:10:22.901015,0.0018514896624304772,0.05504885995775989,0.04377744006412026,0.1,0.1,0.1,0.05864777582856661,0.0023191759367351115,True,10,10
2026-08-24 11:10:22.916680,0.0022476881631606957,0.05504885995775989,0.0437840540825016,0.1,0.1,0.1,0.05864777582856661,0.0020295568870698616,True,10,10
2026-08-24 11:10:22.933244,0.0022476881631606957,0.05504885995775989,0.0437840540825016,0.1,0.1,0.1,0.05864777582856661,0.0020295568870698616,True,10,10
2026-08-24 11:10:22.948758,0.003103689459276853,0.05504885995775989,0.04392454425062957,0.1,0.1,0.1,0.05864777582856661,0.0014623194728324732,True,10,10
2026-08-24 11:10:22.965967,0.003103689459276853,0.05504885995775989,0.04392454425062957,0.1,0.1,0.1,0.05864777582856661,0.0014623194728324732,True,10,10
2026-08-24 11:10:22.980799,0.0035844040407239323,0.05504885995775989,0.04408874682963376,0.1,0.1,0.1,0.05864777582856661,0.0012147554071482293,True,10,10
2026-08-24 11:10:22.998558,0.004102825841533416,0.05504885995775989,0.04430636209760061,0.1,0.1,0.1,0.05864777582856661,0.0,True,10,10
2026-08-24 11:10:23.013853,0.004665239667534125,0.05504885995775989,0.04458871235817151,0.1,0.1,0.1,0.05864777582856661,0.0,True,10,10
2026-08-24 11:10:23.037399,0.0052830581828281625,0.05504885995775989,0.04493338405976173,0.1,0.1,0.1,0.05864777582856661,0.0,True,10,10
2026-08-24 11:10:23.045612,0.0059786268723928705,0.05504885995775989,0.04511362781969824,0.1,0.1,0.1,0.05864777582856661,0.0,True,10,10
2026-08-24 11:10:23.062451,0.0055721863644948915,0.05504885995775989,0.04460696537680031,0.1,0.1,0.1,0.05864777582856661,0.0,True,10,10
2026-08-24 11:10:23.082319,0.0055721863644948915,0.05504885995775989,0.04460696537680031,0.1,0.1,0.1,0.05864777582856661,0.0,True,10,10
2026-08-24 11:10:23.096301,0.00514881628949382,0.05504885995775989,0.04415989855961511,0.1,0.1,0.1,0.05864777582856661,0.0,True,10,10
2026-08-24 11:10:23.112073,0.004315721202423879,0.05504885995775989,0.04337366465175794,0.1,0.1,0.1,0.05864777582856661,0.0,True,10,10
2026-08-24 11:10:23.128447,0.004315721202423879,0.05504885995775989,0.04337366465175794,0.1,0.1,0.1,0.05864777582856661,0.0,True,10,10
2026-08-24 11:10:23.142919,0.0038791976510459676,0.05504885995775989,0.04307715214732826,0.1,0.1,0.1,0.05864777582856661,0.0011628255181351445,True,10,10
2026-08-24 11:10:23.155629,0.0034306164175317644,0.05504885995775989,0.04285032152380467,0.1,0.1,0.1,0.05864777582856661,0.0013237334225303626,True,10,10
2026-08-24 11:10:23.172489,0.003018220350526712,0.05504885995775989,0.04268607830374613,0.1,0.1,0.1,0.05864777582856661,0.0015679946262675795,True,10,10
2026-08-24 11:10:23.189826,0.002653996154443331,0.05504885995775989,0.04260540290766478,0.1,0.1,0.1,0.05864777582856661,0.0019118082490505205,True,10,10
2026-08-24 11:10:23.203928,0.0023180584884060227,0.05504885995775989,0.0425675686806245,0.1,0.1,0.1,0.05864777582856661,0.0022836890116156383,True,10,10
2026-08-24 11:10:23.218803,0.0019864121371809167,0.05504885995775989,0.04263088696105172,0.1,0.1,0.1,0.05864777582856661,0.0026748789806545206,True,10,10
2026-08-24 11:10:23.234472,0.0013527329685777596,0.05504885995775989,0.0430844108946509,0.1,0.1,0.1,0.05864777582856661,0.003536128717762363,True,10,10
2026-08-24 11:10:23.252334,0.0013527329685777596,0.05504885995775989,0.0430844108946509,0.1,0.1,0.1,0.05864777582856661,0.003536128717762363,True,10,10
2026-08-24 11:10:23.268219,0.0,0.05504885995775989,0.04389317430602149,0.1,0.1,0.1,0.05864777582856661,0.00457134171904274,True,10,10
2026-08-24 11:10:23.284610,0.0,0.05504885995775989,0.04449672978127859,0.1,0.1,0.1,0.05864777582856661,0.005170239952670869,True,10,10
2026-08-24 11:10:23.303057,0.0,0.05504885995775989,0.045199461067942176,0.1,0.1,0.1,0.05864777582856661,0.005837664825578422,True,10,10
2026-08-24 11:10:23.320609,0.0,0.05504885995775989,0.045947864943311593,0.1,0.1,0.1,0.05864777582856661,0.006385599717570938,True,10,10
2026-08-24 11:10:23.330559,0.0,0.05504885995775989,0.045574637955036745,0.1,0.1,0.1,0.05864777582856661,0.005900428499784966,True,10,10
2026-08-24 11:10:23.346806,0.0,0.05504885995775989,0.045574637955036745,0.1,0.1,0.1,0.05864777582856661,0.005900428499784966,True,10,10
2026-08-24 11:10:23.361609,0.0,0.05504885995775989,0.04520958855661637,0.1,0.1,0.1,0.05864777582856661,0.00539746394449733,True,10,10
2026-08-24 11:10:23.377326,0.0,0.05504885995775989,0.044865785384311366,0.1,0.1,0.1,0.05864777582856661,0.004886923840009454,True,10,10
2026-08-24 11:10:23.397243,0.0,0.05504885995775989,0.04454573912342901,0.1,0.1,0.1,0.05864777582856661,0.004369983862176263,True,10,10
2026-08-24 11:10:23.412353,0.0,0.05504885995775989,0.04425209359960954,0.1,0.1,0.1,0.05864777582856661,0.003848628441488042,True,10,10
2026-08-24 11:10:23.427188,0.001270612570477168,0.05504885995775989,0.043807591205081514,0.1,0.1,0.1,0.05864777582856661,0.0028888619443237316,True,10,10
2026-08-24 11:10:23.442703,0.001614291157722456,0.05504885995775989,0.04362692470446894,0.1,0.1,0.1,0.05864777582856661,0.0024887471806207422,True,10,10
2026-08-24 11:10:23.459685,0.001614291157722456,0.05504885995775989,0.04362692470446894,0.1,0.1,0.1,0.05864777582856661,0.0024887471806207422,True,10,10
2026-08-24 11:10:23.472516,0.0023802541943459183,0.05504885995775989,0.04343455263775921,0.1,0.1,0.1,0.05864777582856661,0.0017312680373582343,True,10,10
2026-08-24 11:10:23.490313,0.0023802541943459183,0.05504885995775989,0.04343455263775921,0.1,0.1,0.1,0.05864777582856661,0.0017312680373582343,True,10,10
2026-08-24 11:10:23.506373,0.002827264829829965,0.05504885995775989,0.04345656794243802,0.1,0.1,0.1,0.05864777582856661,0.001407774300552141,True,10,10
2026-08-24 11:10:23.521301,0.0028025634313297515,0.05504885995775989,0.04326141430428323,0.1,0.1,0.1,0.05864777582856661,0.0011270981894858183,True,10,10
2026-08-24 11:10:23.538728,0.0025892246687065088,0.05504885995775989,0.043087815582911866,0.1,0.1,0.1,0.05864777582856661,0.0013666709686774624,True,10,10
2026-08-24 11:10:23.552477,0.0023394295663535683,0.05504885995775989,0.04295345431075706,0.1,0.1,0.1,0.05864777582856661,0.001675231552435391,True,10,10
2026-08-24 11:10:23.567936,0.0023394295663535683,0.05504885995775989,0.04295345431075706,0.1,0.1,0.1,0.05864777582856661,0.001675231552435391,True,10,10
2026-08-24 11:10:23.585800,0.0017810717139712631,0.05504885995775989,0.04291002909142356,0.1,0.1,0.1,0.05864777582856661,0.002391878331444373,True,10,10
2026-08-24 11:10:23.599279,0.0017810717139712631,0.05504885995775989,0.04291002909142356,0.1,0.1,0.1,0.05864777582856661,0.002391878331444373,True,10,10
2026-08-24 11:10:23.617179,0.001521982817492335,0.05504885995775989,0.042975340998225114,0.1,0.1,0.1,0.05864777582856661,0.0027846633745232034,True,10,10
2026-08-24 11:10:23.632212,0.0012655298127389318,0.05504885995775989,0.04313565283924634,0.1,0.1,0.1,0.05864777582856661,0.0032003683347573315,True,10,10
2026-08-24 11:10:23.647108,0.0,0.05504885995775989,0.04375930140761135,0.1,0.1,0.1,0.05864777582856661,0.004117619144299008,True,10,10
2026-08-24 11:10:23.663068,0.0,0.05504885995775989,0.04375930140761135,0.1,0.1,0.1,0.05864777582856661,0.004117619144299008,True,10,10
2026-08-24 11:10:23.679215,0.0,0.05504885995775989,0.04425022188579189,0.1,0.1,0.1,0.05864777582856661,0.00471773574469047,True,10,10
2026-08-24 11:10:23.695111,0.0,0.05504885995775989,0.04482265930610843,0.1,0.1,0.1,0.05864777582856661,0.005378603299954991,True,10,10
2026-08-24 11:10:23.713527,0.0,0.05504885995775989,0.04577851046695376,0.1,0.1,0.1,0.05864777582856661,0.006149840758071408,True,10,10
2026-08-24 11:10:23.730532,0.0,0.05504885995775989,0.04553770954829933,0.1,0.1,0.1,0.05864777582856661,0.00571521473908487,True,10,10
2026-08-24 11:10:23.760790,0.0,0.05504885995775989,0.04527121610571639,0.1,0.1,0.1,0.05864777582856661,0.005291698799792287,True,10,10
2026-08-24 11:10:23.776822,0.0,0.05504885995775989,0.04527121610571639,0.1,0.1,0.1,0.05864777582856661,0.005291698799792287,True,10,10
2026-08-24 11:10:23.792319,0.0,0.05504885995775989,0.04481862686807908,0.1,0.1,0.1,0.05864777582856661,0.004430956582528156,True,10,10
2026-08-24 11:10:23.808227,0.001088704493351112,0.05504885995775989,0.04463059386517044,0.1,0.1,0.1,0.05864777582856661,0.003993446175759425,True,10,10
2026-08-24 11:10:23.825530,0.001088704493351112,0.05504885995775989,0.04463059386517044,0.1,0.1,0.1,0.05864777582856661,0.003993446175759425,True,10,10
2026-08-24 11:10:23.839998,0.0014764849760662679,0.05504885995775989,0.044305992267169136,0.1,0.1,0.1,0.05864777582856661,0.003127004260127103,True,10,10
2026-08-24 11:10:23.855911,0.0014764849760662679,0.05504885995775989,0.044305992267169136,0.1,0.1,0.1,0.05864777582856661,0.003127004260127103,True,10,10
2026-08-24 11:10:23.870049,0.0021807818647053396,0.05504885995775989,0.04409331094900336,0.1,0.1,0.1,0.05864777582856661,0.002404402719502227,True,10,10
2026-08-24 11:10:23.887171,0.0025708463396000186,0.05504885995775989,0.04407377796743194,0.1,0.1,0.1,0.05864777582856661,0.002075013334251485,True,10,10
2026-08-24 11:10:23.901517,0.00298451437178434,0.05504885995775989,0.04410183026209069,0.1,0.1,0.1,0.05864777582856661,0.0017528966302844695,True,10,10
2026-08-24 11:10:23.919324,0.0034275895921297723,0.05504885995775989,0.04418181045515917,0.1,0.1,0.1,0.05864777582856661,0.0014424577154662941,True,10,10
2026-08-24 11:10:23.936792,0.003906969112710679,0.05504885995775989,0.04431806927960624,0.1,0.1,0.1,0.05864777582856661,0.00114867719289544,True,10,10
2026-08-24 11:10:23.950964,0.0044401680457932064,0.05504885995775989,0.04453746969169204,0.1,0.1,0.1,0.05864777582856661,0.0,True,10,10
2026-08-24 11:10:23.964832,0.005029342315873228,0.05504885995775989,0.04482369529995351,0.1,0.1,0.1,0.05864777582856661,0.0,True,10,10
2026-08-24 11:10:23.988366,0.005685089938215524,0.05504885995775989,0.04518340204999893,0.1,0.1,0.1,0.05864777582856661,0.0,True,10,10
2026-08-24 11:10:24.005219,0.005685089938215524,0.05504885995775989,0.04518340204999893,0.1,0.1,0.1,0.05864777582856661,0.0,True,10,10
2026-08-24 11:10:24.013549,0.00572022699650831,0.05504885995775989,0.044906569089656456,0.1,0.1,0.1,0.05864777582856661,0.0,True,10,10
2026-08-24 11:10:24.037082,0.00572022699650831,0.05504885995775989,0.044906569089656456,0.1,0.1,0.1,0.05864777582856661,0.0,True,10,10
2026-08-24 11:10:24.046151,0.0054707257123552885,0.05504885995775989,0.044447985317257924,0.1,0.1,0.1,0.05864777582856661,0.0,True,10,10
2026-08-24 11:10:24.063301,0.005038360327134282,0.05504885995775989,0.043658875935995795,0.1,0.1,0.1,0.05864777582856661,0.0012267460740041506,True,10,10
2026-08-24 11:10:24.078571,0.005038360327134282,0.05504885995775989,0.043658875935995795,0.1,0.1,0.1,0.05864777582856661,0.0012267460740041506,True,10,10
2026-08-24 11:10:24.092932,0.004661738265884045,0.05504885995775989,0.04303611591132256,0.1,0.1,0.1,0.05864777582856661,0.0018749584422104257,True,10,10
2026-08-24 11:10:24.109941,0.004661738265884045,0.05504885995775989,0.04303611591132256,0.1,0.1,0.1,0.05864777582856661,0.0018749584422104257,True,10,10
2026-08-24 11:10:24.124464,0.00412456816359963,0.05504885995775989,0.042534253829748854,0.1,0.1,0.1,0.05864777582856661,0.0024698560793537266,True,10,10
2026-08-24 11:10:24.140635,0.003693057739211807,0.05504885995775989,0.04240599616717364,0.1,0.1,0.1,0.05864777582856661,0.0027031354497323917,True,10,10
2026-08-24 11:10:24.156510,0.003693057739211807,0.05504885995775989,0.04240599616717364,0.1,0.1,0.1,0.05864777582856661,0.0027031354497323917,True,10,10
2026-08-24 11:10:24.172461,0.003257505056491755,0.05504885995775989,0.042363568287396805,0.1,0.1,0.1,0.05864777582856661,0.0029415916241051507,True,10,10
2026-08-24 11:10:24.186302,0.00241902514586685,0.05504885995775989,0.04250921598589556,0.1,0.1,0.1,0.05864777582856661,0.0034647275287978795,True,10,10
2026-08-24 11:10:24.203465,0.0020221189117701293,0.05504885995775989,0.04270579925534759,0.1,0.1,0.1,0.05864777582856661,0.00376059833994169,True,10,10
2026-08-24 11:10:24.220634,0.0016356936368912382,0.05504885995775989,0.04300691347545868,0.1,0.1,0.1,0.05864777582856661,0.004081698829420494,True,10,10
2026-08-24 11:10:24.235623,0.0016356936368912382,0.05504885995775989,0.04300691347545868,0.1,0.1,0.1,0.05864777582856661,0.004081698829420494,True,10,10
2026-08-24 11:10:24.251585,0.0,0.05504885995775989,0.043898116556073744,0.1,0.1,0.1,0.05864777582856661,0.00483943172543534,True,10,10
2026-08-24 11:10:24.266048,0.0,0.05504885995775989,0.04450504860358148,0.1,0.1,0.1,0.05864777582856661,0.005294166359832251,True,10,10
2026-08-24 11:10:24.289525,0.0,0.05504885995775989,0.04450504860358148,0.1,0.1,0.1,0.05864777582856661,0.005294166359832251,True,10,10
2026-08-24 11:10:24.305633,0.0,0.05504885995775989,0.04524527627682396,0.1,0.1,0.1,0.05864777582856661,0.005809586554456962,True,10,10
2026-08-24 11:10:24.314239,0.0,0.05504885995775989,0.04514634686471064,0.1,0.1,0.1,0.05864777582856661,0.005391678011367547,True,10,10
2026-08-24 11:10:24.330526,0.0,0.05504885995775989,0.0447351789647759,0.1,0.1,0.1,0.05864777582856661,0.004601699566316779,True,10,10
2026-08-24 11:10:24.350231,0.0,0.05504885995775989,0.0447351789647759,0.1,0.1,0.1,0.05864777582856661,0.004601699566316779,True,10,10
2026-08-24 11:10:24.364098,0.0011246922089304134,0.05504885995775989,0.04437950907245328,0.1,0.1,0.1,0.05864777582856661,0.0037589987602765795,True,10,10
2026-08-24 11:10:24.378331,0.0011246922089304134,0.05504885995775989,0.04437950907245328,0.1,0.1,0.1,0.05864777582856661,0.0037589987602765795,True,10,10
2026-08-24 11:10:24.394074,0.0012805680259968838,0.05504885995775989,0.04422805878198581,0.1,0.1,0.1,0.05864777582856661,0.0033183920105634224,True,10,10
2026-08-24 11:10:24.409095,0.0015944674433796676,0.05504885995775989,0.04411587777305613,0.1,0.1,0.1,0.05864777582856661,0.002973672541488801,True,10,10
2026-08-24 11:10:24.426230,0.0022851383165944125,0.05504885995775989,0.04400642070301679,0.1,0.1,0.1,0.05864777582856661,0.002287687681758223,True,10,10
2026-08-24 11:10:24.442691,0.0026532994879887267,0.05504885995775989,0.04401261765168862,0.1,0.1,0.1,0.05864777582856661,0.0019465823584262313,True,10,10
2026-08-24 11:10:24.457342,0.0030425418349945294,0.05504885995775989,0.04406405390964154,0.1,0.1,0.1,0.05864777582856661,0.0016121597480416349,True,10,10
2026-08-24 11:10:24.472654,0.0030425418349945294,0.05504885995775989,0.04406405390964154,0.1,0.1,0.1,0.05864777582856661,0.0016121597480416349,True,10,10
2026-08-24 11:10:24.487064,0.0034727034148996382,0.05504885995775989,0.044179618471801026,0.1,0.1,0.1,0.05864777582856661,0.0013145231855774958,True,10,10
2026-08-24 11:10:24.505003,0.003938298534473963,0.05504885995775989,0.04434756528261932,0.1,0.1,0.1,0.05864777582856661,0.0010300538252458712,True,10,10
2026-08-24 11:10:24.521050,0.004456350953277072,0.05504885995775989,0.04458228114035376,0.1,0.1,0.1,0.05864777582856661,0.0,True,10,10
2026-08-24 11:10:24.536342,0.00585951244696147,0.05504885995775989,0.045342738380268366,0.1,0.1,0.1,0.05864777582856661,0.0,True,10,10
2026-08-24 11:10:24.555884,0.006346378666718964,0.05504885995775989,0.04556841923555249,0.1,0.1,0.1,0.05864777582856661,0.0,True,10,10
2026-08-24 11:10:24.567904,0.006132246368053644,0.05504885995775989,0.0450463926084662,0.1,0.1,0.1,0.05864777582856661,0.0,True,10,10
2026-08-24 11:10:24.583396,0.006132246368053644,0.05504885995775989,0.0450463926084662,0.1,0.1,0.1,0.05864777582856661,0.0,True,10,10
2026-08-24 11:10:24.603922,0.00592978888599938,0.05504885995775989,0.04456583385486941,0.1,0.1,0.1,0.05864777582856661,0.0,True,10,10
2026-08-24 11:10:24.615779,0.005746065078577273,0.05504885995775989,0.044123212750243244,0.1,0.1,0.1,0.05864777582856661,0.0,True,10,10
2026-08-24 11:10:24.630989,0.005413373213958206,0.05504885995775989,0.04335065391595506,0.1,0.1,0.1,0.05864777582856661,0.0015570866508497708,True,10,10
2026-08-24 11:10:24.648562,0.004981146986140146,0.05504885995775989,0.04301026300213471,0.1,0.1,0.1,0.05864777582856661,0.0017344784444719163,True,10,10
2026-08-24 11:10:24.667701,0.004533614810248166,0.05504885995775989,0.0427407929387047,0.1,0.1,0.1,0.05864777582856661,0.0019056017699473457,True,10,10
2026-08-24 11:10:24.678335,0.004533614810248166,0.05504885995775989,0.0427407929387047,0.1,0.1,0.1,0.05864777582856661,0.0019056017699473457,True,10,10
2026-08-24 11:10:24.696083,0.0036568993765482404,0.05504885995775989,0.042338946497970785,0.1,0.1,0.1,0.05864777582856661,0.0022662334883422446,True,10,10
2026-08-24 11:10:24.710593,0.0036568993765482404,0.05504885995775989,0.042338946497970785,0.1,0.1,0.1,0.05864777582856661,0.0022662334883422446,True,10,10
2026-08-24 11:10:24.726976,0.0027402358937079468,0.05504885995775989,0.04224379318360105,0.1,0.1,0.1,0.05864777582856661,0.0026218715526862297,True,10,10
2026-08-24 11:10:24.741436,0.002275385326084298,0.05504885995775989,0.04232246519848522,0.1,0.1,0.1,0.05864777582856661,0.002803676114737589,True,10,10
2026-08-24 11:10:24.758736,0.002275385326084298,0.05504885995775989,0.04232246519848522,0.1,0.1,0.1,0.05864777582856661,0.002803676114737589,True,10,10
2026-08-24 11:10:24.773994,0.0018380573608961746,0.05504885995775989,0.04244308662215998,0.1,0.1,0.1,0.05864777582856661,0.0030095349969280253,True,10,10
2026-08-24 11:10:24.790341,0.0014176207777498843,0.05504885995775989,0.04265927392879476,0.1,0.1,0.1,0.05864777582856661,0.0032558114519094456,True,10,10
2026-08-24 11:10:24.806376,0.0010358534889998606,0.05504885995775989,0.04298269300069739,0.1,0.1,0.1,0.05864777582856661,0.0035810656475524618,True,10,10
2026-08-24 11:10:24.820516,0.0,0.05504885995775989,0.043423638182954555,0.1,0.1,0.1,0.05864777582856661,0.0041939592355777515,True,10,10
2026-08-24 11:10:24.834429,0.0,0.05504885995775989,0.04465411016762319,0.1,0.1,0.1,0.05864777582856661,0.005714389511878376,True,10,10
2026-08-24 11:10:24.854489,0.0,0.05504885995775989,0.04465411016762319,0.1,0.1,0.1,0.05864777582856661,0.005714389511878376,True,10,10
2026-08-24 11:10:24.866470,0.0,0.05504885995775989,0.04639015222043025,0.1,0.1,0.1,0.05864777582856661,0.007339741180673246,True,10,10
2026-08-24 11:10:24.887091,0.0,0.05504885995775989,0.04639015222043025,0.1,0.1,0.1,0.05864777582856661,0.007339741180673246,True,10,10
2026-08-24 11:10:24.899239,0.0,0.05504885995775989,0.046591582913447616,0.1,0.1,0.1,0.05864777582856661,0.006958555266517716,True,10,10
2026-08-24 11:10:24.916741,0.0,0.05504885995775989,0.04625998198094724,0.1,0.1,0.1,0.05864777582856661,0.006581333420809821,True,10,10
2026-08-24 11:10:24.930699,0.0,0.05504885995775989,0.045680626817921746,0.1,0.1,0.1,0.05864777582856661,0.0058071662459383815,True,10,10
2026-08-24 11:10:24.948649,0.0,0.05504885995775989,0.04543125428263866,0.1,0.1,0.1,0.05864777582856661,0.0054112569263233285,True,10,10
2026-08-24 11:10:24.963793,0.0,0.05504885995775989,0.04543125428263866,0.1,0.1,0.1,0.05864777582856661,0.0054112569263233285,True,10,10
2026-08-24 11:10:24.982297,0.0011705342442812781,0.05504885995775989,0.0451978224436585,0.1,0.1,0.1,0.05864777582856661,0.004998817876463806,True,10,10
2026-08-24 11:10:24.994861,0.0013595159854394325,0.05504885995775989,0.04498272761280708,0.1,0.1,0.1,0.05864777582856661,0.004569780995485914,True,10,10
2026-08-24 11:10:25.010642,0.001718138321157321,0.05504885995775989,0.04461846468726441,0.1,0.1,0.1,0.05864777582856661,0.003666367891813094,True,10,10
2026-08-24 11:10:25.027881,0.001718138321157321,0.05504885995775989,0.04461846468726441,0.1,0.1,0.1,0.05864777582856661,0.003666367891813094,True,10,10
2026-08-24 11:10:25.044339,0.0019057237692200494,0.05504885995775989,0.04448743904745569,0.1,0.1,0.1,0.05864777582856661,0.0032238156680238386,True,10,10
2026-08-24 11:10:25.060032,0.002495573636390455,0.05504885995775989,0.04431909566598298,0.1,0.1,0.1,0.05864777582856661,0.0024338165371902074,True,10,10
2026-08-24 11:10:25.071802,0.002852490174364503,0.05504885995775989,0.04429989423543317,0.1,0.1,0.1,0.05864777582856661,0.002064135775457031,True,10,10
2026-08-24 11:10:25.089762,0.002852490174364503,0.05504885995775989,0.04429989423543317,0.1,0.1,0.1,0.05864777582856661,0.002064135775457031,True,10,10
2026-08-24 11:10:25.105445,0.0032281438906750742,0.05504885995775989,0.044329437089835,0.1,0.1,0.1,0.05864777582856661,0.0017014101198902605,True,10,10
2026-08-24 11:10:25.121337,0.004093025473508221,0.05504885995775989,0.04456602804822482,0.1,0.1,0.1,0.05864777582856661,0.0010600295495709422,True,10,10
2026-08-24 11:10:25.137236,0.00474624273631543,0.05504885995775989,0.044802686319879485,0.1,0.1,0.1,0.05864777582856661,0.0,True,10,10
2026-08-24 11:10:25.153109,0.005451555229431897,0.05504885995775989,0.04513604872576625,0.1,0.1,0.1,0.05864777582856661,0.0,True,10,10
2026-08-24 11:10:25.170960,0.005451555229431897,0.05504885995775989,0.04513604872576625,0.1,0.1,0.1,0.05864777582856661,0.0,True,10,10
2026-08-24 11:10:25.184846,0.007122056241888573,0.05504885995775989,0.046098870010859445,0.1,0.1,0.1,0.05864777582856661,0.0,True,10,10
2026-08-24 11:10:25.199144,0.007122056241888573,0.05504885995775989,0.046098870010859445,0.1,0.1,0.1,0.05864777582856661,0.0,True,10,10
2026-08-24 11:10:25.215607,0.008112317839374831,0.05504885995775989,0.04673156988827898,0.1,0.1,0.1,0.05864777582856661,0.0,True,10,10
2026-08-24 11:10:25.229422,0.007907834592212988,0.05504885995775989,0.046440088786244484,0.1,0.1,0.1,0.05864777582856661,0.0,True,10,10
2026-08-24 11:10:25.247155,0.007907834592212988,0.05504885995775989,0.046440088786244484,0.1,0.1,0.1,0.05864777582856661,0.0,True,10,10
2026-08-24 11:10:25.263080,0.007187775599730548,0.05504885995775989,0.04579433444691511,0.1,0.1,0.1,0.05864777582856661,0.0,True,10,10
2026-08-24 11:10:25.279289,0.0059223512116998,0.05504885995775989,0.04456329294114117,0.1,0.1,0.1,0.05864777582856661,0.0,True,10,10
2026-08-24 11:10:25.298100,0.005297375237978423,0.05504885995775989,0.044082043115991947,0.1,0.1,0.1,0.05864777582856661,0.0,True,10,10
2026-08-24 11:10:25.311630,0.004714164592068156,0.05504885995775989,0.04365113370240961,0.1,0.1,0.1,0.05864777582856661,0.0,True,10,10
2026-08-24 11:10:25.332786,0.004714164592068156,0.05504885995775989,0.04365113370240961,0.1,0.1,0.1,0.05864777582856661,0.0,True,10,10
2026-08-24 11:10:25.356931,0.004140358031216213,0.05504885995775989,0.04331556327052676,0.1,0.1,0.1,0.05864777582856661,0.0,True,10,10
2026-08-24 11:10:25.370880,0.003038581779038908,0.05504885995775989,0.04294791876466189,0.1,0.1,0.1,0.05864777582856661,0.001375314298944435,True,10,10
2026-08-24 11:10:25.388685,0.003038581779038908,0.05504885995775989,0.04294791876466189,0.1,0.1,0.1,0.05864777582856661,0.001375314298944435,True,10,10
2026-08-24 11:10:25.405437,0.0024325173174046554,0.05504885995775989,0.042871352482939884,0.1,0.1,0.1,0.05864777582856661,0.0014420877048080605,True,10,10
2026-08-24 11:10:25.421823,0.0030286672261892376,0.05504885995775989,0.04298716261862579,0.1,0.1,0.1,0.05864777582856661,0.0015306576174315169,True,10,10
2026-08-24 11:10:25.436653,0.003340578344999433,0.05504885995775989,0.043058225194711114,0.1,0.1,0.1,0.05864777582856661,0.0015833885711410804,True,10,10
2026-08-24 11:10:25.450530,0.003340578344999433,0.05504885995775989,0.043058225194711114,0.1,0.1,0.1,0.05864777582856661,0.0015833885711410804,True,10,10
2026-08-24 11:10:25.469989,0.003658054152760409,0.05504885995775989,0.04313802881236872,0.1,0.1,0.1,0.05864777582856661,0.0016380817874269522,True,10,10
2026-08-24 11:10:25.481862,0.0042906464264103735,0.05504885995775989,0.04332443715411898,0.1,0.1,0.1,0.05864777582856661,0.0017364292356043872,True,10,10
2026-08-24 11:10:25.498704,0.0045986129117511435,0.05504885995775989,0.04343134578069167,0.1,0.1,0.1,0.05864777582856661,0.00177424254920985,True,10,10
2026-08-24 11:10:25.515050,0.0048980428837589966,0.05504885995775989,0.04354759759084724,0.1,0.1,0.1,0.05864777582856661,0.0018023921130497231,True,10,10
2026-08-24 11:10:25.532415,0.00518817641908415,0.05504885995775989,0.04367334514431088,0.1,0.1,0.1,0.05864777582856661,0.0018206889987890257,True,10,10
2026-08-24 11:10:25.553591,0.00518817641908415,0.05504885995775989,0.04367334514431088,0.1,0.1,0.1,0.05864777582856661,0.0018206889987890257,True,10,10
2026-08-24 11:10:25.564768,0.005469533089600284,0.05504885995775989,0.04380873328474394,0.1,0.1,0.1,0.05864777582856661,0.0018300495741082402,True,10,10
2026-08-24 11:10:25.579169,0.00574397741833594,0.05504885995775989,0.04395389428205965,0.1,0.1,0.1,0.05864777582856661,0.0018324804500245758,True,10,10
2026-08-24 11:10:25.595773,0.006014770030642914,0.05504885995775989,0.04410894306578908,0.1,0.1,0.1,0.05864777582856661,0.0018310502321813125,True,10,10
2026-08-24 11:10:25.610824,0.006286606499293037,0.05504885995775989,0.044273972217781676,0.1,0.1,0.1,0.05864777582856661,0.0018298519230136208,True,10,10
2026-08-24 11:10:25.626495,0.006859565968347698,0.05504885995775989,0.044634196507446246,0.1,0.1,0.1,0.05864777582856661,0.0018494019978463512,True,10,10
2026-08-24 11:10:25.642983,0.006184544681113581,0.05504885995775989,0.04456031100815709,0.1,0.1,0.1,0.05864777582856661,0.0011055771351220832,True,10,10
2026-08-24 11:10:25.657886,0.005249912239485361,0.05504885995775989,0.04430110049504016,0.1,0.1,0.1,0.05864777582856661,0.0,True,10,10
2026-08-24 11:10:25.672002,0.005219090008853368,0.05504885995775989,0.0441215815850291,0.1,0.1,0.1,0.05864777582856661,0.0,True,10,10
2026-08-24 11:10:25.689454,0.005219090008853368,0.05504885995775989,0.0441215815850291,0.1,0.1,0.1,0.05864777582856661,0.0,True,10,10
2026-08-24 11:10:25.711802,0.00469329485166538,0.05504885995775989,0.04367897149212565,0.1,0.1,0.1,0.05864777582856661,0.0,True,10,10
2026-08-24 11:10:25.736559,0.003625629970759324,0.05504885995775989,0.04301150479204963,0.1,0.1,0.1,0.05864777582856661,0.0,True,10,10
2026-08-24 11:10:25.754268,0.003625629970759324,0.05504885995775989,0.04301150479204963,0.1,0.1,0.1,0.05864777582856661,0.0,True,10,10
2026-08-24 11:10:25.768934,0.0026451964888292556,0.05504885995775989,0.04266357389492753,0.1,0.1,0.1,0.05864777582856661,0.0012746393553617376,True,10,10
2026-08-24 11:10:25.784026,0.0022397007939513967,0.05504885995775989,0.04259895928398236,0.1,0.1,0.1,0.05864777582856661,0.0016094826494237498,True,10,10
2026-08-24 11:10:25.802127,0.002264952714819669,0.05504885995775989,0.04262163148093993,0.1,0.1,0.1,0.05864777582856661,0.001603867236115198,True,10,10
2026-08-24 11:10:25.814543,0.0023437670424485417,0.05504885995775989,0.04265057648399108,0.1,0.1,0.1,0.05864777582856661,0.0015676356461999967,True,10,10
2026-08-24 11:10:25.833604,0.00245261085440923,0.05504885995775989,0.04268522407128079,0.1,0.1,0.1,0.05864777582856661,0.0014853456270664375,True,10,10
2026-08-24 11:10:25.845416,0.00245261085440923,0.05504885995775989,0.04268522407128079,0.1,0.1,0.1,0.05864777582856661,0.0014853456270664375,True,10,10
2026-08-24 11:10:25.862028,0.002590408730237757,0.05504885995775989,0.04272689813396885,0.1,0.1,0.1,0.05864777582856661,0.0013585990828225002,True,10,10
2026-08-24 11:10:25.875754,0.0032801524125931343,0.05504885995775989,0.04307766841983581,0.1,0.1,0.1,0.05864777582856661,0.0,True,10,10
2026-08-24 11:10:25.894348,0.00388555193511724,0.05504885995775989,0.04333936864378486,0.1,0.1,0.1,0.05864777582856661,0.0,True,10,10
2026-08-24 11:10:25.909480,0.00388555193511724,0.05504885995775989,0.04333936864378486,0.1,0.1,0.1,0.05864777582856661,0.0,True,10,10
2026-08-24 11:10:25.925332,0.00521016893838022,0.05504885995775989,0.04407402260752755,0.1,0.1,0.1,0.05864777582856661,0.0,True,10,10
2026-08-24 11:10:25.944370,0.005911935419982818,0.05504885995775989,0.044593167121886865,0.1,0.1,0.1,0.05864777582856661,0.0,True,10,10
2026-08-24 11:10:25.954846,0.005911935419982818,0.05504885995775989,0.044593167121886865,0.1,0.1,0.1,0.05864777582856661,0.0,True,10,10
2026-08-24 11:10:25.972094,0.006255945772461422,0.05504885995775989,0.04464631631951385,0.1,0.1,0.1,0.05864777582856661,0.0,True,10,10
2026-08-24 11:10:25.987865,0.005341361630676389,0.05504885995775989,0.04368871658977683,0.1,0.1,0.1,0.05864777582856661,0.0,True,10,10
2026-08-24 11:10:26.004760,0.004866766569506813,0.05504885995775989,0.04326299401549043,0.1,0.1,0.1,0.05864777582856661,0.0,True,10,10
2026-08-24 11:10:26.024524,0.004866766569506813,0.05504885995775989,0.04326299401549043,0.1,0.1,0.1,0.05864777582856661,0.0,True,10,10
2026-08-24 11:10:26.036398,0.003886892317692147,0.05504885995775989,0.04261855901262079,0.1,0.1,0.1,0.05864777582856661,0.0,True,10,10
2026-08-24 11:10:26.050255,0.003886892317692147,0.05504885995775989,0.04261855901262079,0.1,0.1,0.1,0.05864777582856661,0.0,True,10,10
2026-08-24 11:10:26.068908,0.0029923952627283756,0.05504885995775989,0.04217622669454061,0.1,0.1,0.1,0.05864777582856661,0.0014215124579244204,True,10,10
2026-08-24 11:10:26.083573,0.00261115491799232,0.05504885995775989,0.04207210606807163,0.1,0.1,0.1,0.05864777582856661,0.00176532871358721,True,10,10
2026-08-24 11:10:26.099845,0.00261115491799232,0.05504885995775989,0.04207210606807163,0.1,0.1,0.1,0.05864777582856661,0.00176532871358721,True,10,10
2026-08-24 11:10:26.114871,0.0022350781272177885,0.05504885995775989,0.042065563153745905,0.1,0.1,0.1,0.05864777582856661,0.0021270575899910624,True,10,10
2026-08-24 11:10:26.133308,0.0018702778906757593,0.05504885995775989,0.04216488337290693,0.1,0.1,0.1,0.05864777582856661,0.002512476765946705,True,10,10
2026-08-24 11:10:26.147838,0.0015472251985102169,0.05504885995775989,0.04232776208869002,0.1,0.1,0.1,0.05864777582856661,0.0029412691557708856,True,10,10
2026-08-24 11:10:26.163220,0.0,0.05504885995775989,0.04301735775046841,0.1,0.1,0.1,0.05864777582856661,0.003923484552737221,True,10,10
2026-08-24 11:10:26.180155,0.0,0.05504885995775989,0.043556739397689705,0.1,0.1,0.1,0.05864777582856661,0.004495384775699705,True,10,10
2026-08-24 11:10:26.195435,0.0,0.05504885995775989,0.04384212463967458,0.1,0.1,0.1,0.05864777582856661,0.004430175795143438,True,10,10
2026-08-24 11:10:26.210836,0.0,0.05504885995775989,0.04384212463967458,0.1,0.1,0.1,0.05864777582856661,0.004430175795143438,True,10,10
2026-08-24 11:10:26.227606,0.0,0.05504885995775989,0.04363126548973848,0.1,0.1,0.1,0.05864777582856661,0.003993731368334522,True,10,10
2026-08-24 11:10:26.243506,0.0,0.05504885995775989,0.043437218771834485,0.1,0.1,0.1,0.05864777582856661,0.003546657124197142,True,10,10
2026-08-24 11:10:26.260423,0.0,0.05504885995775989,0.04328790347289451,0.1,0.1,0.1,0.05864777582856661,0.003117745467546654,True,10,10
2026-08-24 11:10:26.273779,0.001339987856018422,0.05504885995775989,0.04313844867466482,0.1,0.1,0.1,0.05864777582856661,0.002781469929436533,True,10,10
2026-08-24 11:10:26.290984,0.0020849466052996705,0.05504885995775989,0.042960555970351234,0.1,0.1,0.1,0.05864777582856661,0.00211703889542905,True,10,10
2026-08-24 11:10:26.308475,0.002490448189271352,0.05504885995775989,0.04293901351297353,0.1,0.1,0.1,0.05864777582856661,0.0017967797583887052,True,10,10
2026-08-24 11:10:26.322672,0.002490448189271352,0.05504885995775989,0.04293901351297353,0.1,0.1,0.1,0.05864777582856661,0.0017967797583887052,True,10,10
2026-08-24 11:10:26.338448,0.002933871215155018,0.05504885995775989,0.04300112015820463,0.1,0.1,0.1,0.05864777582856661,0.0015083913895086569,True,10,10
2026-08-24 11:10:26.353172,0.0034140470958284536,0.05504885995775989,0.04311572817183591,0.1,0.1,0.1,0.05864777582856661,0.0012349667862309908,True,10,10
2026-08-24 11:10:26.368660,0.0039387406163305825,0.05504885995775989,0.043287707940335145,0.1,0.1,0.1,0.05864777582856661,0.0,True,10,10
2026-08-24 11:10:26.386182,0.0035584419555758397,0.05504885995775989,0.04298948805724703,0.1,0.1,0.1,0.05864777582856661,0.0,True,10,10
2026-08-24 11:10:26.401020,0.003282847058152161,0.05504885995775989,0.042762507592341646,0.1,0.1,0.1,0.05864777582856661,0.0010258756196845533,True,10,10
2026-08-24 11:10:26.416144,0.003282847058152161,0.05504885995775989,0.042762507592341646,0.1,0.1,0.1,0.05864777582856661,0.0010258756196845533,True,10,10
2026-08-24 11:10:26.431042,0.0030471830196608417,0.05504885995775989,0.04257960305465041,0.1,0.1,0.1,0.05864777582856661,0.0013272218613786342,True,10,10
2026-08-24 11:10:26.448034,0.0026288695923115763,0.05504885995775989,0.04234215851028088,0.1,0.1,0.1,0.05864777582856661,0.0019824546872153083,True,10,10
2026-08-24 11:10:26.464464,0.002441331491944774,0.05504885995775989,0.042286617704063764,0.1,0.1,0.1,0.05864777582856661,0.0023326000310275037,True,10,10
2026-08-24 11:10:26.479530,0.002267106347745453,0.05504885995775989,0.04227261523573021,0.1,0.1,0.1,0.05864777582856661,0.0026970059725215916,True,10,10
2026-08-24 11:10:26.495000,0.0021068923622899424,0.05504885995775989,0.042299764577489705,0.1,0.1,0.1,0.05864777582856661,0.003076540961764878,True,10,10
2026-08-24 11:10:26.513375,0.0021068923622899424,0.05504885995775989,0.042299764577489705,0.1,0.1,0.1,0.05864777582856661,0.003076540961764878,True,10,10
2026-08-24 11:10:26.527567,0.0016302201856204887,0.05504885995775989,0.04257617946926336,0.1,0.1,0.1,0.05864777582856661,0.0038193856886271013,True,10,10
2026-08-24 11:10:26.544750,0.0013066620808747514,0.05504885995775989,0.04288763695780264,0.1,0.1,0.1,0.05864777582856661,0.0041939525622591645,True,10,10
2026-08-24 11:10:26.561398,0.0,0.05504885995775989,0.043308602456573156,0.1,0.1,0.1,0.05864777582856661,0.004603963876509955,True,10,10
2026-08-24 11:10:26.573218,0.0,0.05504885995775989,0.04384490430499288,0.1,0.1,0.1,0.05864777582856661,0.005057443125717719,True,10,10
2026-08-24 11:10:26.593831,0.0,0.05504885995775989,0.044366255911669955,0.1,0.1,0.1,0.05864777582856661,0.0053813094875757965,True,10,10
2026-08-24 11:10:26.603949,0.0,0.05504885995775989,0.044366255911669955,0.1,0.1,0.1,0.05864777582856661,0.0053813094875757965,True,10,10
2026-08-24 11:10:26.627867,0.0,0.05504885995775989,0.044105627771233495,0.1,0.1,0.1,0.05864777582856661,0.004930579889309204,True,10,10
2026-08-24 11:10:26.638016,0.0,0.05504885995775989,0.04385736266606213,0.1,0.1,0.1,0.05864777582856661,0.004464375064469886,True,10,10
2026-08-24 11:10:26.653926,0.0,0.05504885995775989,0.043626175226743925,0.1,0.1,0.1,0.05864777582856661,0.003988650143841624,True,10,10
2026-08-24 11:10:26.669914,0.0,0.05504885995775989,0.04341902062213965,0.1,0.1,0.1,0.05864777582856661,0.0035031556801262548,True,10,10
2026-08-24 11:10:26.686003,0.0010707783744874323,0.05504885995775989,0.04323395713678996,0.1,0.1,0.1,0.05864777582856661,0.0030117904435396597,True,10,10
2026-08-24 11:10:26.701248,0.0018288231709805908,0.05504885995775989,0.04293896736560097,0.1,0.1,0.1,0.05864777582856661,0.002310247231361723,True,10,10
2026-08-24 11:10:26.716594,0.0022472016609319427,0.05504885995775989,0.042881415598745726,0.1,0.1,0.1,0.05864777582856661,0.001981512230741177,True,10,10
2026-08-24 11:10:26.732658,0.0022472016609319427,0.05504885995775989,0.042881415598745726,0.1,0.1,0.1,0.05864777582856661,0.001981512230741177,True,10,10
2026-08-24 11:10:26.747270,0.0026969368654757627,0.05504885995775989,0.042877746731851685,0.1,0.1,0.1,0.05864777582856661,0.001667701123728389,True,10,10
2026-08-24 11:10:26.762756,0.003185024639019287,0.05504885995775989,0.04293201764367961,0.1,0.1,0.1,0.05864777582856661,0.0013737243705515669,True,10,10
2026-08-24 11:10:26.778634,0.003726106435723363,0.05504885995775989,0.04308534387332336,0.1,0.1,0.1,0.05864777582856661,0.0011218110788102636,True,10,10
2026-08-24 11:10:26.794906,0.003609108639529985,0.05504885995775989,0.04302218311682179,0.1,0.1,0.1,0.05864777582856661,0.0,True,10,10
2026-08-24 11:10:26.808922,0.003489264330555801,0.05504885995775989,0.04291294674647552,0.1,0.1,0.1,0.05864777582856661,0.0,True,10,10
2026-08-24 11:10:26.826568,0.003422399036278688,0.05504885995775989,0.042760056145059094,0.1,0.1,0.1,0.05864777582856661,0.0,True,10,10
2026-08-24 11:10:26.842580,0.0027045801478562358,0.05504885995775989,0.04228801631627771,0.1,0.1,0.1,0.05864777582856661,0.001201950801214567,True,10,10
2026-08-24 11:10:26.857633,0.0027045801478562358,0.05504885995775989,0.04228801631627771,0.1,0.1,0.1,0.05864777582856661,0.001201950801214567,True,10,10
2026-08-24 11:10:26.873635,0.002397189516016531,0.05504885995775989,0.0421621242171669,0.1,0.1,0.1,0.05864777582856661,0.0015822566308332999,True,10,10
2026-08-24 11:10:26.890061,0.0020938524560349127,0.05504885995775989,0.04213126086867816,0.1,0.1,0.1,0.05864777582856661,0.0019812205244067074,True,10,10
2026-08-24 11:10:26.905940,0.0015301627969626233,0.05504885995775989,0.04232203685396345,0.1,0.1,0.1,0.05864777582856661,0.002859874843522788,True,10,10
2026-08-24 11:10:26.921797,0.0012752084552471743,0.05504885995775989,0.04255418859307295,0.1,0.1,0.1,0.05864777582856661,0.003351835375869259,True,10,10
2026-08-24 11:10:26.937688,0.0012752084552471743,0.05504885995775989,0.04255418859307295,0.1,0.1,0.1,0.05864777582856661,0.003351835375869259,True,10,10
2026-08-24 11:10:26.951506,0.0,0.05504885995775989,0.043376392603252836,0.1,0.1,0.1,0.05864777582856661,0.004469526625950757,True,10,10
2026-08-24 11:10:26.967640,0.0,0.05504885995775989,0.04377772055176739,0.1,0.1,0.1,0.05864777582856661,0.004680906899990627,True,10,10
2026-08-24 11:10:26.984773,0.0,0.05504885995775989,0.04356949045342077,0.1,0.1,0.1,0.05864777582856661,0.004235310745183356,True,10,10
2026-08-24 11:10:27.001382,0.0,0.05504885995775989,0.04356949045342077,0.1,0.1,0.1,0.05864777582856661,0.004235310745183356,True,10,10
2026-08-24 11:10:27.015759,0.0,0.05504885995775989,0.043180813423154135,0.1,0.1,0.1,0.05864777582856661,0.003322972394355056,True,10,10
2026-08-24 11:10:27.032419,0.0,0.05504885995775989,0.04301285598850396,0.1,0.1,0.1,0.05864777582856661,0.0028557217507318875,True,10,10
2026-08-24 11:10:27.047781,0.0,0.05504885995775989,0.04301285598850396,0.1,0.1,0.1,0.05864777582856661,0.0028557217507318875,True,10,10
2026-08-24 11:10:27.061469,0.0013575923987759,0.05504885995775989,0.04288413079546373,0.1,0.1,0.1,0.05864777582856661,0.0025270633313896947,True,10,10
2026-08-24 11:10:27.077271,0.001745332460884807,0.05504885995775989,0.042797588152131534,0.1,0.1,0.1,0.05864777582856661,0.00220243529529252,True,10,10
2026-08-24 11:10:27.094614,0.0021572287603370956,0.05504885995775989,0.0427570967142152,0.1,0.1,0.1,0.05864777582856661,0.0018864211929153147,True,10,10
2026-08-24 11:10:27.111566,0.0025986479575582015,0.05504885995775989,0.04276663522828814,0.1,0.1,0.1,0.05864777582856661,0.001582965059597839,True,10,10
2026-08-24 11:10:27.125263,0.0034583763355558145,0.05504885995775989,0.043001769300890384,0.1,0.1,0.1,0.05864777582856661,0.0,True,10,10
2026-08-24 11:10:27.143120,0.0034583763355558145,0.05504885995775989,0.043001769300890384,0.1,0.1,0.1,0.05864777582856661,0.0,True,10,10
2026-08-24 11:10:27.157691,0.0030251861087681885,0.05504885995775989,0.042634717338495394,0.1,0.1,0.1,0.05864777582856661,0.0,True,10,10
2026-08-24 11:10:27.175092,0.0028617481059553707,0.05504885995775989,0.04246039951886854,0.1,0.1,0.1,0.05864777582856661,0.0011738827659534936,True,10,10
2026-08-24 11:10:27.188044,0.002576490515538408,0.05504885995775989,0.04227407990519577,0.1,0.1,0.1,0.05864777582856661,0.0015228953903098927,True,10,10
2026-08-24 11:10:27.204014,0.002286843006847408,0.05504885995775989,0.042170909512633255,0.1,0.1,0.1,0.05864777582856661,0.001884685260366208,True,10,10
2026-08-24 11:10:27.219826,0.00199733613419371,0.05504885995775989,0.04215649759621642,0.1,0.1,0.1,0.05864777582856661,0.0022627001719008567,True,10,10
2026-08-24 11:10:27.236836,0.00199733613419371,0.05504885995775989,0.04215649759621642,0.1,0.1,0.1,0.05864777582856661,0.0022627001719008567,True,10,10
2026-08-24 11:10:27.253285,0.001429703182486774,0.05504885995775989,0.04241481262467008,0.1,0.1,0.1,0.05864777582856661,0.003080629032401922,True,10,10
2026-08-24 11:10:27.268774,0.001429703182486774,0.05504885995775989,0.04241481262467008,0.1,0.1,0.1,0.05864777582856661,0.003080629032401922,True,10,10
2026-08-24 11:10:27.283297,0.0,0.05504885995775989,0.04299000144671308,0.1,0.1,0.1,0.05864777582856661,0.004031425885296943,True,10,10
2026-08-24 11:10:27.300997,0.0,0.05504885995775989,0.04299000144671308,0.1,0.1,0.1,0.05864777582856661,0.004031425885296943,True,10,10
2026-08-24 11:10:27.317010,0.0,0.05504885995775989,0.04345070120170207,0.1,0.1,0.1,0.05864777582856661,0.004568964495711077,True,10,10
2026-08-24 11:10:27.339387,0.0,0.05504885995775989,0.04403570349200992,0.1,0.1,0.1,0.05864777582856661,0.005159230347913159,True,10,10
2026-08-24 11:10:27.346564,0.0,0.05504885995775989,0.044611043806530915,0.1,0.1,0.1,0.05864777582856661,0.006062148036523666,True,10,10
2026-08-24 11:10:27.364478,0.0,0.05504885995775989,0.04447594539356438,0.1,0.1,0.1,0.05864777582856661,0.005476162938569583,True,10,10
2026-08-24 11:10:27.379486,0.0,0.05504885995775989,0.044191936966694115,0.1,0.1,0.1,0.05864777582856661,0.005020475587574187,True,10,10
2026-08-24 11:10:27.400744,0.0,0.05504885995775989,0.04392333355746804,0.1,0.1,0.1,0.05864777582856661,0.004554308914156176,True,10,10
2026-08-24 11:10:27.409854,0.0,0.05504885995775989,0.043672914691727405,0.1,0.1,0.1,0.05864777582856661,0.004079165743523306,True,10,10
2026-08-24 11:10:27.425535,0.001139943648089654,0.05504885995775989,0.04323741564150384,0.1,0.1,0.1,0.05864777582856661,0.0031083287127684927,True,10,10
2026-08-24 11:10:27.445310,0.0014884205993044523,0.05504885995775989,0.04307811263544961,0.1,0.1,0.1,0.05864777582856661,0.002743723238055134,True,10,10
2026-08-24 11:10:27.461145,0.0014884205993044523,0.05504885995775989,0.04307811263544961,0.1,0.1,0.1,0.05864777582856661,0.002743723238055134,True,10,10
2026-08-24 11:10:27.475164,0.0022456406445214828,0.05504885995775989,0.04289554297543955,0.1,0.1,0.1,0.05864777582856661,0.0020343383185171646,True,10,10
2026-08-24 11:10:27.493939,0.0022456406445214828,0.05504885995775989,0.04289554297543955,0.1,0.1,0.1,0.05864777582856661,0.0020343383185171646,True,10,10
2026-08-24 11:10:27.508642,0.0031211847438668825,0.05504885995775989,0.04292127413502207,0.1,0.1,0.1,0.05864777582856661,0.0013822000212848188,True,10,10
2026-08-24 11:10:27.525011,0.0031211847438668825,0.05504885995775989,0.04292127413502207,0.1,0.1,0.1,0.05864777582856661,0.0013822000212848188,True,10,10
2026-08-24 11:10:27.538996,0.004206038897239413,0.05504885995775989,0.043347271285036154,0.1,0.1,0.1,0.05864777582856661,0.0,True,10,10
2026-08-24 11:10:27.554501,0.0036301376940150367,0.05504885995775989,0.04309000691467534,0.1,0.1,0.1,0.05864777582856661,0.0,True,10,10
2026-08-24 11:10:27.570330,0.0031808186829254924,0.05504885995775989,0.04284348456287003,0.1,0.1,0.1,0.05864777582856661,0.0,True,10,10
2026-08-24 11:10:27.586060,0.0031808186829254924,0.05504885995775989,0.04284348456287003,0.1,0.1,0.1,0.05864777582856661,0.0,True,10,10
2026-08-24 11:10:27.599639,0.0027477821311542414,0.05504885995775989,0.042632817907912623,0.1,0.1,0.1,0.05864777582856661,0.0,True,10,10
2026-08-24 11:10:27.617287,0.00243477443270884,0.05504885995775989,0.042472346783477666,0.1,0.1,0.1,0.05864777582856661,0.0013738163604576055,True,10,10
2026-08-24 11:10:27.631223,0.0017997469322886405,0.05504885995775989,0.04243695938544139,0.1,0.1,0.1,0.05864777582856661,0.0021550979643920653,True,10,10
2026-08-24 11:10:27.647033,0.0017997469322886405,0.05504885995775989,0.04243695938544139,0.1,0.1,0.1,0.05864777582856661,0.0021550979643920653,True,10,10
2026-08-24 11:10:27.665320,0.00122792245533564,0.05504885995775989,0.042771294122844146,0.1,0.1,0.1,0.05864777582856661,0.0030542043781224167,True,10,10
2026-08-24 11:10:27.681661,0.00122792245533564,0.05504885995775989,0.042771294122844146,0.1,0.1,0.1,0.05864777582856661,0.0030542043781224167,True,10,10
2026-08-24 11:10:27.697079,0.0,0.05504885995775989,0.04308610165066713,0.1,0.1,0.1,0.05864777582856661,0.0035658762521324494,True,10,10
2026-08-24 11:10:27.712178,0.0,0.05504885995775989,0.04338419290873124,0.1,0.1,0.1,0.05864777582856661,0.0034886394627013173,True,10,10
2026-08-24 11:10:27.727126,0.0,0.05504885995775989,0.04352588119279431,0.1,0.1,0.1,0.05864777582856661,0.0035182447807250022,True,10,10
2026-08-24 11:10:27.743735,0.0,0.05504885995775989,0.04318792737494219,0.1,0.1,0.1,0.05864777582856661,0.0029129388100371145,True,10,10
2026-08-24 11:10:27.758256,0.0,0.05504885995775989,0.04318792737494219,0.1,0.1,0.1,0.05864777582856661,0.0029129388100371145,True,10,10
2026-08-24 11:10:27.773537,0.0011839124887436233,0.05504885995775989,0.04307429581017596,0.1,0.1,0.1,0.05864777582856661,0.00268947019354422,True,10,10
2026-08-24 11:10:27.790959,0.0018333159886966294,0.05504885995775989,0.04295048852910113,0.1,0.1,0.1,0.05864777582856661,0.002157122777098009,True,10,10
2026-08-24 11:10:27.808785,0.0022154096086963375,0.05504885995775989,0.0429449519307715,0.1,0.1,0.1,0.05864777582856661,0.0018365574647165117,True,10,10
2026-08-24 11:10:27.823219,0.0022154096086963375,0.05504885995775989,0.0429449519307715,0.1,0.1,0.1,0.05864777582856661,0.0018365574647165117,True,10,10
2026-08-24 11:10:27.838610,0.0026221414216701633,0.05504885995775989,0.04298379356178539,0.1,0.1,0.1,0.05864777582856661,0.0015246054743281632,True,10,10
2026-08-24 11:10:27.854556,0.003542320407720949,0.05504885995775989,0.04323284516623224,0.1,0.1,0.1,0.05864777582856661,0.0,True,10,10
2026-08-24 11:10:27.870025,0.004071439856914465,0.05504885995775989,0.043451782506299004,0.1,0.1,0.1,0.05864777582856661,0.0,True,10,10
2026-08-24 11:10:27.885345,0.004071439856914465,0.05504885995775989,0.043451782506299004,0.1,0.1,0.1,0.05864777582856661,0.0,True,10,10
2026-08-24 11:10:27.901500,0.003620975501837159,0.05504885995775989,0.043138978081909474,0.1,0.1,0.1,0.05864777582856661,0.0,True,10,10
2026-08-24 11:10:27.916384,0.0031992811634253392,0.05504885995775989,0.04286517890862119,0.1,0.1,0.1,0.05864777582856661,0.0,True,10,10
2026-08-24 11:10:27.931778,0.0028870301672656988,0.05504885995775989,0.04263258164118062,0.1,0.1,0.1,0.05864777582856661,0.0012439631989856143,True,10,10
2026-08-24 11:10:27.949333,0.0022602101929064286,0.05504885995775989,0.042433663416112946,0.1,0.1,0.1,0.05864777582856661,0.0019888919192695763,True,10,10
2026-08-24 11:10:27.963623,0.0022602101929064286,0.05504885995775989,0.042433663416112946,0.1,0.1,0.1,0.05864777582856661,0.0019888919192695763,True,10,10
2026-08-24 11:10:27.981106,0.0019742833867866425,0.05504885995775989,0.04242571452799865,0.1,0.1,0.1,0.05864777582856661,0.0023997460310848265,True,10,10
2026-08-24 11:10:27.996991,0.001694925824979618,0.05504885995775989,0.04251913319029836,0.1,0.1,0.1,0.05864777582856661,0.0028360866371301796,True,10,10
2026-08-24 11:10:28.012004,0.0011657688162113535,0.05504885995775989,0.04302384513664098,0.1,0.1,0.1,0.05864777582856661,0.003804906482104183,True,10,10
2026-08-24 11:10:28.028193,0.0011657688162113535,0.05504885995775989,0.04302384513664098,0.1,0.1,0.1,0.05864777582856661,0.003804906482104183,True,10,10
2026-08-24 11:10:28.044161,0.0,0.05504885995775989,0.04396893067001756,0.1,0.1,0.1,0.05864777582856661,0.004962099537973479,True,10,10
2026-08-24 11:10:28.061703,0.0,0.05504885995775989,0.04396893067001756,0.1,0.1,0.1,0.05864777582856661,0.004962099537973479,True,10,10
2026-08-24 11:10:28.077895,0.0,0.05504885995775989,0.043996328964923746,0.1,0.1,0.1,0.05864777582856661,0.004310501896586413,True,10,10
2026-08-24 11:10:28.093751,0.0,0.05504885995775989,0.043865275046433526,0.1,0.1,0.1,0.05864777582856661,0.003921593509659894,True,10,10
2026-08-24 11:10:28.107108,0.0,0.05504885995775989,0.04374484792258074,0.1,0.1,0.1,0.05864777582856661,0.0035187767472983607,True,10,10
2026-08-24 11:10:28.120973,0.0,0.05504885995775989,0.04374484792258074,0.1,0.1,0.1,0.05864777582856661,0.0035187767472983607,True,10,10
2026-08-24 11:10:28.138175,0.0014914169353410836,0.05504885995775989,0.04352406258736587,0.1,0.1,0.1,0.05864777582856661,0.00281106990214563,True,10,10
2026-08-24 11:10:28.154479,0.0014914169353410836,0.05504885995775989,0.04352406258736587,0.1,0.1,0.1,0.05864777582856661,0.00281106990214563,True,10,10
2026-08-24 11:10:28.171372,0.002243642193851396,0.05504885995775989,0.04346248845955179,0.1,0.1,0.1,0.05864777582856661,0.002220428663651139,True,10,10
2026-08-24 11:10:28.186488,0.002243642193851396,0.05504885995775989,0.04346248845955179,0.1,0.1,0.1,0.05864777582856661,0.002220428663651139,True,10,10
2026-08-24 11:10:28.202414,0.0026430371156543064,0.05504885995775989,0.043487829555436265,0.1,0.1,0.1,0.05864777582856661,0.0019243510849870497,True,10,10
2026-08-24 11:10:28.218096,0.003062776913031532,0.05504885995775989,0.043555596950686754,0.1,0.1,0.1,0.05864777582856661,0.0016319314990627396,True,10,10
2026-08-24 11:10:28.232616,0.003994025856775999,0.05504885995775989,0.04385349012842341,0.1,0.1,0.1,0.05864777582856661,0.0010930414777243264,True,10,10
2026-08-24 11:10:28.248490,0.004520860736176721,0.05504885995775989,0.044091534198429955,0.1,0.1,0.1,0.05864777582856661,0.0,True,10,10
2026-08-24 11:10:28.264260,0.005096474956190693,0.05504885995775989,0.04438903979900646,0.1,0.1,0.1,0.05864777582856661,0.0,True,10,10
2026-08-24 11:10:28.287903,0.005733899503859899,0.05504885995775989,0.04475240843010994,0.1,0.1,0.1,0.05864777582856661,0.0,True,10,10
2026-08-24 11:10:28.296718,0.006445438097092792,0.05504885995775989,0.04520385321839871,0.1,0.1,0.1,0.05864777582856661,0.0,True,10,10
2026-08-24 11:10:28.315456,0.006445438097092792,0.05504885995775989,0.04520385321839871,0.1,0.1,0.1,0.05864777582856661,0.0,True,10,10
2026-08-24 11:10:28.329003,0.00655073324160002,0.05504885995775989,0.04471762878034807,0.1,0.1,0.1,0.05864777582856661,0.0,True,10,10
2026-08-24 11:10:28.349205,0.00655073324160002,0.05504885995775989,0.04471762878034807,0.1,0.1,0.1,0.05864777582856661,0.0,True,10,10
2026-08-24 11:10:28.360600,0.005849659299419829,0.05504885995775989,0.04361681254268707,0.1,0.1,0.1,0.05864777582856661,0.0,True,10,10
2026-08-24 11:10:28.376289,0.005849659299419829,0.05504885995775989,0.04361681254268707,0.1,0.1,0.1,0.05864777582856661,0.0,True,10,10
2026-08-24 11:10:28.390396,0.005482092780530344,0.05504885995775989,0.04315415408143872,0.1,0.1,0.1,0.05864777582856661,0.0,True,10,10
2026-08-24 11:10:28.406275,0.004701879066438438,0.05504885995775989,0.04241906824804015,0.1,0.1,0.1,0.05864777582856661,0.0013880621580021862,True,10,10
2026-08-24 11:10:28.428217,0.004701879066438438,0.05504885995775989,0.04241906824804015,0.1,0.1,0.1,0.05864777582856661,0.0013880621580021862,True,10,10
2026-08-24 11:10:28.438085,0.003887692956297633,0.05504885995775989,0.04190745696173675,0.1,0.1,0.1,0.05864777582856661,0.001816496050725199,True,10,10
2026-08-24 11:10:28.454152,0.003887692956297633,0.05504885995775989,0.04190745696173675,0.1,0.1,0.1,0.05864777582856661,0.001816496050725199,True,10,10
2026-08-24 11:10:28.468067,0.00304961668922843,0.05504885995775989,0.04163839530272605,0.1,0.1,0.1,0.05864777582856661,0.0022504889154227217,True,10,10
2026-08-24 11:10:28.485943,0.00304961668922843,0.05504885995775989,0.04163839530272605,0.1,0.1,0.1,0.05864777582856661,0.0022504889154227217,True,10,10
2026-08-24 11:10:28.499841,0.002179829533359572,0.05504885995775989,0.041695528512631246,0.1,0.1,0.1,0.05864777582856661,0.0026896306509054725,True,10,10
2026-08-24 11:10:28.515052,0.0018148346399446643,0.05504885995775989,0.04180302009475657,0.1,0.1,0.1,0.05864777582856661,0.0030184160668834436,True,10,10
2026-08-24 11:10:28.531101,0.0014548184930491587,0.05504885995775989,0.04201359978845114,0.1,0.1,0.1,0.05864777582856661,0.0033672913798808305,True,10,10
2026-08-24 11:10:28.547023,0.0014548184930491587,0.05504885995775989,0.04201359978845114,0.1,0.1,0.1,0.05864777582856661,0.0033672913798808305,True,10,10
2026-08-24 11:10:28.564538,0.0,0.05504885995775989,0.04274305021297863,0.1,0.1,0.1,0.05864777582856661,0.004305474268605939,True,10,10
2026-08-24 11:10:28.580393,0.0,0.05504885995775989,0.04274305021297863,0.1,0.1,0.1,0.05864777582856661,0.004305474268605939,True,10,10
2026-08-24 11:10:28.596226,0.0,0.05504885995775989,0.04392416532334884,0.1,0.1,0.1,0.05864777582856661,0.005818180795141946,True,10,10
2026-08-24 11:10:28.616681,0.0,0.05504885995775989,0.04392416532334884,0.1,0.1,0.1,0.05864777582856661,0.005818180795141946,True,10,10
2026-08-24 11:10:28.627525,0.0,0.05504885995775989,0.04475263696825524,0.1,0.1,0.1,0.05864777582856661,0.006696950474726871,True,10,10
2026-08-24 11:10:28.644135,0.0,0.05504885995775989,0.046879315771998255,0.1,0.1,0.1,0.05864777582856661,0.008784284180178787,True,10,10
2026-08-24 11:10:28.657800,0.0,0.05504885995775989,0.046879315771998255,0.1,0.1,0.1,0.05864777582856661,0.008784284180178787,True,10,10
2026-08-24 11:10:28.675080,0.0,0.05504885995775989,0.046879019110486114,0.1,0.1,0.1,0.05864777582856661,0.008193209059400621,True,10,10
2026-08-24 11:10:28.691633,0.0,0.05504885995775989,0.046208254776051116,0.1,0.1,0.1,0.05864777582856661,0.007089647826107281,True,10,10
2026-08-24 11:10:28.705127,0.0,0.05504885995775989,0.046208254776051116,0.1,0.1,0.1,0.05864777582856661,0.007089647826107281,True,10,10
2026-08-24 11:10:28.724704,0.0,0.05504885995775989,0.045760884205108154,0.1,0.1,0.1,0.05864777582856661,0.006598190002261451,True,10,10
2026-08-24 11:10:28.737021,0.0,0.05504885995775989,0.044951573541232276,0.1,0.1,0.1,0.05864777582856661,0.005574858410657741,True,10,10
2026-08-24 11:10:28.759384,0.0,0.05504885995775989,0.044951573541232276,0.1,0.1,0.1,0.05864777582856661,0.005574858410657741,True,10,10
2026-08-24 11:10:28.770623,0.0011225448415592577,0.05504885995775989,0.044310430916001786,0.1,0.1,0.1,0.05864777582856661,0.004572343371235982,True,10,10
2026-08-24 11:10:28.793338,0.0011225448415592577,0.05504885995775989,0.044310430916001786,0.1,0.1,0.1,0.05864777582856661,0.004572343371235982,True,10,10
2026-08-24 11:10:28.802039,0.0012952266363437104,0.05504885995775989,0.0440316780542758,0.1,0.1,0.1,0.05864777582856661,0.004058137630172557,True,10,10
2026-08-24 11:10:28.816148,0.0014676953427072018,0.05504885995775989,0.04378488144635878,0.1,0.1,0.1,0.05864777582856661,0.003539323815925507,True,10,10
2026-08-24 11:10:28.831885,0.001689671378907028,0.05504885995775989,0.04357381914962655,0.1,0.1,0.1,0.05864777582856661,0.0030455757970043722,True,10,10
2026-08-24 11:10:28.851426,0.0024002609483814216,0.05504885995775989,0.043326256702680366,0.1,0.1,0.1,0.05864777582856661,0.002243424183683829,True,10,10
2026-08-24 11:10:28.863527,0.0024002609483814216,0.05504885995775989,0.043326256702680366,0.1,0.1,0.1,0.05864777582856661,0.002243424183683829,True,10,10
2026-08-24 11:10:28.879260,0.002793289358024762,0.05504885995775989,0.04328389625565618,0.1,0.1,0.1,0.05864777582856661,0.0018620682555308095,True,10,10
2026-08-24 11:10:28.895582,0.003220483447816133,0.05504885995775989,0.043301058226148735,0.1,0.1,0.1,0.05864777582856661,0.0015008754660005732,True,10,10
2026-08-24 11:10:28.913169,0.0037017093197002277,0.05504885995775989,0.043407267862322324,0.1,0.1,0.1,0.05864777582856661,0.001187658055611775,True,10,10
2026-08-24 11:10:28.929728,0.004834159163596517,0.05504885995775989,0.0438338771017781,0.1,0.1,0.1,0.05864777582856661,0.0,True,10,10
2026-08-24 11:10:28.944033,0.004834159163596517,0.05504885995775989,0.0438338771017781,0.1,0.1,0.1,0.05864777582856661,0.0,True,10,10
2026-08-24 11:10:28.966120,0.005377320953670053,0.05504885995775989,0.044065852353870255,0.1,0.1,0.1,0.05864777582856661,0.0,True,10,10
2026-08-24 11:10:28.974511,0.005308185093037105,0.05504885995775989,0.0436702002075265,0.1,0.1,0.1,0.05864777582856661,0.0,True,10,10
2026-08-24 11:10:28.992446,0.004392157775544483,0.05504885995775989,0.04286624919582578,0.1,0.1,0.1,0.05864777582856661,0.0,True,10,10
2026-08-24 11:10:29.012714,0.004392157775544483,0.05504885995775989,0.04286624919582578,0.1,0.1,0.1,0.05864777582856661,0.0,True,10,10
2026-08-24 11:10:29.023824,0.0034911845668169554,0.05504885995775989,0.04226685007188962,0.1,0.1,0.1,0.05864777582856661,0.0,True,10,10
2026-08-24 11:10:29.039057,0.0030248167813549573,0.05504885995775989,0.04206869526018661,0.1,0.1,0.1,0.05864777582856661,0.0011452968328682575,True,10,10
2026-08-24 11:10:29.054335,0.0030248167813549573,0.05504885995775989,0.04206869526018661,0.1,0.1,0.1,0.05864777582856661,0.0011452968328682575,True,10,10
2026-08-24 11:10:29.070343,0.00270389047772463,0.05504885995775989,0.04193183008199373,0.1,0.1,0.1,0.05864777582856661,0.0015008696607673334,True,10,10
2026-08-24 11:10:29.086790,0.002367505109679255,0.05504885995775989,0.041832516366946675,0.1,0.1,0.1,0.05864777582856661,0.0018641963722160267,True,10,10
2026-08-24 11:10:29.100831,0.0020341661130571943,0.05504885995775989,0.04182875105049132,0.1,0.1,0.1,0.05864777582856661,0.002246164392962451,True,10,10
2026-08-24 11:10:29.118023,0.0013938639192160223,0.05504885995775989,0.04213405385866978,0.1,0.1,0.1,0.05864777582856661,0.0030868658449474274,True,10,10
2026-08-24 11:10:29.135026,0.0013938639192160223,0.05504885995775989,0.04213405385866978,0.1,0.1,0.1,0.05864777582856661,0.0030868658449474274,True,10,10
2026-08-24 11:10:29.150134,0.0010979829853376495,0.05504885995775989,0.0424577774787086,0.1,0.1,0.1,0.05864777582856661,0.0035591393128990446,True,10,10
2026-08-24 11:10:29.165929,0.0,0.05504885995775989,0.042858225772563076,0.1,0.1,0.1,0.05864777582856661,0.004086593581418929,True,10,10
2026-08-24 11:10:29.181298,0.0,0.05504885995775989,0.043390087394811525,0.1,0.1,0.1,0.05864777582856661,0.004669459586605277,True,10,10
2026-08-24 11:10:29.198504,0.0,0.05504885995775989,0.04384854712774977,0.1,0.1,0.1,0.05864777582856661,0.004865183067441336,True,10,10
2026-08-24 11:10:29.212098,0.0,0.05504885995775989,0.043875013860519375,0.1,0.1,0.1,0.05864777582856661,0.00460170166705754,True,10,10
2026-08-24 11:10:29.229270,0.0,0.05504885995775989,0.04369509732322294,0.1,0.1,0.1,0.05864777582856661,0.004209058683595795,True,10,10
2026-08-24 11:10:29.244008,0.0,0.05504885995775989,0.043377605840215924,0.1,0.1,0.1,0.05864777582856661,0.003387785896348076,True,10,10
2026-08-24 11:10:29.262066,0.0011598698106521142,0.05504885995775989,0.04324452814405009,0.1,0.1,0.1,0.05864777582856661,0.002960589718318146,True,10,10
2026-08-24 11:10:29.277336,0.0011598698106521142,0.05504885995775989,0.04324452814405009,0.1,0.1,0.1,0.05864777582856661,0.002960589718318146,True,10,10
2026-08-24 11:10:29.291142,0.0015280763803414543,0.05504885995775989,0.04314674610153108,0.1,0.1,0.1,0.05864777582856661,0.002655119642986103,True,10,10
2026-08-24 11:10:29.309038,0.0019101672842309987,0.05504885995775989,0.04308586353048591,0.1,0.1,0.1,0.05864777582856661,0.002347999689045154,True,10,10
2026-08-24 11:10:29.324646,0.0027306478467106904,0.05504885995775989,0.04308914088052001,0.1,0.1,0.1,0.05864777582856661,0.0017431494399435578,True,10,10
2026-08-24 11:10:29.341126,0.0031777480408403565,0.05504885995775989,0.043162046603766775,0.1,0.1,0.1,0.05864777582856661,0.0014523041977938262,True,10,10
2026-08-24 11:10:29.354394,0.0036671649350157793,0.05504885995775989,0.04331149895141154,0.1,0.1,0.1,0.05864777582856661,0.0011942565966597532,True,10,10
2026-08-24 11:10:29.371796,0.004198216727647762,0.05504885995775989,0.0435165983702668,0.1,0.1,0.1,0.05864777582856661,0.0,True,10,10
2026-08-24 11:10:29.389265,0.004779685854853554,0.05504885995775989,0.04378202563045444,0.1,0.1,0.1,0.05864777582856661,0.0,True,10,10
2026-08-24 11:10:29.403273,0.004779685854853554,0.05504885995775989,0.04378202563045444,0.1,0.1,0.1,0.05864777582856661,0.0,True,10,10
2026-08-24 11:10:29.419012,0.005421332748527009,0.05504885995775989,0.044113583971090366,0.1,0.1,0.1,0.05864777582856661,0.0,True,10,10
2026-08-24 11:10:29.433564,0.005727695733019995,0.05504885995775989,0.043987999151738,0.1,0.1,0.1,0.05864777582856661,0.0,True,10,10
2026-08-24 11:10:29.451513,0.005376411132614966,0.05504885995775989,0.04349191384579207,0.1,0.1,0.1,0.05864777582856661,0.0,True,10,10
2026-08-24 11:10:29.468289,0.0050120221180395795,0.05504885995775989,0.04304952529364468,0.1,0.1,0.1,0.05864777582856661,0.0,True,10,10
2026-08-24 11:10:29.482383,0.0050120221180395795,0.05504885995775989,0.04304952529364468,0.1,0.1,0.1,0.05864777582856661,0.0,True,10,10
2026-08-24 11:10:29.500215,0.004633533301953781,0.05504885995775989,0.04266452358469086,0.1,0.1,0.1,0.05864777582856661,0.0,True,10,10
2026-08-24 11:10:29.514091,0.00423955952054669,0.05504885995775989,0.04234009576376925,0.1,0.1,0.1,0.05864777582856661,0.0011018782089760773,True,10,10
2026-08-24 11:10:29.529518,0.003430511607999242,0.05504885995775989,0.0418400313232663,0.1,0.1,0.1,0.05864777582856661,0.0014497117129087724,True,10,10
2026-08-24 11:10:29.546310,0.003430511607999242,0.05504885995775989,0.0418400313232663,0.1,0.1,0.1,0.05864777582856661,0.0014497117129087724,True,10,10
2026-08-24 11:10:29.561592,0.0027317869608299177,0.05504885995775989,0.04154983457007529,0.1,0.1,0.1,0.05864777582856661,0.0020482408879756824,True,10,10
2026-08-24 11:10:29.577550,0.0027317869608299177,0.05504885995775989,0.04154983457007529,0.1,0.1,0.1,0.05864777582856661,0.0020482408879756824,True,10,10
2026-08-24 11:10:29.594054,0.002395045326529512,0.05504885995775989,0.04152912221786868,0.1,0.1,0.1,0.05864777582856661,0.0023984237772599433,True,10,10
2026-08-24 11:10:29.608149,0.0017425908330848741,0.05504885995775989,0.0417058565886708,0.1,0.1,0.1,0.05864777582856661,0.0031511207323984686,True,10,10
2026-08-24 11:10:29.625560,0.0014342267749300867,0.05504885995775989,0.04191533922241897,0.1,0.1,0.1,0.05864777582856661,0.0035655883578943714,True,10,10
2026-08-24 11:10:29.639674,0.0011354500806421627,0.05504885995775989,0.04223605269474179,0.1,0.1,0.1,0.05864777582856661,0.004009576232482782,True,10,10
2026-08-24 11:10:29.657068,0.0,0.05504885995775989,0.04268436970456169,0.1,0.1,0.1,0.05864777582856661,0.004579721619890239,True,10,10
2026-08-24 11:10:29.671404,0.0,0.05504885995775989,0.04268436970456169,0.1,0.1,0.1,0.05864777582856661,0.004579721619890239,True,10,10
2026-08-24 11:10:29.694063,0.0,0.05504885995775989,0.04327251996469044,0.1,0.1,0.1,0.05864777582856661,0.005251023345644346,True,10,10
2026-08-24 11:10:29.702108,0.0,0.05504885995775989,0.04476918140904584,0.1,0.1,0.1,0.05864777582856661,0.006831838801474495,True,10,10
2026-08-24 11:10:29.720389,0.0,0.05504885995775989,0.045761444526188855,0.1,0.1,0.1,0.05864777582856661,0.007758950359245504,True,10,10
2026-08-24 11:10:29.739108,0.0,0.05504885995775989,0.04660145233893965,0.1,0.1,0.1,0.05864777582856661,0.00874721446987405,True,10,10
2026-08-24 11:10:29.752041,0.0,0.05504885995775989,0.04660145233893965,0.1,0.1,0.1,0.05864777582856661,0.00874721446987405,True,10,10
2026-08-24 11:10:29.765738,0.0,0.05504885995775989,0.045834648770452485,0.1,0.1,0.1,0.05864777582856661,0.007341229430556997,True,10,10
2026-08-24 11:10:29.782973,0.0,0.05504885995775989,0.045255662392636085,0.1,0.1,0.1,0.05864777582856661,0.0067316823397879574,True,10,10
2026-08-24 11:10:29.798414,0.0,0.05504885995775989,0.045255662392636085,0.1,0.1,0.1,0.05864777582856661,0.0067316823397879574,True,10,10
2026-08-24 11:10:29.813927,0.0,0.05504885995775989,0.0442102640482627,0.1,0.1,0.1,0.05864777582856661,0.0055053205117468395,True,10,10
2026-08-24 11:10:29.835153,0.0,0.05504885995775989,0.0442102640482627,0.1,0.1,0.1,0.05864777582856661,0.0055053205117468395,True,10,10
2026-08-24 11:10:29.852099,0.0,0.05504885995775989,0.043780173767404125,0.1,0.1,0.1,0.05864777582856661,0.004927315708744406,True,10,10
2026-08-24 11:10:29.860167,0.0,0.05504885995775989,0.043386844334677946,0.1,0.1,0.1,0.05864777582856661,0.004352057299871761,True,10,10
2026-08-24 11:10:29.877386,0.0013027851418482988,0.05504885995775989,0.04272257721809512,0.1,0.1,0.1,0.05864777582856661,0.0032258007158996677,True,10,10
2026-08-24 11:10:29.891905,0.0013027851418482988,0.05504885995775989,0.04272257721809512,0.1,0.1,0.1,0.05864777582856661,0.0032258007158996677,True,10,10
2026-08-24 11:10:29.908965,0.0017523095647678747,0.05504885995775989,0.04230910001751643,0.1,0.1,0.1,0.05864777582856661,0.0022158426530618463,True,10,10
2026-08-24 11:10:29.925265,0.0017523095647678747,0.05504885995775989,0.04230910001751643,0.1,0.1,0.1,0.05864777582856661,0.0022158426530618463,True,10,10
2026-08-24 11:10:29.941868,0.0020761467348318183,0.05504885995775989,0.04217923531314303,0.1,0.1,0.1,0.05864777582856661,0.0017708262370568454,True,10,10
2026-08-24 11:10:29.958566,0.0020083022979523095,0.05504885995775989,0.04201784714565445,0.1,0.1,0.1,0.05864777582856661,0.001676356092561434,True,10,10
2026-08-24 11:10:29.971636,0.0020083022979523095,0.05504885995775989,0.04201784714565445,0.1,0.1,0.1,0.05864777582856661,0.001676356092561434,True,10,10
2026-08-24 11:10:29.987831,0.0018067125191796132,0.05504885995775989,0.04194376596079866,0.1,0.1,0.1,0.05864777582856661,0.0019955034975047852,True,10,10
2026-08-24 11:10:30.005793,0.0015571600273342938,0.05504885995775989,0.041936115382379596,0.1,0.1,0.1,0.05864777582856661,0.0023459158401276554,True,10,10
2026-08-24 11:10:30.022289,0.001305779600035887,0.05504885995775989,0.042011661935109745,0.1,0.1,0.1,0.05864777582856661,0.0027132502371856547,True,10,10
2026-08-24 11:10:30.036458,0.0010548270007219094,0.05504885995775989,0.04217559989252493,0.1,0.1,0.1,0.05864777582856661,0.003100178469657226,True,10,10
2026-08-24 11:10:30.052594,0.0,0.05504885995775989,0.04243320710400903,0.1,0.1,0.1,0.05864777582856661,0.0035101445502504526,True,10,10
2026-08-24 11:10:30.066261,0.0,0.05504885995775989,0.04275973587502298,0.1,0.1,0.1,0.05864777582856661,0.004177136563931365,True,10,10
2026-08-24 11:10:30.081828,0.0,0.05504885995775989,0.04379497830777265,0.1,0.1,0.1,0.05864777582856661,0.005679904194201386,True,10,10
2026-08-24 11:10:30.101166,0.0,0.05504885995775989,0.04379497830777265,0.1,0.1,0.1,0.05864777582856661,0.005679904194201386,True,10,10
2026-08-24 11:10:30.113885,0.0,0.05504885995775989,0.04452095384531671,0.1,0.1,0.1,0.05864777582856661,0.006536652831058663,True,10,10
2026-08-24 11:10:30.129563,0.0,0.05504885995775989,0.0451501329928716,0.1,0.1,0.1,0.05864777582856661,0.006521391497979857,True,10,10
2026-08-24 11:10:30.146009,0.0,0.05504885995775989,0.04454063794682847,0.1,0.1,0.1,0.05864777582856661,0.006078575707432357,True,10,10
2026-08-24 11:10:30.165713,0.0,0.05504885995775989,0.04428625430575078,0.1,0.1,0.1,0.05864777582856661,0.005891777192695039,True,10,10
2026-08-24 11:10:30.178649,0.0012311682963377464,0.05504885995775989,0.044066600866003995,0.1,0.1,0.1,0.05864777582856661,0.005722111791128903,True,10,10
2026-08-24 11:10:30.194590,0.0012311682963377464,0.05504885995775989,0.044066600866003995,0.1,0.1,0.1,0.05864777582856661,0.005722111791128903,True,10,10
2026-08-24 11:10:30.210492,0.0019008540624420528,0.05504885995775989,0.04373155395130374,0.1,0.1,0.1,0.05864777582856661,0.005413246265385138,True,10,10
2026-08-24 11:10:30.226356,0.0022439050155648086,0.05504885995775989,0.04361618724357386,0.1,0.1,0.1,0.05864777582856661,0.005267322352078683,True,10,10
2026-08-24 11:10:30.242237,0.0022439050155648086,0.05504885995775989,0.04361618724357386,0.1,0.1,0.1,0.05864777582856661,0.005267322352078683,True,10,10
2026-08-24 11:10:30.257899,0.002589647373584296,0.05504885995775989,0.04353560945001572,0.1,0.1,0.1,0.05864777582856661,0.005124971693587117,True,10,10
2026-08-24 11:10:30.277914,0.002937261573146514,0.05504885995775989,0.04348983327597686,0.1,0.1,0.1,0.05864777582856661,0.00498632396839405,True,10,10
2026-08-24 11:10:30.289762,0.0031425861431847086,0.05504885995775989,0.043391456602508885,0.1,0.1,0.1,0.05864777582856661,0.004507772274208135,True,10,10
2026-08-24 11:10:30.305848,0.003353824585929183,0.05504885995775989,0.04329336726628301,0.1,0.1,0.1,0.05864777582856661,0.004034467231812149,True,10,10
2026-08-24 11:10:30.321714,0.0035699100794700255,0.05504885995775989,0.04322758525160962,0.1,0.1,0.1,0.05864777582856661,0.0035595386711856866,True,10,10
2026-08-24 11:10:30.337201,0.0040728572134903565,0.05504885995775989,0.043200885901957496,0.1,0.1,0.1,0.05864777582856661,0.002680886139058541,True,10,10
2026-08-24 11:10:30.354585,0.0040728572134903565,0.05504885995775989,0.043200885901957496,0.1,0.1,0.1,0.05864777582856661,0.002680886139058541,True,10,10
2026-08-24 11:10:30.367086,0.004661209491239132,0.05504885995775989,0.04333463027970447,0.1,0.1,0.1,0.05864777582856661,0.001840024956390479,True,10,10
2026-08-24 11:10:30.383105,0.005018565661511871,0.05504885995775989,0.04347530653823297,0.1,0.1,0.1,0.05864777582856661,0.0014710326099510167,True,10,10
2026-08-24 11:10:30.406110,0.005420854771430845,0.05504885995775989,0.04367081941319195,0.1,0.1,0.1,0.05864777582856661,0.0011235401965930382,True,10,10
2026-08-24 11:10:30.415155,0.005420854771430845,0.05504885995775989,0.04367081941319195,0.1,0.1,0.1,0.05864777582856661,0.0011235401965930382,True,10,10
2026-08-24 11:10:30.430863,0.00587798471008222,0.05504885995775989,0.04392603292979227,0.1,0.1,0.1,0.05864777582856661,0.0,True,10,10
2026-08-24 11:10:30.446626,0.005383677339697198,0.05504885995775989,0.043342389469672074,0.1,0.1,0.1,0.05864777582856661,0.0,True,10,10
2026-08-24 11:10:30.462519,0.005383677339697198,0.05504885995775989,0.043342389469672074,0.1,0.1,0.1,0.05864777582856661,0.0,True,10,10
2026-08-24 11:10:30.478451,0.005012088190159096,0.05504885995775989,0.04286302833856395,0.1,0.1,0.1,0.05864777582856661,0.0,True,10,10
2026-08-24 11:10:30.500412,0.004650677931765923,0.05504885995775989,0.04247234393388543,0.1,0.1,0.1,0.05864777582856661,0.0,True,10,10
2026-08-24 11:10:30.512292,0.003924456966977285,0.05504885995775989,0.04185762995090899,0.1,0.1,0.1,0.05864777582856661,0.0015438031221730267,True,10,10
2026-08-24 11:10:30.527893,0.0035601789840359432,0.05504885995775989,0.04163658052939091,0.1,0.1,0.1,0.05864777582856661,0.001821383587476015,True,10,10
2026-08-24 11:10:30.543457,0.0035601789840359432,0.05504885995775989,0.04163658052939091,0.1,0.1,0.1,0.05864777582856661,0.001821383587476015,True,10,10
2026-08-24 11:10:30.558576,0.002812023124152552,0.05504885995775989,0.041436973107997384,0.1,0.1,0.1,0.05864777582856661,0.002392477859389988,True,10,10
2026-08-24 11:10:30.576514,0.002812023124152552,0.05504885995775989,0.041436973107997384,0.1,0.1,0.1,0.05864777582856661,0.002392477859389988,True,10,10
2026-08-24 11:10:30.588871,0.0024334628967794506,0.05504885995775989,0.04146792605447199,0.1,0.1,0.1,0.05864777582856661,0.002690414589046187,True,10,10
2026-08-24 11:10:30.604140,0.0017313435321007695,0.05504885995775989,0.04170071684295553,0.1,0.1,0.1,0.05864777582856661,0.0033582846440111274,True,10,10
2026-08-24 11:10:30.620553,0.0017313435321007695,0.05504885995775989,0.04170071684295553,0.1,0.1,0.1,0.05864777582856661,0.0033582846440111274,True,10,10
2026-08-24 11:10:30.637223,0.0010566534760707775,0.05504885995775989,0.04234026006535162,0.1,0.1,0.1,0.05864777582856661,0.004123430330078261,True,10,10
2026-08-24 11:10:30.652073,0.0,0.05504885995775989,0.04277391998999028,0.1,0.1,0.1,0.05864777582856661,0.004570480755659617,True,10,10
2026-08-24 11:10:30.668089,0.0,0.05504885995775989,0.04334870323301318,0.1,0.1,0.1,0.05864777582856661,0.005202524400954479,True,10,10
2026-08-24 11:10:30.692920,0.0,0.05504885995775989,0.04334870323301318,0.1,0.1,0.1,0.05864777582856661,0.005202524400954479,True,10,10
2026-08-24 11:10:30.701990,0.0,0.05504885995775989,0.0440700151552853,0.1,0.1,0.1,0.05864777582856661,0.005901928789385488,True,10,10
2026-08-24 11:10:30.717154,0.0,0.05504885995775989,0.044910856048503346,0.1,0.1,0.1,0.05864777582856661,0.006593541816630895,True,10,10
2026-08-24 11:10:30.733269,0.0,0.05504885995775989,0.044876087905798515,0.1,0.1,0.1,0.05864777582856661,0.006072263212562672,True,10,10
2026-08-24 11:10:30.747150,0.0,0.05504885995775989,0.044876087905798515,0.1,0.1,0.1,0.05864777582856661,0.006072263212562672,True,10,10
2026-08-24 11:10:30.765057,0.0,0.05504885995775989,0.044526901925264435,0.1,0.1,0.1,0.05864777582856661,0.0056962422527424336,True,10,10
2026-08-24 11:10:30.779035,0.0,0.05504885995775989,0.0442218775068736,0.1,0.1,0.1,0.05864777582856661,0.005347228894627282,True,10,10
2026-08-24 11:10:30.796744,0.0,0.05504885995775989,0.043606938832487147,0.1,0.1,0.1,0.05864777582856661,0.004328831961807256,True,10,10
2026-08-24 11:10:30.815964,0.0011531929224199758,0.05504885995775989,0.043343811458906145,0.1,0.1,0.1,0.05864777582856661,0.0038102341028731835,True,10,10
2026-08-24 11:10:30.826101,0.001321209515149263,0.05504885995775989,0.04313388988486018,0.1,0.1,0.1,0.05864777582856661,0.0033207481108732118,True,10,10
2026-08-24 11:10:30.844416,0.001321209515149263,0.05504885995775989,0.04313388988486018,0.1,0.1,0.1,0.05864777582856661,0.0033207481108732118,True,10,10
2026-08-24 11:10:30.859812,0.0014957500221845395,0.05504885995775989,0.04295259568153774,0.1,0.1,0.1,0.05864777582856661,0.0028307175979947986,True,10,10
2026-08-24 11:10:30.873790,0.0017995906434197734,0.05504885995775989,0.04280147114546705,0.1,0.1,0.1,0.05864777582856661,0.0024077426483543438,True,10,10
2026-08-24 11:10:30.891683,0.002132459857881071,0.05504885995775989,0.042704189417278896,0.1,0.1,0.1,0.05864777582856661,0.001998659563954929,True,10,10
2026-08-24 11:10:30.906813,0.002904018006670034,0.05504885995775989,0.042688436895722874,0.1,0.1,0.1,0.05864777582856661,0.0012631884339152992,True,10,10
2026-08-24 11:10:30.920695,0.002904018006670034,0.05504885995775989,0.042688436895722874,0.1,0.1,0.1,0.05864777582856661,0.0012631884339152992,True,10,10
2026-08-24 11:10:30.936795,0.003358790055738127,0.05504885995775989,0.042778808166781965,0.1,0.1,0.1,0.05864777582856661,0.0,True,10,10
2026-08-24 11:10:30.954427,0.0030076622791698386,0.05504885995775989,0.04233107194525924,0.1,0.1,0.1,0.05864777582856661,0.0011261175534595699,True,10,10
2026-08-24 11:10:30.969428,0.0030076622791698386,0.05504885995775989,0.04233107194525924,0.1,0.1,0.1,0.05864777582856661,0.0011261175534595699,True,10,10
2026-08-24 11:10:30.985671,0.002760853542357184,0.05504885995775989,0.0421178263294191,0.1,0.1,0.1,0.05864777582856661,0.0014041482677378838,True,10,10
2026-08-24 11:10:31.028989,0.0022467872559375503,0.02120200739992453,0.04188013957612402,0.1,0.1,0.1,0.02040074339056178,0.0021086282538687437,True,0.0,0.0
2026-08-24 11:10:31.057153,0.0022467872559375503,0.02120200739992453,0.04188013957612402,0.1,0.1,0.1,0.02040074339056178,0.0021086282538687437,True,0.0,0.0
2026-08-24 11:10:31.086243,0.0024128489991368804,0.02120200739992453,0.041880773426973404,0.1,0.1,0.1,0.02040074339056178,0.0026475219377446214,True,10,10
2026-08-24 11:10:31.096052,0.002192483414360223,0.02120200739992453,0.041914024471528755,0.1,0.1,0.1,0.02040074339056178,0.0030493819007834256,True,10,10
2026-08-24 11:10:31.110937,0.002003779417955795,0.02120200739992453,0.04204992277814178,0.1,0.1,0.1,0.02040074339056178,0.0034886829098445087,True,10,10
2026-08-24 11:10:31.127883,0.001826222721857267,0.02120200739992453,0.04224041200708555,0.1,0.1,0.1,0.02040074339056178,0.003941787046157179,True,10,10
2026-08-24 11:10:31.141312,0.0016689420893146293,0.02120200739992453,0.042485717220247896,0.1,0.1,0.1,0.02040074339056178,0.004422031986593729,True,10,10
2026-08-24 11:10:31.157447,0.0014192462540466122,0.02120200739992453,0.043142077565905546,0.1,0.1,0.1,0.02040074339056178,0.005476358984977234,True,10,10
2026-08-24 11:10:31.177139,0.0014192462540466122,0.02120200739992453,0.043142077565905546,0.1,0.1,0.1,0.02040074339056178,0.005476358984977234,True,10,10
2026-08-24 11:10:31.190569,0.0011795068973656326,0.02120200739992453,0.043662410071537594,0.1,0.1,0.1,0.02040074339056178,0.006019183278350149,True,10,10
2026-08-24 11:10:31.204214,0.0,0.02120200739992453,0.04433040362827772,0.1,0.1,0.1,0.02040074339056178,0.0066286563526169184,True,10,10
2026-08-24 11:10:31.221572,0.0,0.02120200739992453,0.04498615674050149,0.1,0.1,0.1,0.02040074339056178,0.006224448278429145,True,10,10
2026-08-24 11:10:31.237179,0.0,0.02120200739992453,0.044847370300234085,0.1,0.1,0.1,0.02040074339056178,0.0057411508527047996,True,10,10
2026-08-24 11:10:31.253915,0.0,0.02120200739992453,0.044847370300234085,0.1,0.1,0.1,0.02040074339056178,0.0057411508527047996,True,10,10
2026-08-24 11:10:31.269782,0.0,0.02120200739992453,0.0442182022089823,0.1,0.1,0.1,0.02040074339056178,0.004812515337880939,True,10,10
2026-08-24 11:10:31.289080,0.0,0.02120200739992453,0.04395467927747846,0.1,0.1,0.1,0.02040074339056178,0.0043484717185733,True,10,10
2026-08-24 11:10:31.300531,0.0,0.02120200739992453,0.04395467927747846,0.1,0.1,0.1,0.02040074339056178,0.0043484717185733,True,10,10
2026-08-24 11:10:31.316894,0.0011293931522433302,0.02120200739992453,0.04371422638043817,0.1,0.1,0.1,0.02040074339056178,0.0038764812849428915,True,10,10
2026-08-24 11:10:31.331844,0.0013059354760470677,0.02120200739992453,0.04349974650920313,0.1,0.1,0.1,0.02040074339056178,0.003398768221153401,True,10,10
2026-08-24 11:10:31.347754,0.0014853401564556216,0.02120200739992453,0.04332068088088523,0.1,0.1,0.1,0.02040074339056178,0.0029163041225669082,True,10,10
2026-08-24 11:10:31.364819,0.001804959790380338,0.02120200739992453,0.043194774182667726,0.1,0.1,0.1,0.02040074339056178,0.0025275260404632916,True,10,10
2026-08-24 11:10:31.382542,0.002504116561483718,0.02120200739992453,0.043088753373073586,0.1,0.1,0.1,0.02040074339056178,0.0017688919553114784,True,10,10
2026-08-24 11:10:31.395752,0.002504116561483718,0.02120200739992453,0.043088753373073586,0.1,0.1,0.1,0.02040074339056178,0.0017688919553114784,True,10,10
2026-08-24 11:10:31.412660,0.0033270812475075236,0.02120200739992453,0.04319127525820795,0.1,0.1,0.1,0.02040074339056178,0.0010742137597039817,True,10,10
2026-08-24 11:10:31.428763,0.003814727114637326,0.02120200739992453,0.04334522619091285,0.1,0.1,0.1,0.02040074339056178,0.0,True,10,10
2026-08-24 11:10:31.444537,0.003814727114637326,0.02120200739992453,0.04334522619091285,0.1,0.1,0.1,0.02040074339056178,0.0,True,10,10
2026-08-24 11:10:31.462222,0.003873622209672216,0.02120200739992453,0.04326152865359134,0.1,0.1,0.1,0.02040074339056178,0.0,True,10,10
2026-08-24 11:10:31.476731,0.0035609424584937357,0.02120200739992453,0.04290868119300445,0.1,0.1,0.1,0.02040074339056178,0.0,True,10,10
2026-08-24 11:10:31.492341,0.003269362972301552,0.02120200739992453,0.042604852975218016,0.1,0.1,0.1,0.02040074339056178,0.0,True,10,10
2026-08-24 11:10:31.508203,0.0030330661940021,0.02120200739992453,0.042348389493801486,0.1,0.1,0.1,0.02040074339056178,0.0013263926338412373,True,10,10
2026-08-24 11:10:31.525266,0.0026148557123591583,0.02120200739992453,0.04197184418405308,0.1,0.1,0.1,0.02040074339056178,0.0019986226352234886,True,10,10
2026-08-24 11:10:31.537949,0.0026148557123591583,0.02120200739992453,0.04197184418405308,0.1,0.1,0.1,0.02040074339056178,0.0019986226352234886,True,10,10
2026-08-24 11:10:31.555104,0.002428950158331776,0.02120200739992453,0.04185049876513952,0.1,0.1,0.1,0.02040074339056178,0.0023576760215334052,True,10,10
2026-08-24 11:10:31.571007,0.0021079971672821594,0.02120200739992453,0.04182830302271281,0.1,0.1,0.1,0.02040074339056178,0.002673649915301524,True,10,10
2026-08-24 11:10:31.587439,0.0017891911811353312,0.02120200739992453,0.041901056779779865,0.1,0.1,0.1,0.02040074339056178,0.0030062581807408905,True,10,10
2026-08-24 11:10:31.603364,0.0011592198999835336,0.02120200739992453,0.0423325328952804,0.1,0.1,0.1,0.02040074339056178,0.0037303214772743177,True,10,10
2026-08-24 11:10:31.618648,0.0,0.02120200739992453,0.04270236766407567,0.1,0.1,0.1,0.02040074339056178,0.004131845010347258,True,10,10
2026-08-24 11:10:31.633964,0.0,0.02120200739992453,0.04270236766407567,0.1,0.1,0.1,0.02040074339056178,0.004131845010347258,True,10,10
2026-08-24 11:10:31.649147,0.0,0.02120200739992453,0.04375404905530437,0.1,0.1,0.1,0.02040074339056178,0.005477246363394741,True,10,10
2026-08-24 11:10:31.671049,0.0,0.02120200739992453,0.04375404905530437,0.1,0.1,0.1,0.02040074339056178,0.005477246363394741,True,10,10
2026-08-24 11:10:31.684133,0.0,0.02120200739992453,0.04449190939694618,0.1,0.1,0.1,0.02040074339056178,0.006251957790572632,True,10,10
2026-08-24 11:10:31.698872,0.0,0.02120200739992453,0.0453542200440507,0.1,0.1,0.1,0.02040074339056178,0.006636031412588875,True,10,10
2026-08-24 11:10:31.718781,0.0,0.02120200739992453,0.04506777404937046,0.1,0.1,0.1,0.02040074339056178,0.006246333787539291,True,10,10
2026-08-24 11:10:31.729716,0.0,0.02120200739992453,0.04479318199615178,0.1,0.1,0.1,0.02040074339056178,0.005842002102203727,True,10,10
2026-08-24 11:10:31.749495,0.0,0.02120200739992453,0.04453295580126149,0.1,0.1,0.1,0.02040074339056178,0.005423497464854279,True,10,10
2026-08-24 11:10:31.760356,0.0,0.02120200739992453,0.04453295580126149,0.1,0.1,0.1,0.02040074339056178,0.005423497464854279,True,10,10
2026-08-24 11:10:31.777012,0.0011454933634401571,0.02120200739992453,0.04406285525712239,0.1,0.1,0.1,0.02040074339056178,0.004540021594708178,True,10,10
2026-08-24 11:10:31.798282,0.0011454933634401571,0.02120200739992453,0.04406285525712239,0.1,0.1,0.1,0.02040074339056178,0.004540021594708178,True,10,10
2026-08-24 11:10:31.809383,0.0013010856323902578,0.02120200739992453,0.04385749806362929,0.1,0.1,0.1,0.02040074339056178,0.004075775140875559,True,10,10
2026-08-24 11:10:31.826334,0.0016492137203265485,0.02120200739992453,0.0435461699793572,0.1,0.1,0.1,0.02040074339056178,0.0031755648542783742,True,10,10
2026-08-24 11:10:31.840539,0.0016492137203265485,0.02120200739992453,0.0435461699793572,0.1,0.1,0.1,0.02040074339056178,0.0031755648542783742,True,10,10
2026-08-24 11:10:31.855905,0.0019972355308395047,0.02120200739992453,0.0434235620274153,0.1,0.1,0.1,0.02040074339056178,0.002810509739822848,True,10,10
2026-08-24 11:10:31.872050,0.0027326570127428756,0.02120200739992453,0.043311908615718556,0.1,0.1,0.1,0.02040074339056178,0.0020852103276020346,True,10,10
2026-08-24 11:10:31.885887,0.0027326570127428756,0.02120200739992453,0.043311908615718556,0.1,0.1,0.1,0.02040074339056178,0.0020852103276020346,True,10,10
2026-08-24 11:10:31.904333,0.0035832408671572927,0.02120200739992453,0.043433844430657065,0.1,0.1,0.1,0.02040074339056178,0.0014393135493614155,True,10,10
2026-08-24 11:10:31.919500,0.004059286769550125,0.02120200739992453,0.04357715379513255,0.1,0.1,0.1,0.02040074339056178,0.001138158750950603,True,10,10
2026-08-24 11:10:31.934477,0.004059286769550125,0.02120200739992453,0.04357715379513255,0.1,0.1,0.1,0.02040074339056178,0.001138158750950603,True,10,10
2026-08-24 11:10:31.949476,0.004579643909210568,0.02120200739992453,0.043781303907008504,0.1,0.1,0.1,0.02040074339056178,0.0,True,10,10
2026-08-24 11:10:31.971059,0.00521025940487133,0.02120200739992453,0.04408255852207123,0.1,0.1,0.1,0.02040074339056178,0.0,True,10,10
2026-08-24 11:10:31.982405,0.00591137754097463,0.02120200739992453,0.044462579823044135,0.1,0.1,0.1,0.02040074339056178,0.0,True,10,10
2026-08-24 11:10:31.998470,0.007090145072953223,0.02120200739992453,0.0452169770954543,0.1,0.1,0.1,0.02040074339056178,0.0,True,10,10
2026-08-24 11:10:32.019953,0.007090145072953223,0.02120200739992453,0.0452169770954543,0.1,0.1,0.1,0.02040074339056178,0.0,True,10,10
2026-08-24 11:10:32.032045,0.006753170361633261,0.02120200739992453,0.044486658435473,0.1,0.1,0.1,0.02040074339056178,0.0,True,10,10
2026-08-24 11:10:32.045197,0.00638481750500365,0.02120200739992453,0.04391768437171788,0.1,0.1,0.1,0.02040074339056178,0.0,True,10,10
2026-08-24 11:10:32.062324,0.006005977513089206,0.02120200739992453,0.04340655799470583,0.1,0.1,0.1,0.02040074339056178,0.0,True,10,10
2026-08-24 11:10:32.078968,0.0052292149915557275,0.02120200739992453,0.042516531339089274,0.1,0.1,0.1,0.02040074339056178,0.0010364788134337353,True,10,10
2026-08-24 11:10:32.094095,0.004828737703611219,0.02120200739992453,0.04213836511030102,0.1,0.1,0.1,0.02040074339056178,0.0012282284057314734,True,10,10
2026-08-24 11:10:32.114253,0.004828737703611219,0.02120200739992453,0.04213836511030102,0.1,0.1,0.1,0.02040074339056178,0.0012282284057314734,True,10,10
2026-08-24 11:10:32.124070,0.003976272887069637,0.02120200739992453,0.04157561615828285,0.1,0.1,0.1,0.02040074339056178,0.0015927186972290175,True,10,10
2026-08-24 11:10:32.143032,0.0035263330969261468,0.02120200739992453,0.04139823306899168,0.1,0.1,0.1,0.02040074339056178,0.0017653152735171151,True,10,10
2026-08-24 11:10:32.157461,0.0035263330969261468,0.02120200739992453,0.04139823306899168,0.1,0.1,0.1,0.02040074339056178,0.0017653152735171151,True,10,10
2026-08-24 11:10:32.174611,0.003062158047489306,0.02120200739992453,0.041292186578165455,0.1,0.1,0.1,0.02040074339056178,0.0019326469271682947,True,10,10
2026-08-24 11:10:32.189457,0.0027098198611176356,0.02120200739992453,0.04120398830879554,0.1,0.1,0.1,0.02040074339056178,0.00227591509576316,True,10,10
2026-08-24 11:10:32.205373,0.0023549369753805786,0.02120200739992453,0.04120990569470006,0.1,0.1,0.1,0.02040074339056178,0.0026301787339428288,True,10,10
2026-08-24 11:10:32.221614,0.0016525432352478605,0.02120200739992453,0.04152466389936695,0.1,0.1,0.1,0.02040074339056178,0.0033874611992482234,True,10,10
2026-08-24 11:10:32.236394,0.0016525432352478605,0.02120200739992453,0.04152466389936695,0.1,0.1,0.1,0.02040074339056178,0.0033874611992482234,True,10,10
2026-08-24 11:10:32.252042,0.0010454693393675619,0.02120200739992453,0.04221985242581813,0.1,0.1,0.1,0.02040074339056178,0.004320390109562165,True,10,10
2026-08-24 11:10:32.268232,0.0,0.02120200739992453,0.04273943186855835,0.1,0.1,0.1,0.02040074339056178,0.0050021028141648514,True,10,10
2026-08-24 11:10:32.288463,0.0,0.02120200739992453,0.04273943186855835,0.1,0.1,0.1,0.02040074339056178,0.0050021028141648514,True,10,10
2026-08-24 11:10:32.300323,0.0,0.02120200739992453,0.04340625728895304,0.1,0.1,0.1,0.02040074339056178,0.005749043275435882,True,10,10
2026-08-24 11:10:32.314374,0.0,0.02120200739992453,0.044228497038588124,0.1,0.1,0.1,0.02040074339056178,0.006575801052898878,True,10,10
2026-08-24 11:10:32.332402,0.0,0.02120200739992453,0.04514716926746473,0.1,0.1,0.1,0.02040074339056178,0.007502662471544414,True,10,10
2026-08-24 11:10:32.348207,0.0,0.02120200739992453,0.04754250910926378,0.1,0.1,0.1,0.02040074339056178,0.009715320245201931,True,10,10
2026-08-24 11:10:32.363484,0.0,0.02120200739992453,0.04754250910926378,0.1,0.1,0.1,0.02040074339056178,0.009715320245201931,True,10,10
2026-08-24 11:10:32.379160,0.0,0.02120200739992453,0.04745960089348607,0.1,0.1,0.1,0.02040074339056178,0.008915375956941982,True,10,10
2026-08-24 11:10:32.393747,0.0,0.02120200739992453,0.046554343578561246,0.1,0.1,0.1,0.02040074339056178,0.007649153350344668,True,10,10
2026-08-24 11:10:32.410097,0.0,0.02120200739992453,0.046554343578561246,0.1,0.1,0.1,0.02040074339056178,0.007649153350344668,True,10,10
2026-08-24 11:10:32.428365,0.0,0.02120200739992453,0.04611472143938037,0.1,0.1,0.1,0.02040074339056178,0.006987922417184957,True,10,10
2026-08-24 11:10:32.444070,0.0,0.02120200739992453,0.045052425254491754,0.1,0.1,0.1,0.02040074339056178,0.005816282540917928,True,10,10
2026-08-24 11:10:32.456652,0.0,0.02120200739992453,0.044614293065303616,0.1,0.1,0.1,0.02040074339056178,0.005262442276970998,True,10,10
2026-08-24 11:10:32.480716,0.0,0.02120200739992453,0.04421563341544499,0.1,0.1,0.1,0.02040074339056178,0.004705494098921433,True,10,10
2026-08-24 11:10:32.496630,0.0,0.02120200739992453,0.04421563341544499,0.1,0.1,0.1,0.02040074339056178,0.004705494098921433,True,10,10
2026-08-24 11:10:32.506456,0.0010805889367538472,0.02120200739992453,0.04385706172818591,0.1,0.1,0.1,0.02040074339056178,0.00414957958131972,True,10,10
2026-08-24 11:10:32.522684,0.0012708544148303839,0.02120200739992453,0.04353977024900487,0.1,0.1,0.1,0.02040074339056178,0.0035993233590677987,True,10,10
2026-08-24 11:10:32.536150,0.0017079948776218172,0.02120200739992453,0.04306292593203013,0.1,0.1,0.1,0.02040074339056178,0.002565481121970794,True,10,10
2026-08-24 11:10:32.553173,0.0017079948776218172,0.02120200739992453,0.04306292593203013,0.1,0.1,0.1,0.02040074339056178,0.002565481121970794,True,10,10
2026-08-24 11:10:32.569217,0.002010117180667559,0.02120200739992453,0.042909009962016464,0.1,0.1,0.1,0.02040074339056178,0.0021103884119539297,True,10,10
2026-08-24 11:10:32.583636,0.0023451923260127145,0.02120200739992453,0.04281203448126425,0.1,0.1,0.1,0.02040074339056178,0.0016779542431967567,True,10,10
2026-08-24 11:10:32.599287,0.002722556653057532,0.02120200739992453,0.04267056153611178,0.1,0.1,0.1,0.02040074339056178,0.0,True,10,10
2026-08-24 11:10:32.615172,0.0027962236473402222,0.02120200739992453,0.04256147657258569,0.1,0.1,0.1,0.02040074339056178,0.0,True,10,10
2026-08-24 11:10:32.633012,0.002733730620008795,0.02120200739992453,0.042411533783705234,0.1,0.1,0.1,0.02040074339056178,0.0010491880734023122,True,10,10
2026-08-24 11:10:32.648934,0.002617128259594916,0.02120200739992453,0.04226545268928043,0.1,0.1,0.1,0.02040074339056178,0.0012078693706395387,True,10,10
2026-08-24 11:10:32.664797,0.002442972729428099,0.02120200739992453,0.042140658655426946,0.1,0.1,0.1,0.02040074339056178,0.0014128505170146485,True,10,10
2026-08-24 11:10:32.678581,0.0021625138726244857,0.02120200739992453,0.042023322060135766,0.1,0.1,0.1,0.02040074339056178,0.0017683762162545324,True,10,10
2026-08-24 11:10:32.697672,0.0021625138726244857,0.02120200739992453,0.042023322060135766,0.1,0.1,0.1,0.02040074339056178,0.0017683762162545324,True,10,10
2026-08-24 11:10:32.711877,0.001600278045854834,0.02120200739992453,0.042052530013794616,0.1,0.1,0.1,0.02040074339056178,0.00253120595344753,True,10,10
2026-08-24 11:10:32.726233,0.001600278045854834,0.02120200739992453,0.042052530013794616,0.1,0.1,0.1,0.02040074339056178,0.00253120595344753,True,10,10
2026-08-24 11:10:32.743058,0.0013249843647050671,0.02120200739992453,0.04220890701729507,0.1,0.1,0.1,0.02040074339056178,0.0029459448954815212,True,10,10
2026-08-24 11:10:32.758594,0.0010566805578951807,0.02120200739992453,0.04246393742951595,0.1,0.1,0.1,0.02040074339056178,0.003388433424031926,True,10,10
2026-08-24 11:10:32.776062,0.0,0.02120200739992453,0.04278526322713615,0.1,0.1,0.1,0.02040074339056178,0.003874037282516297,True,10,10
2026-08-24 11:10:32.790170,0.0,0.02120200739992453,0.04322288544167962,0.1,0.1,0.1,0.02040074339056178,0.004403113912293371,True,10,10
2026-08-24 11:10:32.805884,0.0,0.02120200739992453,0.04377881744210063,0.1,0.1,0.1,0.02040074339056178,0.004643415055798786,True,10,10
2026-08-24 11:10:32.820387,0.0,0.02120200739992453,0.04351803815208549,0.1,0.1,0.1,0.02040074339056178,0.004399413499389086,True,10,10
2026-08-24 11:10:32.836856,0.0011641163824805559,0.02120200739992453,0.04310061370604498,0.1,0.1,0.1,0.02040074339056178,0.003974245691914427,True,10,10
2026-08-24 11:10:32.853428,0.0014816252659213263,0.02120200739992453,0.04294594856810146,0.1,0.1,0.1,0.02040074339056178,0.0037899295995532513,True,10,10
2026-08-24 11:10:32.867859,0.0014816252659213263,0.02120200739992453,0.04294594856810146,0.1,0.1,0.1,0.02040074339056178,0.0037899295995532513,True,10,10
2026-08-24 11:10:32.884214,0.002152899201136083,0.02120200739992453,0.04274417351829181,0.1,0.1,0.1,0.02040074339056178,0.003456162543796283,True,10,10
2026-08-24 11:10:32.900682,0.002152899201136083,0.02120200739992453,0.04274417351829181,0.1,0.1,0.1,0.02040074339056178,0.003456162543796283,True,10,10
2026-08-24 11:10:32.916569,0.0028599726092585114,0.02120200739992453,0.04268541561367881,0.1,0.1,0.1,0.02040074339056178,0.003155970478693738,True,10,10
2026-08-24 11:10:32.931923,0.0028599726092585114,0.02120200739992453,0.04268541561367881,0.1,0.1,0.1,0.02040074339056178,0.003155970478693738,True,10,10
2026-08-24 11:10:32.947410,0.003602748320493734,0.02120200739992453,0.04276947560837399,0.1,0.1,0.1,0.02040074339056178,0.0028916078051632564,True,10,10
2026-08-24 11:10:32.963625,0.003602748320493734,0.02120200739992453,0.04276947560837399,0.1,0.1,0.1,0.02040074339056178,0.0028916078051632564,True,10,10
2026-08-24 11:10:32.977464,0.003883524845172648,0.02120200739992453,0.04284985443496963,0.1,0.1,0.1,0.02040074339056178,0.00248926587764026,True,10,10
2026-08-24 11:10:32.995350,0.004525440039612922,0.02120200739992453,0.04306852755573282,0.1,0.1,0.1,0.02040074339056178,0.0017317884670919777,True,10,10
2026-08-24 11:10:33.011226,0.004907319173933977,0.02120200739992453,0.04324655040639383,0.1,0.1,0.1,0.02040074339056178,0.001401220057896094,True,10,10
2026-08-24 11:10:33.025344,0.004907319173933977,0.02120200739992453,0.04324655040639383,0.1,0.1,0.1,0.02040074339056178,0.001401220057896094,True,10,10
2026-08-24 11:10:33.046462,0.0053320430807892345,0.02120200739992453,0.04347488912824578,0.1,0.1,0.1,0.02040074339056178,0.0010884912785993335,True,10,10
2026-08-24 11:10:33.059145,0.005257486037814945,0.02120200739992453,0.0433710263582004,0.1,0.1,0.1,0.02040074339056178,0.0,True,10,10
2026-08-24 11:10:33.072651,0.005257486037814945,0.02120200739992453,0.0433710263582004,0.1,0.1,0.1,0.02040074339056178,0.0,True,10,10
2026-08-24 11:10:33.090566,0.004391511210006546,0.02120200739992453,0.04255620856593839,0.1,0.1,0.1,0.02040074339056178,0.0,True,10,10
2026-08-24 11:10:33.109710,0.004391511210006546,0.02120200739992453,0.04255620856593839,0.1,0.1,0.1,0.02040074339056178,0.0,True,10,10
2026-08-24 11:10:33.121860,0.0034756612988887563,0.02120200739992453,0.041995104129338906,0.1,0.1,0.1,0.02040074339056178,0.0010439060711106179,True,10,10
2026-08-24 11:10:33.137563,0.003027434078681186,0.02120200739992453,0.04178085232221065,0.1,0.1,0.1,0.02040074339056178,0.0011846954228554312,True,10,10
2026-08-24 11:10:33.151943,0.003027434078681186,0.02120200739992453,0.04178085232221065,0.1,0.1,0.1,0.02040074339056178,0.0011846954228554312,True,10,10
2026-08-24 11:10:33.166036,0.0023630941694103747,0.02120200739992453,0.04154835567623467,0.1,0.1,0.1,0.02040074339056178,0.0019100500066541772,True,10,10
2026-08-24 11:10:33.181236,0.002026301009532845,0.02120200739992453,0.041576594977414075,0.1,0.1,0.1,0.02040074339056178,0.002295022021196054,True,10,10
2026-08-24 11:10:33.196410,0.0016956412332206638,0.02120200739992453,0.04170371952902094,0.1,0.1,0.1,0.02040074339056178,0.0027018316934505127,True,10,10
2026-08-24 11:10:33.211684,0.0016956412332206638,0.02120200739992453,0.04170371952902094,0.1,0.1,0.1,0.02040074339056178,0.0027018316934505127,True,10,10
2026-08-24 11:10:33.229426,0.0011242982719462805,0.02120200739992453,0.042192532612678704,0.1,0.1,0.1,0.02040074339056178,0.0036360519719504936,True,10,10
2026-08-24 11:10:33.243410,0.0011242982719462805,0.02120200739992453,0.042192532612678704,0.1,0.1,0.1,0.02040074339056178,0.0036360519719504936,True,10,10
2026-08-24 11:10:33.259183,0.0,0.02120200739992453,0.04261784342036362,0.1,0.1,0.1,0.02040074339056178,0.004167094710447082,True,10,10
2026-08-24 11:10:33.276067,0.0,0.02120200739992453,0.04317240604521305,0.1,0.1,0.1,0.02040074339056178,0.004752898166397519,True,10,10
2026-08-24 11:10:33.300540,0.0,0.02120200739992453,0.04381369970974517,0.1,0.1,0.1,0.02040074339056178,0.005407674063879651,True,10,10
2026-08-24 11:10:33.322525,0.0,0.02120200739992453,0.0438597781877795,0.1,0.1,0.1,0.02040074339056178,0.005078430223868323,True,10,10
2026-08-24 11:10:33.341175,0.0,0.02120200739992453,0.04355110902622225,0.1,0.1,0.1,0.02040074339056178,0.004362092666936039,True,10,10
2026-08-24 11:10:33.362906,0.0,0.02120200739992453,0.04355110902622225,0.1,0.1,0.1,0.02040074339056178,0.004362092666936039,True,10,10
2026-08-24 11:10:33.369972,0.001161892658212726,0.02120200739992453,0.04328832263370516,0.1,0.1,0.1,0.02040074339056178,0.0035906134882570475,True,10,10
2026-08-24 11:10:33.386709,0.0013273804361356376,0.02120200739992453,0.043179040730391506,0.1,0.1,0.1,0.02040074339056178,0.0031831460710884368,True,10,10
2026-08-24 11:10:33.401403,0.0016872677864760118,0.02120200739992453,0.04310548874956363,0.1,0.1,0.1,0.02040074339056178,0.002888716242008634,True,10,10
2026-08-24 11:10:33.417361,0.0016872677864760118,0.02120200739992453,0.04310548874956363,0.1,0.1,0.1,0.02040074339056178,0.002888716242008634,True,10,10
2026-08-24 11:10:33.433135,0.0024367624104384006,0.02120200739992453,0.04306565471402337,0.1,0.1,0.1,0.02040074339056178,0.0022807548115220786,True,10,10
2026-08-24 11:10:33.448880,0.0024367624104384006,0.02120200739992453,0.04306565471402337,0.1,0.1,0.1,0.02040074339056178,0.0022807548115220786,True,10,10
2026-08-24 11:10:33.466611,0.003246644071438185,0.02120200739992453,0.04318812689447425,0.1,0.1,0.1,0.02040074339056178,0.001669637403509375,True,10,10
2026-08-24 11:10:33.482513,0.003246644071438185,0.02120200739992453,0.04318812689447425,0.1,0.1,0.1,0.02040074339056178,0.001669637403509375,True,10,10
2026-08-24 11:10:33.497409,0.0036996947379189394,0.02120200739992453,0.043331087159113796,0.1,0.1,0.1,0.02040074339056178,0.0013982305958501844,True,10,10
2026-08-24 11:10:33.513681,0.004185249063005994,0.02120200739992453,0.04352381250839119,0.1,0.1,0.1,0.02040074339056178,0.0011361744400487312,True,10,10
2026-08-24 11:10:33.528041,0.004708152575478522,0.02120200739992453,0.04377946533029797,0.1,0.1,0.1,0.02040074339056178,0.0,True,10,10
2026-08-24 11:10:33.546712,0.0059585706814443825,0.02120200739992453,0.044499266704320146,0.1,0.1,0.1,0.02040074339056178,0.0,True,10,10
2026-08-24 11:10:33.565845,0.0059585706814443825,0.02120200739992453,0.044499266704320146,0.1,0.1,0.1,0.02040074339056178,0.0,True,10,10
2026-08-24 11:10:33.577275,0.007522947647519364,0.02120200739992453,0.045555731449294694,0.1,0.1,0.1,0.02040074339056178,0.0,True,10,10
2026-08-24 11:10:33.598087,0.007522947647519364,0.02120200739992453,0.045555731449294694,0.1,0.1,0.1,0.02040074339056178,0.0,True,10,10
2026-08-24 11:10:33.609983,0.007499910555027423,0.02120200739992453,0.045391106746245136,0.1,0.1,0.1,0.02040074339056178,0.0,True,10,10
2026-08-24 11:10:33.629871,0.007100903157646251,0.02120200739992453,0.04479641877072068,0.1,0.1,0.1,0.02040074339056178,0.0,True,10,10
2026-08-24 11:10:33.639894,0.0067291653251635,0.02120200739992453,0.044252276095257725,0.1,0.1,0.1,0.02040074339056178,0.0,True,10,10
2026-08-24 11:10:33.656276,0.006383526496734116,0.02120200739992453,0.043755962949035845,0.1,0.1,0.1,0.02040074339056178,0.0,True,10,10
2026-08-24 11:10:33.675016,0.006059600600226206,0.02120200739992453,0.043306459189089985,0.1,0.1,0.1,0.02040074339056178,0.0,True,10,10
2026-08-24 11:10:33.689077,0.005754684273123939,0.02120200739992453,0.04290278889326581,0.1,0.1,0.1,0.02040074339056178,0.0010568844857150072,True,10,10
2026-08-24 11:10:33.703508,0.005207874648318514,0.02120200739992453,0.04248537256640955,0.1,0.1,0.1,0.02040074339056178,0.0011946231846211948,True,10,10
2026-08-24 11:10:33.727052,0.004653508632572582,0.02120200739992453,0.04213899623539421,0.1,0.1,0.1,0.02040074339056178,0.0013309527627515295,True,10,10
2026-08-24 11:10:33.736878,0.0040968053959585405,0.02120200739992453,0.04187365853572631,0.1,0.1,0.1,0.02040074339056178,0.0014685997740485942,True,10,10
2026-08-24 11:10:33.752865,0.002992835118705089,0.02120200739992453,0.041603175031566075,0.1,0.1,0.1,0.02040074339056178,0.0017608046543765032,True,10,10
2026-08-24 11:10:33.766623,0.002992835118705089,0.02120200739992453,0.041603175031566075,0.1,0.1,0.1,0.02040074339056178,0.0017608046543765032,True,10,10
2026-08-24 11:10:33.783514,0.0019879212481313147,0.02120200739992453,0.04164275499069886,0.1,0.1,0.1,0.02040074339056178,0.0021381559063046434,True,10,10
2026-08-24 11:10:33.799211,0.0019879212481313147,0.02120200739992453,0.04164275499069886,0.1,0.1,0.1,0.02040074339056178,0.0021381559063046434,True,10,10
2026-08-24 11:10:33.816033,0.0015517920818516396,0.02120200739992453,0.04181656422453593,0.1,0.1,0.1,0.02040074339056178,0.002444934629544431,True,10,10
2026-08-24 11:10:33.831976,0.001141928049935901,0.02120200739992453,0.04210527368085846,0.1,0.1,0.1,0.02040074339056178,0.002790299966842007,True,10,10
2026-08-24 11:10:33.845807,0.0010598289262472487,0.02120200739992453,0.042414314197931735,0.1,0.1,0.1,0.02040074339056178,0.0029159816791984243,True,10,10
2026-08-24 11:10:33.864113,0.001196382769478844,0.02120200739992453,0.0423988244705438,0.1,0.1,0.1,0.02040074339056178,0.0026765422388410854,True,10,10
2026-08-24 11:10:33.877258,0.001196382769478844,0.02120200739992453,0.0423988244705438,0.1,0.1,0.1,0.02040074339056178,0.0026765422388410854,True,10,10
2026-08-24 11:10:33.893147,0.001770695955919565,0.02120200739992453,0.04235158428386149,0.1,0.1,0.1,0.02040074339056178,0.0022689413155837536,True,10,10
2026-08-24 11:10:33.911042,0.001770695955919565,0.02120200739992453,0.04235158428386149,0.1,0.1,0.1,0.02040074339056178,0.0022689413155837536,True,10,10
2026-08-24 11:10:33.926938,0.0020706303923761207,0.02120200739992453,0.04236867540787209,0.1,0.1,0.1,0.02040074339056178,0.0019543144050600983,True,10,10
2026-08-24 11:10:33.943396,0.0027444780199732503,0.02120200739992453,0.042492047496485746,0.1,0.1,0.1,0.02040074339056178,0.00133777597938204,True,10,10
2026-08-24 11:10:33.956145,0.003114546752365162,0.02120200739992453,0.042605559230756714,0.1,0.1,0.1,0.02040074339056178,0.0010364746141675674,True,10,10
2026-08-24 11:10:33.972016,0.0035127487663485983,0.02120200739992453,0.042763568972220264,0.1,0.1,0.1,0.02040074339056178,0.0,True,10,10
2026-08-24 11:10:33.989820,0.004197347230241913,0.02120200739992453,0.04306554083178992,0.1,0.1,0.1,0.02040074339056178,0.0,True,10,10
2026-08-24 11:10:34.003554,0.004197347230241913,0.02120200739992453,0.04306554083178992,0.1,0.1,0.1,0.02040074339056178,0.0,True,10,10
2026-08-24 11:10:34.020770,0.0046531639710749376,0.02120200739992453,0.043189668598434046,0.1,0.1,0.1,0.02040074339056178,0.0,True,10,10
2026-08-24 11:10:34.034646,0.004757873794563918,0.02120200739992453,0.04309050474784797,0.1,0.1,0.1,0.02040074339056178,0.0,True,10,10
2026-08-24 11:10:34.054296,0.004554870302923573,0.02120200739992453,0.04240556940683376,0.1,0.1,0.1,0.02040074339056178,0.0,True,10,10
2026-08-24 11:10:34.068165,0.00452753960906904,0.02120200739992453,0.042114360009127105,0.1,0.1,0.1,0.02040074339056178,0.0,True,10,10
2026-08-24 11:10:34.081988,0.00452753960906904,0.02120200739992453,0.042114360009127105,0.1,0.1,0.1,0.02040074339056178,0.0,True,10,10
2026-08-24 11:10:34.097471,0.004496175461342513,0.02120200739992453,0.041824719454868015,0.1,0.1,0.1,0.02040074339056178,0.0,True,10,10
2026-08-24 11:10:34.113233,0.004016316649189563,0.02120200739992453,0.04143032863939998,0.1,0.1,0.1,0.02040074339056178,0.0,True,10,10
2026-08-24 11:10:34.131128,0.0030435161653934763,0.02120200739992453,0.04087989289195598,0.1,0.1,0.1,0.02040074339056178,0.0,True,10,10
2026-08-24 11:10:34.144928,0.0030435161653934763,0.02120200739992453,0.04087989289195598,0.1,0.1,0.1,0.02040074339056178,0.0,True,10,10
2026-08-24 11:10:34.161825,0.0026747855416465374,0.02120200739992453,0.040708805030269156,0.1,0.1,0.1,0.02040074339056178,0.0012100846904326036,True,10,10
2026-08-24 11:10:34.177353,0.002014613385635608,0.02120200739992453,0.04057265791161476,0.1,0.1,0.1,0.02040074339056178,0.0020598745154166106,True,10,10
2026-08-24 11:10:34.192946,0.0017078861146577783,0.02120200739992453,0.040671949957021815,0.1,0.1,0.1,0.02040074339056178,0.0025336321977536217,True,10,10
2026-08-24 11:10:34.209913,0.0017078861146577783,0.02120200739992453,0.040671949957021815,0.1,0.1,0.1,0.02040074339056178,0.0025336321977536217,True,10,10
2026-08-24 11:10:34.223750,0.0011127233271053694,0.02120200739992453,0.04097721026159994,0.1,0.1,0.1,0.02040074339056178,0.00276203607003752,True,10,10
2026-08-24 11:10:34.239643,0.0011187348323927636,0.02120200739992453,0.04102093451044156,0.1,0.1,0.1,0.02040074339056178,0.0026615670199125275,True,10,10
2026-08-24 11:10:34.256730,0.0011187348323927636,0.02120200739992453,0.04102093451044156,0.1,0.1,0.1,0.02040074339056178,0.0026615670199125275,True,10,10
2026-08-24 11:10:34.270942,0.00125964510085052,0.02120200739992453,0.04102034340352381,0.1,0.1,0.1,0.02040074339056178,0.002551348554269793,True,10,10
2026-08-24 11:10:34.288336,0.0016085045411982054,0.02120200739992453,0.040983759635561105,0.1,0.1,0.1,0.02040074339056178,0.0022086958955469947,True,10,10
2026-08-24 11:10:34.304468,0.0016085045411982054,0.02120200739992453,0.040983759635561105,0.1,0.1,0.1,0.02040074339056178,0.0022086958955469947,True,10,10
2026-08-24 11:10:34.320446,0.001959531841896816,0.02120200739992453,0.04097442667747544,0.1,0.1,0.1,0.02040074339056178,0.001899343580795071,True,10,10
2026-08-24 11:10:34.336543,0.0027294318387879237,0.02120200739992453,0.04106573881071014,0.1,0.1,0.1,0.02040074339056178,0.0012953158873950956,True,10,10
2026-08-24 11:10:34.350247,0.0028678612526211334,0.02120200739992453,0.041095556452573616,0.1,0.1,0.1,0.02040074339056178,0.0,True,10,10
2026-08-24 11:10:34.367374,0.0028678612526211334,0.02120200739992453,0.041095556452573616,0.1,0.1,0.1,0.02040074339056178,0.0,True,10,10
2026-08-24 11:10:34.382385,0.003403446755140592,0.02120200739992453,0.04113517677806747,0.1,0.1,0.1,0.02040074339056178,0.0,True,10,10
2026-08-24 11:10:34.400752,0.003999764788862013,0.02120200739992453,0.04123431570113431,0.1,0.1,0.1,0.02040074339056178,0.0,True,10,10
2026-08-24 11:10:34.416302,0.003999764788862013,0.02120200739992453,0.04123431570113431,0.1,0.1,0.1,0.02040074339056178,0.0,True,10,10
2026-08-24 11:10:34.431473,0.004250373510367619,0.02120200739992453,0.04104202626037485,0.1,0.1,0.1,0.02040074339056178,0.0,True,10,10
2026-08-24 11:10:34.449055,0.004250373510367619,0.02120200739992453,0.04104202626037485,0.1,0.1,0.1,0.02040074339056178,0.0,True,10,10
2026-08-24 11:10:34.462558,0.003770318280824925,0.02120200739992453,0.04074358980775397,0.1,0.1,0.1,0.02040074339056178,0.0,True,10,10
2026-08-24 11:10:34.477801,0.0033137004029590656,0.02120200739992453,0.04049426952644322,0.1,0.1,0.1,0.02040074339056178,0.0,True,10,10
2026-08-24 11:10:34.494491,0.00284840955400413,0.02120200739992453,0.04031209560272996,0.1,0.1,0.1,0.02040074339056178,0.0,True,10,10
2026-08-24 11:10:34.510379,0.0022094523940922968,0.02120200739992453,0.040060677185661045,0.1,0.1,0.1,0.02040074339056178,0.0017837199897006715,True,10,10
2026-08-24 11:10:34.524686,0.0022094523940922968,0.02120200739992453,0.040060677185661045,0.1,0.1,0.1,0.02040074339056178,0.0017837199897006715,True,10,10
2026-08-24 11:10:34.543315,0.0018982417168115836,0.02120200739992453,0.04008026592935074,0.1,0.1,0.1,0.02040074339056178,0.0021959433692709594,True,10,10
2026-08-24 11:10:34.559056,0.0015978087245310285,0.02120200739992453,0.04020411545449352,0.1,0.1,0.1,0.02040074339056178,0.0026355868785303033,True,10,10
2026-08-24 11:10:34.573170,0.0010642296405793796,0.02120200739992453,0.04073505691555154,0.1,0.1,0.1,0.02040074339056178,0.003629571194664052,True,10,10
2026-08-24 11:10:34.589060,0.0,0.02120200739992453,0.041156330975970996,0.1,0.1,0.1,0.02040074339056178,0.004200734287269382,True,10,10
2026-08-24 11:10:34.604980,0.0,0.02120200739992453,0.0414419259940694,0.1,0.1,0.1,0.02040074339056178,0.004130206925505177,True,10,10
2026-08-24 11:10:34.622149,0.0,0.02120200739992453,0.04131822291808635,0.1,0.1,0.1,0.02040074339056178,0.0037452924643447587,True,10,10
2026-08-24 11:10:34.634907,0.0,0.02120200739992453,0.04120559785222635,0.1,0.1,0.1,0.02040074339056178,0.0033449887882081152,True,10,10
2026-08-24 11:10:34.652646,0.001048669285986909,0.02120200739992453,0.041105576314803764,0.1,0.1,0.1,0.02040074339056178,0.002933962708801534,True,10,10
2026-08-24 11:10:34.668182,0.001048669285986909,0.02120200739992453,0.041105576314803764,0.1,0.1,0.1,0.02040074339056178,0.002933962708801534,True,10,10
2026-08-24 11:10:34.683797,0.0018034145289799873,0.02120200739992453,0.040929615653970644,0.1,0.1,0.1,0.02040074339056178,0.002327884962371955,True,10,10
2026-08-24 11:10:34.699703,0.0018034145289799873,0.02120200739992453,0.040929615653970644,0.1,0.1,0.1,0.02040074339056178,0.002327884962371955,True,10,10
2026-08-24 11:10:34.715733,0.0022169035994900116,0.02120200739992453,0.04093342913345256,0.1,0.1,0.1,0.02040074339056178,0.0020502760039682586,True,10,10
2026-08-24 11:10:34.730611,0.0026530670076072623,0.02120200739992453,0.04097699563757515,0.1,0.1,0.1,0.02040074339056178,0.0017769129147924179,True,10,10
2026-08-24 11:10:34.745239,0.003116608429001539,0.02120200739992453,0.04106434770049855,0.1,0.1,0.1,0.02040074339056178,0.0015111968026881304,True,10,10
2026-08-24 11:10:34.762306,0.004147198592560345,0.02120200739992453,0.04140235754674703,0.1,0.1,0.1,0.02040074339056178,0.0,True,10,10
2026-08-24 11:10:34.776875,0.004739203170892591,0.02120200739992453,0.04167332839028173,0.1,0.1,0.1,0.02040074339056178,0.0,True,10,10
2026-08-24 11:10:34.796032,0.004739203170892591,0.02120200739992453,0.04167332839028173,0.1,0.1,0.1,0.02040074339056178,0.0,True,10,10
2026-08-24 11:10:34.816292,0.005390483308451623,0.02120200739992453,0.0420079707280561,0.1,0.1,0.1,0.02040074339056178,0.0,True,10,10
2026-08-24 11:10:34.824143,0.00583307927074395,0.02120200739992453,0.04179893466127257,0.1,0.1,0.1,0.02040074339056178,0.0,True,10,10
2026-08-24 11:10:34.839507,0.005305450458738335,0.02120200739992453,0.04137115002021336,0.1,0.1,0.1,0.02040074339056178,0.0,True,10,10
2026-08-24 11:10:34.857321,0.005305450458738335,0.02120200739992453,0.04137115002021336,0.1,0.1,0.1,0.02040074339056178,0.0,True,10,10
2026-08-24 11:10:34.872987,0.004376235853417822,0.02120200739992453,0.04057110293756867,0.1,0.1,0.1,0.02040074339056178,0.0,True,10,10
2026-08-24 11:10:34.891590,0.004376235853417822,0.02120200739992453,0.04057110293756867,0.1,0.1,0.1,0.02040074339056178,0.0,True,10,10
2026-08-24 11:10:34.905275,0.003895169133084568,0.02120200739992453,0.04026760643394522,0.1,0.1,0.1,0.02040074339056178,0.0,True,10,10
2026-08-24 11:10:34.918864,0.003405947265446305,0.02120200739992453,0.040035451448238696,0.1,0.1,0.1,0.02040074339056178,0.0010543822270479093,True,10,10
2026-08-24 11:10:34.936805,0.00258866834455769,0.02120200739992453,0.03971531537923796,0.1,0.1,0.1,0.02040074339056178,0.0015658944858350959,True,10,10
2026-08-24 11:10:34.951807,0.00258866834455769,0.02120200739992453,0.03971531537923796,0.1,0.1,0.1,0.02040074339056178,0.0015658944858350959,True,10,10
2026-08-24 11:10:34.966744,0.0018852464763173225,0.02120200739992453,0.03974986266067956,0.1,0.1,0.1,0.02040074339056178,0.002337295002645481,True,10,10
2026-08-24 11:10:34.984887,0.0018852464763173225,0.02120200739992453,0.03974986266067956,0.1,0.1,0.1,0.02040074339056178,0.002337295002645481,True,10,10
2026-08-24 11:10:34.998811,0.0015512122648481568,0.02120200739992453,0.03992128313685056,0.1,0.1,0.1,0.02040074339056178,0.002763376885357792,True,10,10
2026-08-24 11:10:35.016374,0.0012597174676500277,0.02120200739992453,0.04016100416976526,0.1,0.1,0.1,0.02040074339056178,0.003237389941523867,True,10,10
2026-08-24 11:10:35.032449,0.0,0.02120200739992453,0.04101142642451263,0.1,0.1,0.1,0.02040074339056178,0.004332309046055738,True,10,10
2026-08-24 11:10:35.046360,0.0,0.02120200739992453,0.0414973206041455,0.1,0.1,0.1,0.02040074339056178,0.004481464186502826,True,10,10
2026-08-24 11:10:35.063150,0.0,0.02120200739992453,0.0414973206041455,0.1,0.1,0.1,0.02040074339056178,0.004481464186502826,True,10,10
2026-08-24 11:10:35.079876,0.0,0.02120200739992453,0.04148295729088963,0.1,0.1,0.1,0.02040074339056178,0.00415821841657913,True,10,10
2026-08-24 11:10:35.095320,0.0,0.02120200739992453,0.04133243354557778,0.1,0.1,0.1,0.02040074339056178,0.0037621793595965167,True,10,10
2026-08-24 11:10:35.110979,0.0,0.02120200739992453,0.04119447055977379,0.1,0.1,0.1,0.02040074339056178,0.0033541312812175902,True,10,10
2026-08-24 11:10:35.126913,0.0,0.02120200739992453,0.041070355921732096,0.1,0.1,0.1,0.02040074339056178,0.0029363853015108095,True,10,10
2026-08-24 11:10:35.142893,0.0013880806024913473,0.02120200739992453,0.040939547469013876,0.1,0.1,0.1,0.02040074339056178,0.0026263844857649294,True,10,10
2026-08-24 11:10:35.158879,0.0021887365274889546,0.02120200739992453,0.040835905913595,0.1,0.1,0.1,0.02040074339056178,0.002031436895755841,True,10,10
2026-08-24 11:10:35.174722,0.0021887365274889546,0.02120200739992453,0.040835905913595,0.1,0.1,0.1,0.02040074339056178,0.002031436895755841,True,10,10
2026-08-24 11:10:35.190595,0.0030954871208524436,0.02120200739992453,0.040941503635640086,0.1,0.1,0.1,0.02040074339056178,0.0014822653822724385,True,10,10
2026-08-24 11:10:35.207663,0.003598622527247446,0.02120200739992453,0.041067139623759207,0.1,0.1,0.1,0.02040074339056178,0.0012262786123953585,True,10,10
2026-08-24 11:10:35.220707,0.004150312741621514,0.02120200739992453,0.04128252885203956,0.1,0.1,0.1,0.02040074339056178,0.0,True,10,10
2026-08-24 11:10:35.239602,0.004150312741621514,0.02120200739992453,0.04128252885203956,0.1,0.1,0.1,0.02040074339056178,0.0,True,10,10
2026-08-24 11:10:35.253771,0.004754994723925803,0.02120200739992453,0.041557202331567525,0.1,0.1,0.1,0.02040074339056178,0.0,True,10,10
2026-08-24 11:10:35.274949,0.005007922564719071,0.02120200739992453,0.0416112059689437,0.1,0.1,0.1,0.02040074339056178,0.0,True,10,10
2026-08-24 11:10:35.283053,0.004519198809422961,0.02120200739992453,0.041003340452836205,0.1,0.1,0.1,0.02040074339056178,0.0,True,10,10
2026-08-24 11:10:35.306512,0.004519198809422961,0.02120200739992453,0.041003340452836205,0.1,0.1,0.1,0.02040074339056178,0.0,True,10,10
2026-08-24 11:10:35.314786,0.004102466697453317,0.02120200739992453,0.040534209459722734,0.1,0.1,0.1,0.02040074339056178,0.001447035689507047,True,10,10
2026-08-24 11:10:35.329933,0.004102466697453317,0.02120200739992453,0.040534209459722734,0.1,0.1,0.1,0.02040074339056178,0.001447035689507047,True,10,10
2026-08-24 11:10:35.347013,0.003912206943053326,0.02120200739992453,0.04034968070428662,0.1,0.1,0.1,0.02040074339056178,0.0017345131335946302,True,10,10
2026-08-24 11:10:35.363198,0.003554319926626897,0.02120200739992453,0.04007847764318821,0.1,0.1,0.1,0.02040074339056178,0.002331003044530157,True,10,10
2026-08-24 11:10:35.377079,0.003554319926626897,0.02120200739992453,0.04007847764318821,0.1,0.1,0.1,0.02040074339056178,0.002331003044530157,True,10,10
2026-08-24 11:10:35.393003,0.0033852490282570377,0.02120200739992453,0.03999095055696169,0.1,0.1,0.1,0.02040074339056178,0.002637935758331331,True,10,10
2026-08-24 11:10:35.410705,0.003223877997102806,0.02120200739992453,0.0399349140978619,0.1,0.1,0.1,0.02040074339056178,0.0029511113105033775,True,10,10
2026-08-24 11:10:35.426413,0.002950951836335725,0.02120200739992453,0.03988490270437953,0.1,0.1,0.1,0.02040074339056178,0.0032230552720294015,True,10,10
2026-08-24 11:10:35.442359,0.0025160674982414033,0.02120200739992453,0.039973467829260534,0.1,0.1,0.1,0.02040074339056178,0.0034406464207040245,True,10,10
2026-08-24 11:10:35.458349,0.002085124246640745,0.02120200739992453,0.04015153388890926,0.1,0.1,0.1,0.02040074339056178,0.0036736805248765493,True,10,10
2026-08-24 11:10:35.475997,0.0016636178736123778,0.02120200739992453,0.040424807661644496,0.1,0.1,0.1,0.02040074339056178,0.0039278209146147046,True,10,10
2026-08-24 11:10:35.491941,0.0,0.02120200739992453,0.04121720996312528,0.1,0.1,0.1,0.02040074339056178,0.004556466375116535,True,10,10
2026-08-24 11:10:35.506546,0.0,0.02120200739992453,0.04121720996312528,0.1,0.1,0.1,0.02040074339056178,0.004556466375116535,True,10,10
2026-08-24 11:10:35.519117,0.0,0.02120200739992453,0.04179499667141724,0.1,0.1,0.1,0.02040074339056178,0.004580762662783895,True,10,10
2026-08-24 11:10:35.534901,0.0,0.02120200739992453,0.04179499667141724,0.1,0.1,0.1,0.02040074339056178,0.004580762662783895,True,10,10
2026-08-24 11:10:35.552302,0.0,0.02120200739992453,0.0416341493966862,0.1,0.1,0.1,0.02040074339056178,0.004169622143799231,True,10,10
2026-08-24 11:10:35.568439,0.0,0.02120200739992453,0.04148370048476338,0.1,0.1,0.1,0.02040074339056178,0.0037458295049887106,True,10,10
2026-08-24 11:10:35.585190,0.0013592050082248373,0.02120200739992453,0.04119564923802402,0.1,0.1,0.1,0.02040074339056178,0.0029790265161544803,True,10,10
2026-08-24 11:10:35.599799,0.0013592050082248373,0.02120200739992453,0.04119564923802402,0.1,0.1,0.1,0.02040074339056178,0.0029790265161544803,True,10,10
2026-08-24 11:10:35.615167,0.0017086646653624417,0.02120200739992453,0.04108710410775954,0.1,0.1,0.1,0.02040074339056178,0.00264163509915274,True,10,10
2026-08-24 11:10:35.632858,0.002479871655462901,0.02120200739992453,0.04104207197086453,0.1,0.1,0.1,0.02040074339056178,0.0020207647277813738,True,10,10
2026-08-24 11:10:35.647059,0.002479871655462901,0.02120200739992453,0.04104207197086453,0.1,0.1,0.1,0.02040074339056178,0.0020207647277813738,True,10,10
2026-08-24 11:10:35.666170,0.0028977919379855324,0.02120200739992453,0.04108056032712537,0.1,0.1,0.1,0.02040074339056178,0.0017179701598666693,True,10,10
2026-08-24 11:10:35.678782,0.0033439814765388876,0.02120200739992453,0.04116485864818505,0.1,0.1,0.1,0.02040074339056178,0.0014255109990110588,True,10,10
2026-08-24 11:10:35.694058,0.0038335513404467504,0.02120200739992453,0.04132990459028102,0.1,0.1,0.1,0.02040074339056178,0.0011671928765742844,True,10,10
2026-08-24 11:10:35.710541,0.004953137582443056,0.02120200739992453,0.041831015151373156,0.1,0.1,0.1,0.02040074339056178,0.0,True,10,10
2026-08-24 11:10:35.725769,0.004953137582443056,0.02120200739992453,0.041831015151373156,0.1,0.1,0.1,0.02040074339056178,0.0,True,10,10
2026-08-24 11:10:35.742897,0.005601318153886839,0.02120200739992453,0.042184424011954526,0.1,0.1,0.1,0.02040074339056178,0.0,True,10,10
2026-08-24 11:10:35.759855,0.0056245350838066,0.02120200739992453,0.04192857225272595,0.1,0.1,0.1,0.02040074339056178,0.0,True,10,10
2026-08-24 11:10:35.773983,0.005257625705475992,0.02120200739992453,0.04116716260559438,0.1,0.1,0.1,0.02040074339056178,0.0,True,10,10
2026-08-24 11:10:35.789880,0.005257625705475992,0.02120200739992453,0.04116716260559438,0.1,0.1,0.1,0.02040074339056178,0.0,True,10,10
2026-08-24 11:10:35.807932,0.004783852271738248,0.02120200739992453,0.04073345693917221,0.1,0.1,0.1,0.02040074339056178,0.0,True,10,10
2026-08-24 11:10:35.821902,0.0043030357809794575,0.02120200739992453,0.04036778460335191,0.1,0.1,0.1,0.02040074339056178,0.0,True,10,10
2026-08-24 11:10:35.839124,0.003816412833054521,0.02120200739992453,0.040073879647963696,0.1,0.1,0.1,0.02040074339056178,0.0,True,10,10
2026-08-24 11:10:35.854836,0.0028884855676919205,0.02120200739992453,0.03967094609444075,0.1,0.1,0.1,0.02040074339056178,0.001274655076742898,True,10,10
2026-08-24 11:10:35.870707,0.0028884855676919205,0.02120200739992453,0.03967094609444075,0.1,0.1,0.1,0.02040074339056178,0.001274655076742898,True,10,10
2026-08-24 11:10:35.885300,0.0021345373762175503,0.02120200739992453,0.039557995539137504,0.1,0.1,0.1,0.02040074339056178,0.0019808185194777864,True,10,10
2026-08-24 11:10:35.901916,0.0017767995598810236,0.02120200739992453,0.039657108111027524,0.1,0.1,0.1,0.02040074339056178,0.0023723961179520116,True,10,10
2026-08-24 11:10:35.919072,0.0017767995598810236,0.02120200739992453,0.039657108111027524,0.1,0.1,0.1,0.02040074339056178,0.0023723961179520116,True,10,10
2026-08-24 11:10:35.932840,0.0011422592489127917,0.02120200739992453,0.0401479347622459,0.1,0.1,0.1,0.02040074339056178,0.0032736055224850584,True,10,10
2026-08-24 11:10:35.950964,0.0011422592489127917,0.02120200739992453,0.0401479347622459,0.1,0.1,0.1,0.02040074339056178,0.0032736055224850584,True,10,10
2026-08-24 11:10:35.966814,0.0,0.02120200739992453,0.04045981761412499,0.1,0.1,0.1,0.02040074339056178,0.0031816188348823926,True,10,10
2026-08-24 11:10:35.980672,0.0012081087689782104,0.02120200739992453,0.040458485675674505,0.1,0.1,0.1,0.02040074339056178,0.0028645292238718666,True,10,10
2026-08-24 11:10:35.998273,0.001545397467559417,0.02120200739992453,0.04043455234358535,0.1,0.1,0.1,0.02040074339056178,0.0026089389452299046,True,10,10
2026-08-24 11:10:36.014600,0.001545397467559417,0.02120200739992453,0.04043455234358535,0.1,0.1,0.1,0.02040074339056178,0.0026089389452299046,True,10,10
2026-08-24 11:10:36.028458,0.0018882384591356338,0.02120200739992453,0.040435703680767356,0.1,0.1,0.1,0.02040074339056178,0.002336280317858291,True,10,10
2026-08-24 11:10:36.045916,0.002609707365579869,0.02120200739992453,0.04053056080312664,0.1,0.1,0.1,0.02040074339056178,0.001776919921593627,True,10,10
2026-08-24 11:10:36.060240,0.002609707365579869,0.02120200739992453,0.04053056080312664,0.1,0.1,0.1,0.02040074339056178,0.001776919921593627,True,10,10
2026-08-24 11:10:36.075775,0.00342201553875522,0.02120200739992453,0.04079739284042297,0.1,0.1,0.1,0.02040074339056178,0.0012602946227913167,True,10,10
2026-08-24 11:10:36.091915,0.0038660683011688835,0.02120200739992453,0.04098463325541264,0.1,0.1,0.1,0.02040074339056178,0.0,True,10,10
2026-08-24 11:10:36.107963,0.004344400710478871,0.02120200739992453,0.041217804675543465,0.1,0.1,0.1,0.02040074339056178,0.0,True,10,10
2026-08-24 11:10:36.123967,0.004344400710478871,0.02120200739992453,0.041217804675543465,0.1,0.1,0.1,0.02040074339056178,0.0,True,10,10
2026-08-24 11:10:36.140832,0.00565072556891901,0.02120200739992453,0.04191510493565738,0.1,0.1,0.1,0.02040074339056178,0.0,True,10,10
2026-08-24 11:10:36.155855,0.00565072556891901,0.02120200739992453,0.04191510493565738,0.1,0.1,0.1,0.02040074339056178,0.0,True,10,10
2026-08-24 11:10:36.171684,0.007228506617863728,0.02120200739992453,0.04290571298045965,0.1,0.1,0.1,0.02040074339056178,0.0,True,10,10
2026-08-24 11:10:36.189792,0.007184159582406148,0.02120200739992453,0.04260332580229419,0.1,0.1,0.1,0.02040074339056178,0.0,True,10,10
2026-08-24 11:10:36.203604,0.0067259431024344375,0.02120200739992453,0.04201816782674578,0.1,0.1,0.1,0.02040074339056178,0.0,True,10,10
2026-08-24 11:10:36.220713,0.006275092832135971,0.02120200739992453,0.04146591833334188,0.1,0.1,0.1,0.02040074339056178,0.0,True,10,10
2026-08-24 11:10:36.236867,0.005810995349438649,0.02120200739992453,0.04097382072090997,0.1,0.1,0.1,0.02040074339056178,0.0,True,10,10
2026-08-24 11:10:36.252834,0.005333263222567237,0.02120200739992453,0.040545084330491796,0.1,0.1,0.1,0.02040074339056178,0.0,True,10,10
2026-08-24 11:10:36.268678,0.005333263222567237,0.02120200739992453,0.040545084330491796,0.1,0.1,0.1,0.02040074339056178,0.0,True,10,10
2026-08-24 11:10:36.283844,0.004365531348661602,0.02120200739992453,0.03984365264930941,0.1,0.1,0.1,0.02040074339056178,0.0010895056974418473,True,10,10
2026-08-24 11:10:36.307950,0.0038784837740692274,0.02120200739992453,0.03957711473254853,0.1,0.1,0.1,0.02040074339056178,0.0012393008845702097,True,10,10
2026-08-24 11:10:36.317132,0.0038784837740692274,0.02120200739992453,0.03957711473254853,0.1,0.1,0.1,0.02040074339056178,0.0012393008845702097,True,10,10
2026-08-24 11:10:36.329665,0.0029722294984703434,0.02120200739992453,0.039258564914686045,0.1,0.1,0.1,0.02040074339056178,0.0016961657181744961,True,10,10
2026-08-24 11:10:36.347559,0.0029722294984703434,0.02120200739992453,0.039258564914686045,0.1,0.1,0.1,0.02040074339056178,0.0016961657181744961,True,10,10
2026-08-24 11:10:36.361449,0.0025772016834872077,0.02120200739992453,0.03922830952929403,0.1,0.1,0.1,0.02040074339056178,0.0020393577144422206,True,10,10
2026-08-24 11:10:36.379259,0.0018609856659745428,0.02120200739992453,0.03935408208346746,0.1,0.1,0.1,0.02040074339056178,0.0028128144497834846,True,10,10
2026-08-24 11:10:36.395113,0.0018609856659745428,0.02120200739992453,0.03935408208346746,0.1,0.1,0.1,0.02040074339056178,0.0028128144497834846,True,10,10
2026-08-24 11:10:36.411058,0.0015227001474887075,0.02120200739992453,0.039581771849625226,0.1,0.1,0.1,0.02040074339056178,0.003242432005003944,True,10,10
2026-08-24 11:10:36.426948,0.0012045282978632125,0.02120200739992453,0.03992688507809672,0.1,0.1,0.1,0.02040074339056178,0.003710086774521691,True,10,10
2026-08-24 11:10:36.442809,0.0,0.02120200739992453,0.040336839599576686,0.1,0.1,0.1,0.02040074339056178,0.004234451573266096,True,10,10
2026-08-24 11:10:36.458931,0.0,0.02120200739992453,0.04156521301530114,0.1,0.1,0.1,0.02040074339056178,0.005468371985219983,True,10,10
2026-08-24 11:10:36.472755,0.0,0.02120200739992453,0.04232598263327488,0.1,0.1,0.1,0.02040074339056178,0.005947206371464231,True,10,10
2026-08-24 11:10:36.488741,0.0,0.02120200739992453,0.04232598263327488,0.1,0.1,0.1,0.02040074339056178,0.005947206371464231,True,10,10
2026-08-24 11:10:36.506907,0.0,0.02120200739992453,0.042123203316439345,0.1,0.1,0.1,0.02040074339056178,0.005467223084928887,True,10,10
2026-08-24 11:10:36.520615,0.0,0.02120200739992453,0.04168736124826149,0.1,0.1,0.1,0.02040074339056178,0.004793534683643641,True,10,10
2026-08-24 11:10:36.541968,0.0012379041471790497,0.02120200739992453,0.04149811511615624,0.1,0.1,0.1,0.02040074339056178,0.004445985289709234,True,10,10
2026-08-24 11:10:36.553265,0.0012379041471790497,0.02120200739992453,0.04149811511615624,0.1,0.1,0.1,0.02040074339056178,0.004445985289709234,True,10,10
2026-08-24 11:10:36.574098,0.0015088767373809707,0.02120200739992453,0.04133117787827325,0.1,0.1,0.1,0.02040074339056178,0.004088612366260259,True,10,10
2026-08-24 11:10:36.586153,0.0020576807677053456,0.02120200739992453,0.04107361313020094,0.1,0.1,0.1,0.02040074339056178,0.0033467208721869087,True,10,10
2026-08-24 11:10:36.601376,0.002351307431114351,0.02120200739992453,0.04101237695373977,0.1,0.1,0.1,0.02040074339056178,0.0029892308111517216,True,10,10
2026-08-24 11:10:36.615893,0.002653604519422144,0.02120200739992453,0.040979263769936325,0.1,0.1,0.1,0.02040074339056178,0.0026273331839827543,True,10,10
2026-08-24 11:10:36.635399,0.002653604519422144,0.02120200739992453,0.040979263769936325,0.1,0.1,0.1,0.02040074339056178,0.0026273331839827543,True,10,10
2026-08-24 11:10:36.649577,0.003297076320982261,0.02120200739992453,0.0410116415294125,0.1,0.1,0.1,0.02040074339056178,0.0019032351204763508,True,10,10
2026-08-24 11:10:36.663535,0.0036468126309314197,0.02120200739992453,0.04108435296087415,0.1,0.1,0.1,0.02040074339056178,0.0015491011544419746,True,10,10
2026-08-24 11:10:36.680219,0.0036468126309314197,0.02120200739992453,0.04108435296087415,0.1,0.1,0.1,0.02040074339056178,0.0015491011544419746,True,10,10
2026-08-24 11:10:36.695851,0.004035585820268369,0.02120200739992453,0.041209656937445896,0.1,0.1,0.1,0.02040074339056178,0.001227657090510847,True,10,10
2026-08-24 11:10:36.712617,0.004459402287381584,0.02120200739992453,0.04138149641101414,0.1,0.1,0.1,0.02040074339056178,0.0,True,10,10
2026-08-24 11:10:36.728756,0.004965576389399848,0.02120200739992453,0.04161770902422117,0.1,0.1,0.1,0.02040074339056178,0.0,True,10,10
2026-08-24 11:10:36.742799,0.006379830894698785,0.02120200739992453,0.04237385955072247,0.1,0.1,0.1,0.02040074339056178,0.0,True,10,10
2026-08-24 11:10:36.763277,0.006379830894698785,0.02120200739992453,0.04237385955072247,0.1,0.1,0.1,0.02040074339056178,0.0,True,10,10
2026-08-24 11:10:36.775895,0.006806049885352453,0.02120200739992453,0.04226682738199648,0.1,0.1,0.1,0.02040074339056178,0.0,True,10,10
2026-08-24 11:10:36.790882,0.006806049885352453,0.02120200739992453,0.04226682738199648,0.1,0.1,0.1,0.02040074339056178,0.0,True,10,10
2026-08-24 11:10:36.807627,0.006441307311237827,0.02120200739992453,0.04171156449262126,0.1,0.1,0.1,0.02040074339056178,0.0,True,10,10
2026-08-24 11:10:36.824379,0.006064052492288614,0.02120200739992453,0.04120970165061308,0.1,0.1,0.1,0.02040074339056178,0.0,True,10,10
2026-08-24 11:10:36.836754,0.00567248860362613,0.02120200739992453,0.04076409612162087,0.1,0.1,0.1,0.02040074339056178,0.0,True,10,10
2026-08-24 11:10:36.854898,0.005291071524109421,0.02120200739992453,0.04033134199454092,0.1,0.1,0.1,0.02040074339056178,0.0,True,10,10
2026-08-24 11:10:36.871957,0.004475671762047345,0.02120200739992453,0.039640227054708994,0.1,0.1,0.1,0.02040074339056178,0.0013519223676598554,True,10,10
2026-08-24 11:10:36.890105,0.004475671762047345,0.02120200739992453,0.039640227054708994,0.1,0.1,0.1,0.02040074339056178,0.0013519223676598554,True,10,10
2026-08-24 11:10:36.900827,0.003592326648034503,0.02120200739992453,0.039206425651497956,0.1,0.1,0.1,0.02040074339056178,0.0016906927587680813,True,10,10
2026-08-24 11:10:36.917485,0.003592326648034503,0.02120200739992453,0.039206425651497956,0.1,0.1,0.1,0.02040074339056178,0.0016906927587680813,True,10,10
2026-08-24 11:10:36.931324,0.003138633424088412,0.02120200739992453,0.039095153465498605,0.1,0.1,0.1,0.02040074339056178,0.0018663460785669245,True,10,10
2026-08-24 11:10:36.948444,0.002436843590811645,0.02120200739992453,0.03898245294588923,0.1,0.1,0.1,0.02040074339056178,0.002563827903764467,True,10,10
2026-08-24 11:10:36.964569,0.002436843590811645,0.02120200739992453,0.03898245294588923,0.1,0.1,0.1,0.02040074339056178,0.002563827903764467,True,10,10
2026-08-24 11:10:36.979930,0.0020847455947141332,0.02120200739992453,0.03906803719071555,0.1,0.1,0.1,0.02040074339056178,0.0029314082379644697,True,10,10
2026-08-24 11:10:36.995329,0.0017372478551014967,0.02120200739992453,0.03925557154793223,0.1,0.1,0.1,0.02040074339056178,0.0033171856520969965,True,10,10
2026-08-24 11:10:37.010742,0.0013989968972269945,0.02120200739992453,0.039550553691990946,0.1,0.1,0.1,0.02040074339056178,0.0037264370504151638,True,10,10
2026-08-24 11:10:37.030624,0.0,0.02120200739992453,0.04036206174151889,0.1,0.1,0.1,0.02040074339056178,0.0048318010421035075,True,10,10
2026-08-24 11:10:37.044246,0.0,0.02120200739992453,0.04036206174151889,0.1,0.1,0.1,0.02040074339056178,0.0048318010421035075,True,10,10
2026-08-24 11:10:37.064792,0.0,0.02120200739992453,0.04097601657682318,0.1,0.1,0.1,0.02040074339056178,0.005532953123123287,True,10,10
2026-08-24 11:10:37.092814,0.0,0.02120200739992453,0.04258689715943283,0.1,0.1,0.1,0.02040074339056178,0.00717561847362258,True,10,10
2026-08-24 11:10:37.107227,0.0,0.02120200739992453,0.04258689715943283,0.1,0.1,0.1,0.02040074339056178,0.00717561847362258,True,10,10
2026-08-24 11:10:37.121761,0.0,0.02120200739992453,0.0448137061161568,0.1,0.1,0.1,0.02040074339056178,0.00924662586655247,True,10,10
2026-08-24 11:10:37.139844,0.0,0.02120200739992453,0.0448137061161568,0.1,0.1,0.1,0.02040074339056178,0.00924662586655247,True,10,10
2026-08-24 11:10:37.155896,0.0,0.02120200739992453,0.044948664382244014,0.1,0.1,0.1,0.02040074339056178,0.008676881050308585,True,10,10
2026-08-24 11:10:37.171116,0.0,0.02120200739992453,0.04448735235201624,0.1,0.1,0.1,0.02040074339056178,0.007985350871370698,True,10,10
2026-08-24 11:10:37.185867,0.0,0.02120200739992453,0.043423026888388644,0.1,0.1,0.1,0.02040074339056178,0.0067576426867427255,True,10,10
2026-08-24 11:10:37.204046,0.0,0.02120200739992453,0.043423026888388644,0.1,0.1,0.1,0.02040074339056178,0.0067576426867427255,True,10,10
2026-08-24 11:10:37.219944,0.0,0.02120200739992453,0.04291993069481151,0.1,0.1,0.1,0.02040074339056178,0.006177165630646794,True,10,10
2026-08-24 11:10:37.235788,0.0,0.02120200739992453,0.042449590104184524,0.1,0.1,0.1,0.02040074339056178,0.005594371339784317,True,10,10
2026-08-24 11:10:37.251567,0.0,0.02120200739992453,0.04161742440624069,0.1,0.1,0.1,0.02040074339056178,0.00443209295327814,True,10,10
2026-08-24 11:10:37.273669,0.0,0.02120200739992453,0.04161742440624069,0.1,0.1,0.1,0.02040074339056178,0.00443209295327814,True,10,10
2026-08-24 11:10:37.285517,0.0013789016682667619,0.02120200739992453,0.04097888135103197,0.1,0.1,0.1,0.02040074339056178,0.003327350393551331,True,10,10
2026-08-24 11:10:37.297365,0.0015958468616746647,0.02120200739992453,0.04073955664122094,0.1,0.1,0.1,0.02040074339056178,0.0028070056964776342,True,10,10
2026-08-24 11:10:37.315032,0.0015958468616746647,0.02120200739992453,0.04073955664122094,0.1,0.1,0.1,0.02040074339056178,0.0028070056964776342,True,10,10
2026-08-24 11:10:37.330906,0.0018348456174710898,0.02120200739992453,0.04054637218989494,0.1,0.1,0.1,0.02040074339056178,0.0023038297240819757,True,10,10
2026-08-24 11:10:37.346848,0.0021061963224379837,0.02120200739992453,0.04040273005032441,0.1,0.1,0.1,0.02040074339056178,0.001825382988783457,True,10,10
2026-08-24 11:10:37.362758,0.0021788921727614974,0.02120200739992453,0.040187212531415745,0.1,0.1,0.1,0.02040074339056178,0.0017128711716832166,True,10,10
2026-08-24 11:10:37.377827,0.0021788921727614974,0.02120200739992453,0.040187212531415745,0.1,0.1,0.1,0.02040074339056178,0.0017128711716832166,True,10,10
2026-08-24 11:10:37.394549,0.0019247811249538658,0.02120200739992453,0.04010224455081304,0.1,0.1,0.1,0.02040074339056178,0.002046662714097151,True,10,10
2026-08-24 11:10:37.410077,0.0014089368354462967,0.02120200739992453,0.0401713611660709,0.1,0.1,0.1,0.02040074339056178,0.002759813444852099,True,10,10
2026-08-24 11:10:37.425581,0.0014089368354462967,0.02120200739992453,0.0401713611660709,0.1,0.1,0.1,0.02040074339056178,0.002759813444852099,True,10,10
2026-08-24 11:10:37.439716,0.0011482135100790035,0.02120200739992453,0.04032994255901732,0.1,0.1,0.1,0.02040074339056178,0.003142270793369464,True,10,10
2026-08-24 11:10:37.458296,0.0,0.02120200739992453,0.04053913686113997,0.1,0.1,0.1,0.02040074339056178,0.0035560587960198464,True,10,10
2026-08-24 11:10:37.472686,0.0,0.02120200739992453,0.041287491167917675,0.1,0.1,0.1,0.02040074339056178,0.004743011187189682,True,10,10
2026-08-24 11:10:37.486060,0.0,0.02120200739992453,0.041287491167917675,0.1,0.1,0.1,0.02040074339056178,0.004743011187189682,True,10,10
2026-08-24 11:10:37.508422,0.0,0.02120200739992453,0.04184063191617955,0.1,0.1,0.1,0.02040074339056178,0.005440785030826373,True,10,10
2026-08-24 11:10:37.517521,0.0,0.02120200739992453,0.043029568921285545,0.1,0.1,0.1,0.02040074339056178,0.006985763898913821,True,10,10
2026-08-24 11:10:37.535243,0.0,0.02120200739992453,0.043029568921285545,0.1,0.1,0.1,0.02040074339056178,0.006985763898913821,True,10,10
2026-08-24 11:10:37.550947,0.0,0.02120200739992453,0.042871306896521716,0.1,0.1,0.1,0.02040074339056178,0.006362814662924965,True,10,10
2026-08-24 11:10:37.564725,0.0,0.02120200739992453,0.04248338613870811,0.1,0.1,0.1,0.02040074339056178,0.005866387164840314,True,10,10
2026-08-24 11:10:37.580676,0.0,0.02120200739992453,0.04177567965181078,0.1,0.1,0.1,0.02040074339056178,0.004845722148908567,True,10,10
2026-08-24 11:10:37.598149,0.0,0.02120200739992453,0.04177567965181078,0.1,0.1,0.1,0.02040074339056178,0.004845722148908567,True,10,10
2026-08-24 11:10:37.612631,0.001076480189753946,0.02120200739992453,0.041231960402135365,0.1,0.1,0.1,0.02040074339056178,0.0038548746824821436,True,10,10
2026-08-24 11:10:37.627972,0.00124335003851153,0.02120200739992453,0.04099850077538471,0.1,0.1,0.1,0.02040074339056178,0.0033536649327657363,True,10,10
2026-08-24 11:10:37.645447,0.00124335003851153,0.02120200739992453,0.04099850077538471,0.1,0.1,0.1,0.02040074339056178,0.0033536649327657363,True,10,10
2026-08-24 11:10:37.659536,0.0014260629370524917,0.02120200739992453,0.04079351517322044,0.1,0.1,0.1,0.02040074339056178,0.0028587613695244696,True,10,10
2026-08-24 11:10:37.677251,0.001765753692377468,0.02120200739992453,0.04065318434001974,0.1,0.1,0.1,0.02040074339056178,0.0024665139993163138,True,10,10
2026-08-24 11:10:37.692711,0.0021290720544843633,0.02120200739992453,0.04055969874709456,0.1,0.1,0.1,0.02040074339056178,0.0020850066447284914,True,10,10
2026-08-24 11:10:37.707971,0.002953075070492894,0.02120200739992453,0.04052979561856609,0.1,0.1,0.1,0.02040074339056178,0.0013749645654773405,True,10,10
2026-08-24 11:10:37.724655,0.0034284986995495024,0.02120200739992453,0.04060969289479628,0.1,0.1,0.1,0.02040074339056178,0.00105459738282728,True,10,10
2026-08-24 11:10:37.741605,0.0033760522536295462,0.02120200739992453,0.04065266530793527,0.1,0.1,0.1,0.02040074339056178,0.0,True,10,10
2026-08-24 11:10:37.755783,0.003515922604605261,0.02120200739992453,0.040536199115924015,0.1,0.1,0.1,0.02040074339056178,0.0,True,10,10
2026-08-24 11:10:37.771705,0.0033409156818890854,0.02120200739992453,0.040337571941092026,0.1,0.1,0.1,0.02040074339056178,0.0,True,10,10
2026-08-24 11:10:37.786789,0.0030545922592873052,0.02120200739992453,0.0401339024876186,0.1,0.1,0.1,0.02040074339056178,0.0,True,10,10
2026-08-24 11:10:37.804827,0.00282101920553675,0.02120200739992453,0.03995508981946392,0.1,0.1,0.1,0.02040074339056178,0.001103166316415097,True,10,10
2026-08-24 11:10:37.819247,0.00282101920553675,0.02120200739992453,0.03995508981946392,0.1,0.1,0.1,0.02040074339056178,0.001103166316415097,True,10,10
2026-08-24 11:10:37.834290,0.002201303376429467,0.02120200739992453,0.03971032597650175,0.1,0.1,0.1,0.02040074339056178,0.001840286181973974,True,10,10
2026-08-24 11:10:37.851189,0.002201303376429467,0.02120200739992453,0.03971032597650175,0.1,0.1,0.1,0.02040074339056178,0.001840286181973974,True,10,10
2026-08-24 11:10:37.867030,0.0016016782586568653,0.02120200739992453,0.03984229834923321,0.1,0.1,0.1,0.02040074339056178,0.0026616027046161834,True,10,10
2026-08-24 11:10:37.882390,0.0016016782586568653,0.02120200739992453,0.03984229834923321,0.1,0.1,0.1,0.02040074339056178,0.0026616027046161834,True,10,10
2026-08-24 11:10:37.896786,0.0010696486983457027,0.02120200739992453,0.04034698764197445,0.1,0.1,0.1,0.02040074339056178,0.003614298666282731,True,10,10
2026-08-24 11:10:37.912747,0.0,0.02120200739992453,0.04072757668012712,0.1,0.1,0.1,0.02040074339056178,0.0038673130844193828,True,10,10
2026-08-24 11:10:37.929396,0.0,0.02120200739992453,0.04072757668012712,0.1,0.1,0.1,0.02040074339056178,0.0038673130844193828,True,10,10
2026-08-24 11:10:37.947026,0.0,0.02120200739992453,0.04097731508876591,0.1,0.1,0.1,0.02040074339056178,0.003930809785928551,True,10,10
2026-08-24 11:10:37.962883,0.0,0.02120200739992453,0.040908622830823235,0.1,0.1,0.1,0.02040074339056178,0.0033709798318767303,True,10,10
2026-08-24 11:10:37.980122,0.0,0.02120200739992453,0.040795389949976904,0.1,0.1,0.1,0.02040074339056178,0.002950965958391238,True,10,10
2026-08-24 11:10:37.994213,0.0013481289658690127,0.02120200739992453,0.040674926066393224,0.1,0.1,0.1,0.02040074339056178,0.002646867618936938,True,10,10
2026-08-24 11:10:38.011065,0.0013481289658690127,0.02120200739992453,0.040674926066393224,0.1,0.1,0.1,0.02040074339056178,0.002646867618936938,True,10,10
2026-08-24 11:10:38.024669,0.0017266337536029645,0.02120200739992453,0.040590130952300074,0.1,0.1,0.1,0.02040074339056178,0.0023370197238485727,True,10,10
2026-08-24 11:10:38.041342,0.0021233134232948596,0.02120200739992453,0.04054506609330518,0.1,0.1,0.1,0.02040074339056178,0.0020310510036365415,True,10,10
2026-08-24 11:10:38.058257,0.0025519726642689853,0.02120200739992453,0.04058054912715103,0.1,0.1,0.1,0.02040074339056178,0.0017516898555445825,True,10,10
2026-08-24 11:10:38.073628,0.0030094064933397693,0.02120200739992453,0.04065983524515139,0.1,0.1,0.1,0.02040074339056178,0.0014811089512872153,True,10,10
2026-08-24 11:10:38.090069,0.00403596709555866,0.02120200739992453,0.04096742210292284,0.1,0.1,0.1,0.02040074339056178,0.0,True,10,10
2026-08-24 11:10:38.106504,0.00403596709555866,0.02120200739992453,0.04096742210292284,0.1,0.1,0.1,0.02040074339056178,0.0,True,10,10
2026-08-24 11:10:38.122067,0.004522105701579282,0.02120200739992453,0.04112896456396489,0.1,0.1,0.1,0.02040074339056178,0.0,True,10,10
2026-08-24 11:10:38.136881,0.0042194777157954005,0.02120200739992453,0.04082558734543823,0.1,0.1,0.1,0.02040074339056178,0.0,True,10,10
2026-08-24 11:10:38.151546,0.0042194777157954005,0.02120200739992453,0.04082558734543823,0.1,0.1,0.1,0.02040074339056178,0.0,True,10,10
2026-08-24 11:10:38.168443,0.003662241843892843,0.02120200739992453,0.04032448851010724,0.1,0.1,0.1,0.02040074339056178,0.0010471191943766855,True,10,10
2026-08-24 11:10:38.183085,0.003662241843892843,0.02120200739992453,0.04032448851010724,0.1,0.1,0.1,0.02040074339056178,0.0010471191943766855,True,10,10
2026-08-24 11:10:38.198860,0.003406144584252273,0.02120200739992453,0.040124449014785374,0.1,0.1,0.1,0.02040074339056178,0.0012696974967644481,True,10,10
2026-08-24 11:10:38.214748,0.0031626049688793303,0.02120200739992453,0.03995737687781234,0.1,0.1,0.1,0.02040074339056178,0.0015018136719967866,True,10,10
2026-08-24 11:10:38.230413,0.0028193110874144243,0.02120200739992453,0.03978551612311593,0.1,0.1,0.1,0.02040074339056178,0.0016933687803682804,True,10,10
2026-08-24 11:10:38.248390,0.002011535265328679,0.02120200739992453,0.03971418118508043,0.1,0.1,0.1,0.02040074339056178,0.002199290153239609,True,10,10
2026-08-24 11:10:38.262298,0.002011535265328679,0.02120200739992453,0.03971418118508043,0.1,0.1,0.1,0.02040074339056178,0.002199290153239609,True,10,10
2026-08-24 11:10:38.278312,0.0016572765993236845,0.02120200739992453,0.039818770909576785,0.1,0.1,0.1,0.02040074339056178,0.0025569619890256023,True,10,10
2026-08-24 11:10:38.296006,0.0,0.02120200739992453,0.040306182662322367,0.1,0.1,0.1,0.02040074339056178,0.0033717761970266606,True,10,10
2026-08-24 11:10:38.311037,0.0,0.02120200739992453,0.040306182662322367,0.1,0.1,0.1,0.02040074339056178,0.0033717761970266606,True,10,10
2026-08-24 11:10:38.327816,0.0,0.02120200739992453,0.04103131319755712,0.1,0.1,0.1,0.02040074339056178,0.004175996181690251,True,10,10
2026-08-24 11:10:38.342053,0.0,0.02120200739992453,0.041123137384052266,0.1,0.1,0.1,0.02040074339056178,0.003953525827420773,True,10,10
2026-08-24 11:10:38.359336,0.0,0.02120200739992453,0.040988039312748054,0.1,0.1,0.1,0.02040074339056178,0.003549490953663049,True,10,10
2026-08-24 11:10:38.373538,0.0,0.02120200739992453,0.040865853818357174,0.1,0.1,0.1,0.02040074339056178,0.00313367054525923,True,10,10
2026-08-24 11:10:38.390915,0.0,0.02120200739992453,0.040865853818357174,0.1,0.1,0.1,0.02040074339056178,0.00313367054525923,True,10,10
2026-08-24 11:10:38.405239,0.0013502231472844826,0.02120200739992453,0.040726013055393265,0.1,0.1,0.1,0.02040074339056178,0.0028287789031229585,True,10,10
2026-08-24 11:10:38.423864,0.0021471594259603525,0.02120200739992453,0.04063915439853361,0.1,0.1,0.1,0.02040074339056178,0.0022575773410044575,True,10,10
2026-08-24 11:10:38.436972,0.0025746990082887032,0.02120200739992453,0.04065325542720589,0.1,0.1,0.1,0.02040074339056178,0.001975883157307346,True,10,10
2026-08-24 11:10:38.452838,0.0030269241395642988,0.02120200739992453,0.040710466625054606,0.1,0.1,0.1,0.02040074339056178,0.0017009485896963513,True,10,10
2026-08-24 11:10:38.470675,0.0030269241395642988,0.02120200739992453,0.040710466625054606,0.1,0.1,0.1,0.02040074339056178,0.0017009485896963513,True,10,10
2026-08-24 11:10:38.484652,0.004035549489502221,0.02120200739992453,0.04099694526199728,0.1,0.1,0.1,0.02040074339056178,0.0012043896800688423,True,10,10
2026-08-24 11:10:38.500459,0.004035549489502221,0.02120200739992453,0.04099694526199728,0.1,0.1,0.1,0.02040074339056178,0.0012043896800688423,True,10,10
2026-08-24 11:10:38.516550,0.004607838943731418,0.02120200739992453,0.041234262250790424,0.1,0.1,0.1,0.02040074339056178,0.0,True,10,10
2026-08-24 11:10:38.535762,0.005927669757786522,0.02120200739992453,0.041894500463755,0.1,0.1,0.1,0.02040074339056178,0.0,True,10,10
2026-08-24 11:10:38.552717,0.00575454423095504,0.02120200739992453,0.04139613674119937,0.1,0.1,0.1,0.02040074339056178,0.0,True,10,10
2026-08-24 11:10:38.566475,0.005924486982592501,0.02120200739992453,0.041257478682584704,0.1,0.1,0.1,0.02040074339056178,0.0,True,10,10
2026-08-24 11:10:38.581604,0.005562417870160354,0.02120200739992453,0.04067554425898847,0.1,0.1,0.1,0.02040074339056178,0.0,True,10,10
2026-08-24 11:10:38.596433,0.005233863432367631,0.02120200739992453,0.040151440002683905,0.1,0.1,0.1,0.02040074339056178,0.0,True,10,10
2026-08-24 11:10:38.612091,0.0049018983865531714,0.02120200739992453,0.03969831097307529,0.1,0.1,0.1,0.02040074339056178,0.0,True,10,10
2026-08-24 11:10:38.629148,0.0049018983865531714,0.02120200739992453,0.03969831097307529,0.1,0.1,0.1,0.02040074339056178,0.0,True,10,10
2026-08-24 11:10:38.645360,0.004209877308528869,0.02120200739992453,0.039003023686560244,0.1,0.1,0.1,0.02040074339056178,0.0015382992281530554,True,10,10
2026-08-24 11:10:38.662555,0.003849068254541377,0.02120200739992453,0.038766603490405935,0.1,0.1,0.1,0.02040074339056178,0.0018270256655040168,True,10,10
2026-08-24 11:10:38.677608,0.003479756743139713,0.02120200739992453,0.03860946384517052,0.1,0.1,0.1,0.02040074339056178,0.0021185827537141097,True,10,10
2026-08-24 11:10:38.693590,0.003479756743139713,0.02120200739992453,0.03860946384517052,0.1,0.1,0.1,0.02040074339056178,0.0021185827537141097,True,10,10
2026-08-24 11:10:38.709179,0.003131506217279928,0.02120200739992453,0.03848498417695429,0.1,0.1,0.1,0.02040074339056178,0.0024301325878618094,True,10,10
2026-08-24 11:10:38.723038,0.00277855454419392,0.02120200739992453,0.03844409087366388,0.1,0.1,0.1,0.02040074339056178,0.002750615791753341,True,10,10
2026-08-24 11:10:38.740195,0.0024238856602970915,0.02120200739992453,0.03849183394401963,0.1,0.1,0.1,0.02040074339056178,0.003082954863738834,True,10,10
2026-08-24 11:10:38.757642,0.0020700355767594865,0.02120200739992453,0.038631595372809927,0.1,0.1,0.1,0.02040074339056178,0.0034303122780576477,True,10,10
2026-08-24 11:10:38.772546,0.0014076317961714937,0.02120200739992453,0.03915637353722248,0.1,0.1,0.1,0.02040074339056178,0.004205468291376367,True,10,10
2026-08-24 11:10:38.788257,0.0014076317961714937,0.02120200739992453,0.03915637353722248,0.1,0.1,0.1,0.02040074339056178,0.004205468291376367,True,10,10
2026-08-24 11:10:38.806022,0.0011080916119542382,0.02120200739992453,0.039556735379333526,0.1,0.1,0.1,0.02040074339056178,0.004649317047088936,True,10,10
2026-08-24 11:10:38.819926,0.0,0.02120200739992453,0.040714620929394624,0.1,0.1,0.1,0.02040074339056178,0.005675115800564771,True,10,10
2026-08-24 11:10:38.839676,0.0,0.02120200739992453,0.040714620929394624,0.1,0.1,0.1,0.02040074339056178,0.005675115800564771,True,10,10
2026-08-24 11:10:38.851515,0.0,0.02120200739992453,0.041437272152158235,0.1,0.1,0.1,0.02040074339056178,0.0062848877495306765,True,10,10
2026-08-24 11:10:38.867240,0.0,0.02120200739992453,0.04238660134774688,0.1,0.1,0.1,0.02040074339056178,0.006742053725662943,True,10,10
2026-08-24 11:10:38.883917,0.0,0.02120200739992453,0.04209493581325721,0.1,0.1,0.1,0.02040074339056178,0.006345003111313265,True,10,10
2026-08-24 11:10:38.897497,0.0,0.02120200739992453,0.04209493581325721,0.1,0.1,0.1,0.02040074339056178,0.006345003111313265,True,10,10
2026-08-24 11:10:38.914569,0.0,0.02120200739992453,0.041815449896422975,0.1,0.1,0.1,0.02040074339056178,0.005933342035230297,True,10,10
2026-08-24 11:10:38.931810,0.0,0.02120200739992453,0.04155077674944388,0.1,0.1,0.1,0.02040074339056178,0.005507684089015145,True,10,10
2026-08-24 11:10:38.945282,0.0011205820412765045,0.02120200739992453,0.041099471486588324,0.1,0.1,0.1,0.02040074339056178,0.004637683879949869,True,10,10
2026-08-24 11:10:38.966518,0.0012897840501606569,0.02120200739992453,0.04091072718407926,0.1,0.1,0.1,0.02040074339056178,0.004193530340053541,True,10,10
2026-08-24 11:10:38.976604,0.0014541576884654402,0.02120200739992453,0.04073903167157109,0.1,0.1,0.1,0.02040074339056178,0.003735599516606147,True,10,10
2026-08-24 11:10:38.993617,0.0016146780670650293,0.02120200739992453,0.04058727870270197,0.1,0.1,0.1,0.02040074339056178,0.0032660653468183053,True,10,10
2026-08-24 11:10:39.009843,0.0016146780670650293,0.02120200739992453,0.04058727870270197,0.1,0.1,0.1,0.02040074339056178,0.0032660653468183053,True,10,10
2026-08-24 11:10:39.025871,0.0022664241432432722,0.02120200739992453,0.04038614356377615,0.1,0.1,0.1,0.02040074339056178,0.002513228018847513,True,10,10
2026-08-24 11:10:39.042206,0.0022664241432432722,0.02120200739992453,0.04038614356377615,0.1,0.1,0.1,0.02040074339056178,0.002513228018847513,True,10,10
2026-08-24 11:10:39.056188,0.0026173919494152246,0.02120200739992453,0.04036376688592203,0.1,0.1,0.1,0.02040074339056178,0.002147090212785518,True,10,10
2026-08-24 11:10:39.074171,0.0029881732998592587,0.02120200739992453,0.04038435505383531,0.1,0.1,0.1,0.02040074339056178,0.0017867371796037946,True,10,10
2026-08-24 11:10:39.091317,0.0038131374254778585,0.02120200739992453,0.040568131657155615,0.1,0.1,0.1,0.02040074339056178,0.0011034384152041356,True,10,10
2026-08-24 11:10:39.105418,0.004402243055833299,0.02120200739992453,0.04077593597451459,0.1,0.1,0.1,0.02040074339056178,0.0,True,10,10
2026-08-24 11:10:39.120774,0.004402243055833299,0.02120200739992453,0.04077593597451459,0.1,0.1,0.1,0.02040074339056178,0.0,True,10,10
2026-08-24 11:10:39.138868,0.005082726879551837,0.02120200739992453,0.04106485054370232,0.1,0.1,0.1,0.02040074339056178,0.0,True,10,10
2026-08-24 11:10:39.153951,0.005837236514797232,0.02120200739992453,0.041431866587467905,0.1,0.1,0.1,0.02040074339056178,0.0,True,10,10
2026-08-24 11:10:39.168233,0.007628889842612703,0.02120200739992453,0.04249120811887902,0.1,0.1,0.1,0.02040074339056178,0.0,True,10,10
2026-08-24 11:10:39.183561,0.007628889842612703,0.02120200739992453,0.04249120811887902,0.1,0.1,0.1,0.02040074339056178,0.0,True,10,10
2026-08-24 11:10:39.198362,0.006982545129134429,0.02120200739992453,0.041998553749510996,0.1,0.1,0.1,0.02040074339056178,0.0,True,10,10
2026-08-24 11:10:39.216123,0.006458726147838634,0.02120200739992453,0.041393087601708255,0.1,0.1,0.1,0.02040074339056178,0.0,True,10,10
2026-08-24 11:10:39.229973,0.005924454745201881,0.02120200739992453,0.04085219682426364,0.1,0.1,0.1,0.02040074339056178,0.0,True,10,10
2026-08-24 11:10:39.246978,0.004837763273914297,0.02120200739992453,0.03998174113169427,0.1,0.1,0.1,0.02040074339056178,0.0,True,10,10
2026-08-24 11:10:39.273148,0.004837763273914297,0.02120200739992453,0.03998174113169427,0.1,0.1,0.1,0.02040074339056178,0.0,True,10,10
2026-08-24 11:10:39.295872,0.003773931966948019,0.02120200739992453,0.03939194722905896,0.1,0.1,0.1,0.02040074339056178,0.0011131521698274408,True,10,10
2026-08-24 11:10:39.311096,0.0032593359606548997,0.02120200739992453,0.03920399804425714,0.1,0.1,0.1,0.02040074339056178,0.0012914199244857245,True,10,10
2026-08-24 11:10:39.326861,0.0027503675933478263,0.02120200739992453,0.03910407396701816,0.1,0.1,0.1,0.02040074339056178,0.0014801483887760551,True,10,10
2026-08-24 11:10:39.342580,0.0027503675933478263,0.02120200739992453,0.03910407396701816,0.1,0.1,0.1,0.02040074339056178,0.0014801483887760551,True,10,10
2026-08-24 11:10:39.358679,0.001903938139499059,0.02120200739992453,0.039142228379930595,0.1,0.1,0.1,0.02040074339056178,0.0021282956537803893,True,10,10
2026-08-24 11:10:39.372959,0.001903938139499059,0.02120200739992453,0.039142228379930595,0.1,0.1,0.1,0.02040074339056178,0.0021282956537803893,True,10,10
2026-08-24 11:10:39.388507,0.0010894960562342429,0.02120200739992453,0.03949499928525345,0.1,0.1,0.1,0.02040074339056178,0.002507139313873317,True,10,10
2026-08-24 11:10:39.406854,0.0010894960562342429,0.02120200739992453,0.03949499928525345,0.1,0.1,0.1,0.02040074339056178,0.002507139313873317,True,10,10
2026-08-24 11:10:39.422139,0.0018508861045471157,0.02120200739992453,0.03941984746850406,0.1,0.1,0.1,0.02040074339056178,0.0022869016203658616,True,10,10
2026-08-24 11:10:39.438146,0.0022566337641614725,0.02120200739992453,0.0394322607965642,0.1,0.1,0.1,0.02040074339056178,0.0021963134945474612,True,10,10
2026-08-24 11:10:39.452028,0.0026790187631649137,0.02120200739992453,0.039478367963895304,0.1,0.1,0.1,0.02040074339056178,0.0021179507488428254,True,10,10
2026-08-24 11:10:39.467770,0.003117363877651844,0.02120200739992453,0.039558358907368876,0.1,0.1,0.1,0.02040074339056178,0.002050634290589716,True,10,10
2026-08-24 11:10:39.487950,0.003117363877651844,0.02120200739992453,0.039558358907368876,0.1,0.1,0.1,0.02040074339056178,0.002050634290589716,True,10,10
2026-08-24 11:10:39.501961,0.004045061164356508,0.02120200739992453,0.03982101747470801,0.1,0.1,0.1,0.02040074339056178,0.0019503293037005957,True,10,10
2026-08-24 11:10:39.515914,0.004045061164356508,0.02120200739992453,0.03982101747470801,0.1,0.1,0.1,0.02040074339056178,0.0019503293037005957,True,10,10
2026-08-24 11:10:39.534719,0.004963137607943086,0.02120200739992453,0.0402190392969958,0.1,0.1,0.1,0.02040074339056178,0.0016266792713187858,True,10,10
2026-08-24 11:10:39.550145,0.005444214974885508,0.02120200739992453,0.040484098617910504,0.1,0.1,0.1,0.02040074339056178,0.0013804977765808331,True,10,10
2026-08-24 11:10:39.569874,0.004713095480210234,0.02120200739992453,0.04036781451306752,0.1,0.1,0.1,0.02040074339056178,0.0,True,10,10
2026-08-24 11:10:39.584762,0.004849526486807683,0.02120200739992453,0.04022193869684891,0.1,0.1,0.1,0.02040074339056178,0.0,True,10,10
2026-08-24 11:10:39.594892,0.004305835773909078,0.02120200739992453,0.039872828008360874,0.1,0.1,0.1,0.02040074339056178,0.0,True,10,10
2026-08-24 11:10:39.610836,0.003807740671435484,0.02120200739992453,0.039555855451594575,0.1,0.1,0.1,0.02040074339056178,0.0,True,10,10
2026-08-24 11:10:39.626456,0.0033024248847838,0.02120200739992453,0.03930490982603055,0.1,0.1,0.1,0.02040074339056178,0.0,True,10,10
2026-08-24 11:10:39.642276,0.0033024248847838,0.02120200739992453,0.03930490982603055,0.1,0.1,0.1,0.02040074339056178,0.0,True,10,10
2026-08-24 11:10:39.659995,0.0027934415964995934,0.02120200739992453,0.03912580614334299,0.1,0.1,0.1,0.02040074339056178,0.0,True,10,10
2026-08-24 11:10:39.675343,0.0020788519920701353,0.02120200739992453,0.038965220928906016,0.1,0.1,0.1,0.02040074339056178,0.0017802402111165194,True,10,10
2026-08-24 11:10:39.692326,0.0020788519920701353,0.02120200739992453,0.038965220928906016,0.1,0.1,0.1,0.02040074339056178,0.0017802402111165194,True,10,10
2026-08-24 11:10:39.707130,0.0017365364158592523,0.02120200739992453,0.03901595943501352,0.1,0.1,0.1,0.02040074339056178,0.0021588974751395717,True,10,10
2026-08-24 11:10:39.721761,0.0015695293074596104,0.02120200739992453,0.03909472986311841,0.1,0.1,0.1,0.02040074339056178,0.002361639178482389,True,10,10
2026-08-24 11:10:39.738041,0.001464867999920048,0.02120200739992453,0.03918182251107429,0.1,0.1,0.1,0.02040074339056178,0.0024854135232040588,True,10,10
2026-08-24 11:10:39.755993,0.0012486281860406116,0.02120200739992453,0.03937821679143372,0.1,0.1,0.1,0.02040074339056178,0.002660440510865436,True,10,10
2026-08-24 11:10:39.770295,0.0012486281860406116,0.02120200739992453,0.03937821679143372,0.1,0.1,0.1,0.02040074339056178,0.002660440510865436,True,10,10
2026-08-24 11:10:39.785229,0.001429829614101136,0.02120200739992453,0.039361655350597026,0.1,0.1,0.1,0.02040074339056178,0.002500928685537192,True,10,10
2026-08-24 11:10:39.801364,0.0016515516086967339,0.02120200739992453,0.039336400973534164,0.1,0.1,0.1,0.02040074339056178,0.0022874120738793666,True,10,10
2026-08-24 11:10:39.817291,0.001917648055877241,0.02120200739992453,0.03931342626800923,0.1,0.1,0.1,0.02040074339056178,0.002022029578961678,True,10,10
2026-08-24 11:10:39.834252,0.002553461312844503,0.02120200739992453,0.03937260436561698,0.1,0.1,0.1,0.02040074339056178,0.0013850150715789278,True,10,10
2026-08-24 11:10:39.846420,0.0028930445787127695,0.02120200739992453,0.039469320461028384,0.1,0.1,0.1,0.02040074339056178,0.0010647303008285826,True,10,10
2026-08-24 11:10:39.863957,0.0028930445787127695,0.02120200739992453,0.039469320461028384,0.1,0.1,0.1,0.02040074339056178,0.0010647303008285826,True,10,10
2026-08-24 11:10:39.879611,0.0041925904471865295,0.02120200739992453,0.039697697810610014,0.1,0.1,0.1,0.02040074339056178,0.001063407799974317,True,10,10
2026-08-24 11:10:39.894821,0.0041925904471865295,0.02120200739992453,0.039697697810610014,0.1,0.1,0.1,0.02040074339056178,0.001063407799974317,True,10,10
2026-08-24 11:10:39.909192,0.0035535378893731292,0.02120200739992453,0.0393542698029808,0.1,0.1,0.1,0.02040074339056178,0.0,True,10,10
2026-08-24 11:10:39.925822,0.0035535378893731292,0.02120200739992453,0.0393542698029808,0.1,0.1,0.1,0.02040074339056178,0.0,True,10,10
2026-08-24 11:10:39.942248,0.0032001958425969743,0.02120200739992453,0.03915625899712153,0.1,0.1,0.1,0.02040074339056178,0.0,True,10,10
2026-08-24 11:10:39.957892,0.0027315387776101143,0.02120200739992453,0.03896927968111813,0.1,0.1,0.1,0.02040074339056178,0.0,True,10,10
2026-08-24 11:10:39.972416,0.0020621734630201635,0.02120200739992453,0.038790833961395474,0.1,0.1,0.1,0.02040074339056178,0.0016890056857272531,True,10,10
2026-08-24 11:10:39.989530,0.0017284669194711504,0.02120200739992453,0.038846440902941225,0.1,0.1,0.1,0.02040074339056178,0.0020829103739502075,True,10,10
2026-08-24 11:10:40.003949,0.0017284669194711504,0.02120200739992453,0.038846440902941225,0.1,0.1,0.1,0.02040074339056178,0.0020829103739502075,True,10,10
2026-08-24 11:10:40.022009,0.001429813984400467,0.02120200739992453,0.038954795222728406,0.1,0.1,0.1,0.02040074339056178,0.0025156971055280935,True,10,10
2026-08-24 11:10:40.038095,0.0,0.02120200739992453,0.03936859219367603,0.1,0.1,0.1,0.02040074339056178,0.0028721957169517646,True,10,10
2026-08-24 11:10:40.055555,0.0,0.02120200739992453,0.0395675838304771,0.1,0.1,0.1,0.02040074339056178,0.0030016301869135644,True,10,10
2026-08-24 11:10:40.068082,0.0,0.02120200739992453,0.0395675838304771,0.1,0.1,0.1,0.02040074339056178,0.0030016301869135644,True,10,10
2026-08-24 11:10:40.087401,0.0,0.02120200739992453,0.03977021867123933,0.1,0.1,0.1,0.02040074339056178,0.0031021004421594696,True,10,10
2026-08-24 11:10:40.102265,0.0,0.02120200739992453,0.039732462332664815,0.1,0.1,0.1,0.02040074339056178,0.0029397726451627776,True,10,10
2026-08-24 11:10:40.116158,0.0015192381933177726,0.02120200739992453,0.03959622455835782,0.1,0.1,0.1,0.02040074339056178,0.002439197001342321,True,10,10
2026-08-24 11:10:40.134178,0.0015192381933177726,0.02120200739992453,0.03959622455835782,0.1,0.1,0.1,0.02040074339056178,0.002439197001342321,True,10,10
2026-08-24 11:10:40.150036,0.0018732302040073542,0.02120200739992453,0.0395445782293483,0.1,0.1,0.1,0.02040074339056178,0.0021251060524633027,True,10,10
2026-08-24 11:10:40.166384,0.0022452016368525647,0.02120200739992453,0.03952844772031253,0.1,0.1,0.1,0.02040074339056178,0.0018144912369700294,True,10,10
2026-08-24 11:10:40.179973,0.0030797250048577177,0.02120200739992453,0.03968079753839038,0.1,0.1,0.1,0.02040074339056178,0.0012522596024833867,True,10,10
2026-08-24 11:10:40.197799,0.0035460275079111526,0.02120200739992453,0.039821136736714696,0.1,0.1,0.1,0.02040074339056178,0.0,True,10,10
2026-08-24 11:10:40.214297,0.004054305568445025,0.02120200739992453,0.040009984764896304,0.1,0.1,0.1,0.02040074339056178,0.0,True,10,10
2026-08-24 11:10:40.228840,0.0039740968823973434,0.02120200739992453,0.03992673638923958,0.1,0.1,0.1,0.02040074339056178,0.0,True,10,10
2026-08-24 11:10:40.244992,0.0039740968823973434,0.02120200739992453,0.03992673638923958,0.1,0.1,0.1,0.02040074339056178,0.0,True,10,10
2026-08-24 11:10:40.260535,0.0039883141454283184,0.02120200739992453,0.039764437936425465,0.1,0.1,0.1,0.02040074339056178,0.0,True,10,10
2026-08-24 11:10:40.277207,0.003222046183238022,0.02120200739992453,0.03920498891595039,0.1,0.1,0.1,0.02040074339056178,0.0,True,10,10
2026-08-24 11:10:40.290669,0.0027739137017102128,0.02120200739992453,0.038999968263997625,0.1,0.1,0.1,0.02040074339056178,0.0,True,10,10
2026-08-24 11:10:40.309026,0.0024483008850746664,0.02120200739992453,0.038855834998870936,0.1,0.1,0.1,0.02040074339056178,0.0012995148494498998,True,10,10
2026-08-24 11:10:40.324884,0.0024483008850746664,0.02120200739992453,0.038855834998870936,0.1,0.1,0.1,0.02040074339056178,0.0012995148494498998,True,10,10
2026-08-24 11:10:40.340350,0.001854503301244135,0.02120200739992453,0.038754532343138456,0.1,0.1,0.1,0.02040074339056178,0.0021367419610135835,True,10,10
2026-08-24 11:10:40.355664,0.0015702765148340632,0.02120200739992453,0.038852404548756124,0.1,0.1,0.1,0.02040074339056178,0.0025962014559639092,True,10,10
2026-08-24 11:10:40.372329,0.0013014436948912825,0.02120200739992453,0.039060245168118846,0.1,0.1,0.1,0.02040074339056178,0.003091518192161441,True,10,10
2026-08-24 11:10:40.387267,0.0013014436948912825,0.02120200739992453,0.039060245168118846,0.1,0.1,0.1,0.02040074339056178,0.003091518192161441,True,10,10
2026-08-24 11:10:40.403518,0.0010531246153432053,0.02120200739992453,0.039383980077095974,0.1,0.1,0.1,0.02040074339056178,0.003630278383510323,True,10,10
2026-08-24 11:10:40.418409,0.0,0.02120200739992453,0.03949226901680504,0.1,0.1,0.1,0.02040074339056178,0.004015220268204749,True,10,10
2026-08-24 11:10:40.434062,0.0,0.02120200739992453,0.03946236771047898,0.1,0.1,0.1,0.02040074339056178,0.0035270371379496125,True,10,10
2026-08-24 11:10:40.450591,0.0012568472251538064,0.02120200739992453,0.039206134616003016,0.1,0.1,0.1,0.02040074339056178,0.0027990361819532675,True,10,10
2026-08-24 11:10:40.466450,0.0016356614565376404,0.02120200739992453,0.0391054028577694,0.1,0.1,0.1,0.02040074339056178,0.002489632319457321,True,10,10
2026-08-24 11:10:40.481724,0.0016356614565376404,0.02120200739992453,0.0391054028577694,0.1,0.1,0.1,0.02040074339056178,0.002489632319457321,True,10,10
2026-08-24 11:10:40.496991,0.0024600622722690604,0.02120200739992453,0.039061514326447465,0.1,0.1,0.1,0.02040074339056178,0.001904189292450726,True,10,10
2026-08-24 11:10:40.515139,0.0024600622722690604,0.02120200739992453,0.039061514326447465,0.1,0.1,0.1,0.02040074339056178,0.001904189292450726,True,10,10
2026-08-24 11:10:40.529637,0.0034046520251132858,0.02120200739992453,0.03922783365985615,0.1,0.1,0.1,0.02040074339056178,0.001373434957721722,True,10,10
2026-08-24 11:10:40.545060,0.0034046520251132858,0.02120200739992453,0.03922783365985615,0.1,0.1,0.1,0.02040074339056178,0.001373434957721722,True,10,10
2026-08-24 11:10:40.560897,0.003934039576927214,0.02120200739992453,0.039384282711474226,0.1,0.1,0.1,0.02040074339056178,0.0011309137269923796,True,10,10
2026-08-24 11:10:40.574692,0.004395073102708182,0.02120200739992453,0.03956641090995449,0.1,0.1,0.1,0.02040074339056178,0.0,True,10,10
2026-08-24 11:10:40.592579,0.004395073102708182,0.02120200739992453,0.03956641090995449,0.1,0.1,0.1,0.02040074339056178,0.0,True,10,10
2026-08-24 11:10:40.608404,0.00409093031865628,0.02120200739992453,0.03872761476964824,0.1,0.1,0.1,0.02040074339056178,0.0,True,10,10
2026-08-24 11:10:40.622024,0.0039003597917869046,0.02120200739992453,0.03710613169554201,0.1,0.1,0.1,0.02040074339056178,0.0,True,10,10
2026-08-24 11:10:40.639832,0.0039003597917869046,0.02120200739992453,0.03710613169554201,0.1,0.1,0.1,0.02040074339056178,0.0,True,10,10
2026-08-24 11:10:40.655471,0.003758049918941528,0.02120200739992453,0.036470785578048684,0.1,0.1,0.1,0.02040074339056178,0.0,True,10,10
2026-08-24 11:10:40.671349,0.003435084591491853,0.02120200739992453,0.035677304632273164,0.1,0.1,0.1,0.02040074339056178,0.0,True,10,10
2026-08-24 11:10:40.687118,0.003435084591491853,0.02120200739992453,0.035677304632273164,0.1,0.1,0.1,0.02040074339056178,0.0,True,10,10
2026-08-24 11:10:40.701021,0.003236986170151766,0.02120200739992453,0.03511130854757734,0.1,0.1,0.1,0.02040074339056178,0.0,True,10,10
2026-08-24 11:10:40.719676,0.003236986170151766,0.02120200739992453,0.03511130854757734,0.1,0.1,0.1,0.02040074339056178,0.0,True,10,10
2026-08-24 11:10:40.741270,0.003348339177820597,0.02120200739992453,0.03495458503141578,0.1,0.1,0.1,0.02040074339056178,0.0,True,10,10
2026-08-24 11:10:40.749228,0.0032533934634533662,0.02120200739992453,0.034752989089955305,0.1,0.1,0.1,0.02040074339056178,0.0,True,10,10
2026-08-24 11:10:40.765102,0.0023682156538107303,0.02120200739992453,0.034177517655733264,0.1,0.1,0.1,0.02040074339056178,0.00136541472564387,True,10,10
2026-08-24 11:10:40.784106,0.0023682156538107303,0.02120200739992453,0.034177517655733264,0.1,0.1,0.1,0.02040074339056178,0.00136541472564387,True,10,10
2026-08-24 11:10:40.800262,0.001966342484538394,0.02120200739992453,0.03410421796900962,0.1,0.1,0.1,0.02040074339056178,0.002461331078257203,True,10,10
2026-08-24 11:10:40.814629,0.001966342484538394,0.02120200739992453,0.03410421796900962,0.1,0.1,0.1,0.02040074339056178,0.002461331078257203,True,10,10
2026-08-24 11:10:40.830685,0.0016282600901981936,0.02120200739992453,0.03438521840824926,0.1,0.1,0.1,0.02040074339056178,0.0037049639460243556,True,10,10
2026-08-24 11:10:40.848171,0.0016282600901981936,0.02120200739992453,0.03438521840824926,0.1,0.1,0.1,0.02040074339056178,0.0037049639460243556,True,10,10
2026-08-24 11:10:40.862055,0.0013783685346313865,0.02120200739992453,0.03506537802906492,0.1,0.1,0.1,0.02040074339056178,0.005154715805150968,True,10,10
2026-08-24 11:10:40.875756,0.0011501323127466236,0.02120200739992453,0.03564590174279837,0.1,0.1,0.1,0.02040074339056178,0.00568255521277378,True,10,10
2026-08-24 11:10:40.894592,0.0011501323127466236,0.02120200739992453,0.03564590174279837,0.1,0.1,0.1,0.02040074339056178,0.00568255521277378,True,10,10
2026-08-24 11:10:40.909425,0.0,0.02120200739992453,0.03581793461551786,0.1,0.1,0.1,0.02040074339056178,0.005908907658873312,True,10,10
2026-08-24 11:10:40.925498,0.0,0.02120200739992453,0.03583567464257872,0.1,0.1,0.1,0.02040074339056178,0.00521025737818518,True,10,10
2026-08-24 11:10:40.939812,0.0,0.02120200739992453,0.03540135152511082,0.1,0.1,0.1,0.02040074339056178,0.004295838236145434,True,10,10
2026-08-24 11:10:40.961683,0.0,0.02120200739992453,0.03540135152511082,0.1,0.1,0.1,0.02040074339056178,0.004295838236145434,True,10,10
2026-08-24 11:10:40.973437,0.0,0.02120200739992453,0.035189394583152685,0.1,0.1,0.1,0.02040074339056178,0.0038019761800873668,True,10,10
2026-08-24 11:10:40.988811,0.0010963161346402748,0.02120200739992453,0.03482636309509842,0.1,0.1,0.1,0.02040074339056178,0.002795595397039251,True,10,10
2026-08-24 11:10:41.009090,0.0010963161346402748,0.02120200739992453,0.03482636309509842,0.1,0.1,0.1,0.02040074339056178,0.002795595397039251,True,10,10
2026-08-24 11:10:41.021179,0.0014703480596150074,0.02120200739992453,0.03468540651373466,0.1,0.1,0.1,0.02040074339056178,0.00243867454235174,True,10,10
2026-08-24 11:10:41.037803,0.0018670841504259538,0.02120200739992453,0.034585795150349374,0.1,0.1,0.1,0.02040074339056178,0.0020907037257303566,True,10,10
2026-08-24 11:10:41.052469,0.002292560960481287,0.02120200739992453,0.03453088527508368,0.1,0.1,0.1,0.02040074339056178,0.0017570097694897702,True,10,10
2026-08-24 11:10:41.107548,0.002753391193805875,0.02473673511140205,0.034524065278184045,0.1,0.1,0.1,0.01710175246348815,0.001442391986731342,True,0.0,0.0
2026-08-24 11:10:41.133140,0.0034245090030627368,0.02473673511140205,0.034524065278184045,0.1,0.1,0.1,0.01710175246348815,0.001568502368603308,True,5.0,-5.0
2026-08-24 11:10:41.147072,0.0029308466917046284,0.02473673511140205,0.034524065278184045,0.1,0.1,0.1,0.01710175246348815,0.0011007832260998645,True,5.0,-5.0
2026-08-24 11:10:41.162226,0.0024113091261510613,0.02473673511140205,0.034524065278184045,0.1,0.1,0.1,0.01710175246348815,0.001331238841195175,True,5.0,-5.0
2026-08-24 11:10:41.178037,0.0024113091261510613,0.02473673511140205,0.034524065278184045,0.1,0.1,0.1,0.01710175246348815,0.001331238841195175,True,5.0,-5.0
2026-08-24 11:10:41.233991,0.002262040969875077,0.022483665107624687,0.03434796323445257,0.1,0.1,0.1,0.018469432702488832,0.0015706662723844007,True,0.0,0.0
2026-08-24 11:10:41.242515,0.002262040969875077,0.022483665107624687,0.03434796323445257,0.1,0.1,0.1,0.018469432702488832,0.0015706662723844007,True,0.0,0.0
2026-08-24 11:10:41.255600,0.002262040969875077,0.022483665107624687,0.03434796323445257,0.1,0.1,0.1,0.018469432702488832,0.0015706662723844007,True,0.0,0.0
2026-08-24 11:10:41.293676,0.0021640529465345687,0.021066556567533215,0.03432697209520148,0.1,0.1,0.1,0.020297995427940838,0.002031532311201656,True,0.0,0.0
2026-08-24 11:10:41.302899,0.0021640529465345687,0.021066556567533215,0.03432697209520148,0.1,0.1,0.1,0.020297995427940838,0.002031532311201656,True,0.0,0.0
2026-08-24 11:10:41.320016,0.0021640529465345687,0.021066556567533215,0.03432697209520148,0.1,0.1,0.1,0.020297995427940838,0.002031532311201656,True,0.0,0.0
2026-08-24 11:10:41.337077,0.0021640529465345687,0.021066556567533215,0.03432697209520148,0.1,0.1,0.1,0.020297995427940838,0.002031532311201656,True,0.0,0.0
2026-08-24 11:10:41.355988,0.0021640529465345687,0.021066556567533215,0.03432697209520148,0.1,0.1,0.1,0.020297995427940838,0.002031532311201656,True,0.0,0.0
2026-08-24 11:10:41.368081,0.0021640529465345687,0.021066556567533215,0.03432697209520148,0.1,0.1,0.1,0.020297995427940838,0.002031532311201656,True,0.0,0.0
2026-08-24 11:10:41.383771,0.0021640529465345687,0.021066556567533215,0.03432697209520148,0.1,0.1,0.1,0.020297995427940838,0.002031532311201656,True,0.0,0.0
2026-08-24 11:10:41.399989,0.0021640529465345687,0.021066556567533215,0.03432697209520148,0.1,0.1,0.1,0.020297995427940838,0.002031532311201656,True,0.0,0.0
2026-08-24 11:10:41.414473,0.0021640529465345687,0.021066556567533215,0.03432697209520148,0.1,0.1,0.1,0.020297995427940838,0.002031532311201656,True,0.0,0.0
2026-08-24 11:10:41.430465,0.0021640529465345687,0.021066556567533215,0.03432697209520148,0.1,0.1,0.1,0.020297995427940838,0.002031532311201656,True,0.0,0.0
2026-08-24 11:10:41.446137,0.0021640529465345687,0.021066556567533215,0.03432697209520148,0.1,0.1,0.1,0.020297995427940838,0.002031532311201656,True,0.0,0.0
2026-08-24 11:10:41.461233,0.0021640529465345687,0.021066556567533215,0.03432697209520148,0.1,0.1,0.1,0.020297995427940838,0.002031532311201656,True,0.0,0.0
2026-08-24 11:10:41.476415,0.0021640529465345687,0.021066556567533215,0.03432697209520148,0.1,0.1,0.1,0.020297995427940838,0.002031532311201656,True,0.0,0.0
2026-08-24 11:10:41.493195,0.0021640529465345687,0.021066556567533215,0.03432697209520148,0.1,0.1,0.1,0.020297995427940838,0.002031532311201656,True,0.0,0.0
2026-08-24 11:10:41.507555,0.0021640529465345687,0.021066556567533215,0.03432697209520148,0.1,0.1,0.1,0.020297995427940838,0.002031532311201656,True,0.0,0.0
2026-08-24 11:10:41.524382,0.0021640529465345687,0.021066556567533215,0.03432697209520148,0.1,0.1,0.1,0.020297995427940838,0.002031532311201656,True,0.0,0.0
2026-08-24 11:10:41.540273,0.0021640529465345687,0.021066556567533215,0.03432697209520148,0.1,0.1,0.1,0.020297995427940838,0.002031532311201656,True,0.0,0.0
2026-08-24 11:10:41.556145,0.0021640529465345687,0.021066556567533215,0.03432697209520148,0.1,0.1,0.1,0.020297995427940838,0.002031532311201656,True,0.0,0.0
2026-08-24 11:10:41.573391,0.0021640529465345687,0.021066556567533215,0.03432697209520148,0.1,0.1,0.1,0.020297995427940838,0.002031532311201656,True,0.0,0.0
2026-08-24 11:10:41.587301,0.0021640529465345687,0.021066556567533215,0.03432697209520148,0.1,0.1,0.1,0.020297995427940838,0.002031532311201656,True,0.0,0.0
2026-08-24 11:10:41.603235,0.0021640529465345687,0.021066556567533215,0.03432697209520148,0.1,0.1,0.1,0.020297995427940838,0.002031532311201656,True,0.0,0.0
2026-08-24 11:10:41.617178,0.0021640529465345687,0.021066556567533215,0.03432697209520148,0.1,0.1,0.1,0.020297995427940838,0.002031532311201656,True,0.0,0.0
2026-08-24 11:10:41.633054,0.0021640529465345687,0.021066556567533215,0.03432697209520148,0.1,0.1,0.1,0.020297995427940838,0.002031532311201656,True,0.0,0.0
2026-08-24 11:10:41.651765,0.0021640529465345687,0.021066556567533215,0.03432697209520148,0.1,0.1,0.1,0.020297995427940838,0.002031532311201656,True,0.0,0.0
2026-08-24 11:10:41.664427,0.0021640529465345687,0.021066556567533215,0.03432697209520148,0.1,0.1,0.1,0.020297995427940838,0.002031532311201656,True,0.0,0.0
2026-08-24 11:10:41.682440,0.0021640529465345687,0.021066556567533215,0.03432697209520148,0.1,0.1,0.1,0.020297995427940838,0.002031532311201656,True,0.0,0.0
2026-08-24 11:10:41.698942,0.0021640529465345687,0.021066556567533215,0.03432697209520148,0.1,0.1,0.1,0.020297995427940838,0.002031532311201656,True,0.0,0.0
2026-08-24 11:10:41.747484,0.0018899060661422447,0.02064820725548242,0.03431184512240168,0.1,0.1,0.1,0.019907438765688668,0.0017621773160026732,True,0.0,0.0
2026-08-24 11:10:41.759841,0.0018899060661422447,0.02064820725548242,0.03431184512240168,0.1,0.1,0.1,0.019907438765688668,0.0017621773160026732,True,0.0,0.0
2026-08-24 11:10:41.778341,0.0018887063909264511,0.02064820725548242,0.03431184512240168,0.1,0.1,0.1,0.019907438765688668,0.001761950007598672,True,-10,10
2026-08-24 11:10:41.798611,0.0024409522731483023,0.02064820725548242,0.03431184512240168,0.1,0.1,0.1,0.019907438765688668,0.0015983975818536934,True,-10,10
2026-08-24 11:10:41.810103,0.002999847857294454,0.02064820725548242,0.03431184512240168,0.1,0.1,0.1,0.019907438765688668,0.0013940120336487088,True,-10,10
2026-08-24 11:10:41.822479,0.002999847857294454,0.02064820725548242,0.03431184512240168,0.1,0.1,0.1,0.019907438765688668,0.0013940120336487088,True,-10,10
2026-08-24 11:10:41.840714,0.0036345064276672038,0.02064820725548242,0.03431184512240168,0.1,0.1,0.1,0.019907438765688668,0.0012366867958984182,True,-10,10
2026-08-24 11:10:41.856082,0.0040950739849135885,0.02064820725548242,0.03431184512240168,0.1,0.1,0.1,0.019907438765688668,0.0,True,-10,10
2026-08-24 11:10:41.874049,0.004633880080020129,0.02064820725548242,0.03431184512240168,0.1,0.1,0.1,0.019907438765688668,0.0,True,-10,10
2026-08-24 11:10:41.887215,0.005466652367649067,0.02064820725548242,0.03431184512240168,0.1,0.1,0.1,0.019907438765688668,0.0,True,-10,10
2026-08-24 11:10:41.904264,0.007288616600681442,0.02064820725548242,0.03431184512240168,0.1,0.1,0.1,0.019907438765688668,0.0,True,-10,10
2026-08-24 11:10:41.922217,0.008393197590370409,0.02064820725548242,0.03431184512240168,0.1,0.1,0.08685568856512249,0.019907438765688668,0.0,True,-10,10
2026-08-24 11:10:41.939912,0.008393197590370409,0.02064820725548242,0.03431184512240168,0.1,0.1,0.08685568856512249,0.019907438765688668,0.0,True,-10,10
2026-08-24 11:10:41.957420,0.009630927658861024,0.02064820725548242,0.03431184512240168,0.1,0.1,0.07483494207387341,0.019907438765688668,0.0,True,-10,10
2026-08-24 11:10:41.967514,0.012180144634588823,0.02064820725548242,0.03431184512240168,0.1,0.1,0.058374918078588314,0.019907438765688668,0.0011038240092737482,True,-10,10
2026-08-24 11:10:41.989628,0.012180144634588823,0.02064820725548242,0.03431184512240168,0.1,0.1,0.058374918078588314,0.019907438765688668,0.0011038240092737482,True,-10,10
2026-08-24 11:10:41.997459,0.015437870766300607,0.02064820725548242,0.03431184512240168,0.1,0.1,0.04592602149692676,0.019907438765688668,0.0016245576549908409,True,-10,10
2026-08-24 11:10:42.019353,0.015437870766300607,0.02064820725548242,0.03431184512240168,0.1,0.1,0.04592602149692676,0.019907438765688668,0.0016245576549908409,True,-10,10
2026-08-24 11:10:42.031693,0.01902323206905915,0.02064820725548242,0.03431184512240168,0.1,0.1,0.03639050052582225,0.019907438765688668,0.002092672925449922,True,-10,10
2026-08-24 11:10:42.050230,0.01902323206905915,0.02064820725548242,0.03431184512240168,0.1,0.1,0.03639050052582225,0.019907438765688668,0.002092672925449922,True,-10,10
2026-08-24 11:10:42.063392,0.02310235610402925,0.02064820725548242,0.03431184512240168,0.1,0.1,0.02873769884046952,0.019907438765688668,0.0025322280917608473,True,-10,10
2026-08-24 11:10:42.082335,0.02310235610402925,0.02064820725548242,0.03431184512240168,0.1,0.1,0.02873769884046952,0.019907438765688668,0.0025322280917608473,True,-10,10
2026-08-24 11:10:42.092776,0.027963156639237215,0.02064820725548242,0.03431184512240168,0.1,0.1,0.023231482357374735,0.019907438765688668,0.0032061958972357286,True,-10,10
2026-08-24 11:10:42.113850,0.027963156639237215,0.02064820725548242,0.03431184512240168,0.1,0.1,0.023231482357374735,0.019907438765688668,0.0032061958972357286,True,-10,10
2026-08-24 11:10:42.125196,0.030599203217608253,0.02064820725548242,0.03431184512240168,0.1,0.1,0.0211720405942416,0.019907438765688668,0.0036149727610252065,True,-10,10
2026-08-24 11:10:42.142973,0.03428279792049464,0.02064820725548242,0.03431184512240168,0.1,0.1,0.018605891289345772,0.019907438765688668,0.004101595833373522,True,-10,10
2026-08-24 11:10:42.158042,0.04170763528481207,0.02064820725548242,0.03431184512240168,0.1,0.1,0.015842077304638078,0.019907438765688668,0.005411178868645828,True,-10,10
2026-08-24 11:10:42.177578,0.04170763528481207,0.02064820725548242,0.03431184512240168,0.1,0.1,0.015842077304638078,0.019907438765688668,0.005411178868645828,True,-10,10
2026-08-24 11:10:42.190441,0.041149123938890725,0.02064820725548242,0.03431184512240168,0.1,0.1,0.013434551060047595,0.019907438765688668,0.007744187651298167,True,-10,10
2026-08-24 11:10:42.211770,0.041149123938890725,0.02064820725548242,0.03431184512240168,0.1,0.1,0.013434551060047595,0.019907438765688668,0.007744187651298167,True,-10,10
2026-08-24 11:10:42.233926,0.03969694908428444,0.02064820725548242,0.03431184512240168,0.1,0.1,0.011527340776856689,0.019907438765688668,0.010479267840647722,True,-10,10
2026-08-24 11:10:42.252055,0.03911395671555264,0.02064820725548242,0.03431184512240168,0.1,0.1,0.01073036577203943,0.019907438765688668,0.012019321412510353,True,-10,10
2026-08-24 11:10:42.268151,0.03911395671555264,0.02064820725548242,0.03431184512240168,0.1,0.1,0.01073036577203943,0.019907438765688668,0.012019321412510353,True,-10,10
2026-08-24 11:10:42.282060,0.038057385899298926,0.02064820725548242,0.03431184512240168,0.1,0.1,0.009187102087797805,0.019907438765688668,0.014788898669381698,True,-10,10
2026-08-24 11:10:42.299955,0.038057385899298926,0.02064820725548242,0.03431184512240168,0.1,0.1,0.009187102087797805,0.019907438765688668,0.014788898669381698,True,-10,10
2026-08-24 11:10:42.315617,0.03695726349318802,0.02064820725548242,0.03431184512240168,0.1,0.1,0.007544683654561259,0.019907438765688668,0.017520848815976226,True,-10,10
2026-08-24 11:10:42.337598,0.03695726349318802,0.02064820725548242,0.03431184512240168,0.1,0.1,0.007544683654561259,0.019907438765688668,0.017520848815976226,True,-10,10
2026-08-24 11:10:42.348555,0.03636993707706807,0.02064820725548242,0.03431184512240168,0.1,0.1,0.006684351842706163,0.019907438765688668,0.019298364592075595,True,-10,10
2026-08-24 11:10:42.363334,0.035901834028459936,0.02064820725548242,0.03431184512240168,0.1,0.1,0.005862355674182473,0.019907438765688668,0.021798534768604758,True,-10,10
2026-08-24 11:10:42.378962,0.0350688072274257,0.02064820725548242,0.03431184512240168,0.1,0.1,0.004463758945063719,0.019907438765688668,0.026460464500589632,True,-10,10
2026-08-24 11:10:42.396872,0.0350688072274257,0.02064820725548242,0.03431184512240168,0.1,0.1,0.004463758945063719,0.019907438765688668,0.026460464500589632,True,-10,10
2026-08-24 11:10:42.410794,0.034510865410573924,0.02064820725548242,0.03431184512240168,0.1,0.1,0.0033419397023929788,0.019907438765688668,0.03251935397241488,True,-10,10
2026-08-24 11:10:42.434789,0.03434288193472357,0.02064820725548242,0.03431184512240168,0.1,0.1,0.0029113307104753038,0.019907438765688668,0.03609664271742102,True,-10,10
2026-08-24 11:10:42.463389,0.03447151707716767,0.02064820725548242,0.03431184512240168,0.1,0.1,0.002544840313229429,0.019907438765688668,0.03994262471037688,True,-10,10
2026-08-24 11:10:42.475772,0.03447151707716767,0.02064820725548242,0.03431184512240168,0.1,0.1,0.002544840313229429,0.019907438765688668,0.03994262471037688,True,-10,10
2026-08-24 11:10:42.489979,0.03454606806682575,0.02064820725548242,0.03431184512240168,0.1,0.1,0.00194190171076033,0.019907438765688668,0.041513371324342165,True,-10,10
2026-08-24 11:10:42.506422,0.03470976941060582,0.02064820725548242,0.03431184512240168,0.1,0.1,0.0017274907510310836,0.019907438765688668,0.04005207111628065,True,-10,10
2026-08-24 11:10:42.521651,0.03470976941060582,0.02064820725548242,0.03431184512240168,0.1,0.1,0.0017274907510310836,0.019907438765688668,0.04005207111628065,True,-10,10
2026-08-24 11:10:42.544836,0.035171023829726665,0.02064820725548242,0.03431184512240168,0.1,0.1,0.001614045022881203,0.019907438765688668,0.03898320546143466,True,-10,10
2026-08-24 11:10:42.553478,0.0357319241436339,0.02064820725548242,0.03431184512240168,0.1,0.1,0.001499792966219892,0.019907438765688668,0.03806342570270576,True,-10,10
2026-08-24 11:10:42.566761,0.03639374527504022,0.02064820725548242,0.03431184512240168,0.1,0.1,0.001457787535907011,0.019907438765688668,0.03721985190068137,True,-10,10
2026-08-24 11:10:42.586878,0.03802112492757335,0.02064820725548242,0.03431184512240168,0.1,0.1,0.0014899320718805339,0.019907438765688668,0.03586632313305644,True,-10,10
2026-08-24 11:10:42.639816,0.03802112492757335,0.07912651882970488,0.1,0.1,0.03318510977036153,0.0014899320718805339,0.01500941765572344,0.03586632313305644,True,0.0,0.0
2026-08-24 11:10:42.666698,0.038486927585987485,0.07912651882970488,0.1,0.1,0.03318510977036153,0.0014899320718805339,0.01500941765572344,0.035725403713103475,True,5.0,-5.0
2026-08-24 11:10:42.683867,0.038486927585987485,0.07912651882970488,0.1,0.1,0.03318510977036153,0.0014899320718805339,0.01500941765572344,0.035725403713103475,True,5.0,-5.0
2026-08-24 11:10:42.696100,0.0388753879782691,0.07912651882970488,0.1,0.1,0.03318510977036153,0.0014899320718805339,0.01500941765572344,0.035508134441082126,True,5.0,-5.0
2026-08-24 11:10:42.712999,0.0388753879782691,0.07912651882970488,0.1,0.1,0.03318510977036153,0.0014899320718805339,0.01500941765572344,0.035508134441082126,True,5.0,-5.0
2026-08-24 11:10:42.725660,0.03909074666102707,0.07912651882970488,0.1,0.1,0.03318510977036153,0.0014899320718805339,0.01500941765572344,0.03580791725421021,True,5.0,-5.0
2026-08-24 11:10:42.745005,0.03863413803880124,0.07912651882970488,0.1,0.1,0.03318510977036153,0.0014899320718805339,0.01500941765572344,0.03605785795638737,True,5.0,-5.0
2026-08-24 11:10:42.759151,0.0381910128474051,0.07912651882970488,0.1,0.1,0.03318510977036153,0.0014899320718805339,0.01500941765572344,0.03636657360213962,True,5.0,-5.0
2026-08-24 11:10:42.808713,0.03733525679642158,0.07303346872129093,0.1,0.1,0.03934514647609539,0.0016249293022916281,0.013085782987406928,0.037368122301677145,True,0.0,0.0
2026-08-24 11:10:42.826458,0.03733525679642158,0.07303346872129093,0.1,0.1,0.03934514647609539,0.0016249293022916281,0.013085782987406928,0.037368122301677145,True,0.0,0.0
2026-08-24 11:10:42.841559,0.03733525679642158,0.07303346872129093,0.1,0.1,0.03934514647609539,0.0016249293022916281,0.013085782987406928,0.037368122301677145,True,0.0,0.0
2026-08-24 11:10:42.876444,0.037502404024579314,0.07328010623766214,0.1,0.1,0.039339208497103345,0.0016209462268479498,0.013079944569280445,0.03753621557488221,True,0.0,0.0
2026-08-24 11:10:42.901871,0.037502404024579314,0.07328010623766214,0.1,0.1,0.039339208497103345,0.0016209462268479498,0.013079944569280445,0.03753621557488221,True,0.0,0.0
2026-08-24 11:10:42.917509,0.037502404024579314,0.07328010623766214,0.1,0.1,0.039339208497103345,0.0016209462268479498,0.013079944569280445,0.03753621557488221,True,0.0,0.0
2026-08-24 11:10:42.934642,0.037502404024579314,0.07328010623766214,0.1,0.1,0.039339208497103345,0.0016209462268479498,0.013079944569280445,0.03753621557488221,True,0.0,0.0
2026-08-24 11:10:42.951101,0.037502404024579314,0.07328010623766214,0.1,0.1,0.039339208497103345,0.0016209462268479498,0.013079944569280445,0.03753621557488221,True,0.0,0.0
2026-08-24 11:10:42.964926,0.037502404024579314,0.07328010623766214,0.1,0.1,0.039339208497103345,0.0016209462268479498,0.013079944569280445,0.03753621557488221,True,0.0,0.0
2026-08-24 11:10:42.982443,0.037502404024579314,0.07328010623766214,0.1,0.1,0.039339208497103345,0.0016209462268479498,0.013079944569280445,0.03753621557488221,True,0.0,0.0
2026-08-24 11:10:42.996770,0.037502404024579314,0.07328010623766214,0.1,0.1,0.039339208497103345,0.0016209462268479498,0.013079944569280445,0.03753621557488221,True,0.0,0.0
2026-08-24 11:10:43.012839,0.037502404024579314,0.07328010623766214,0.1,0.1,0.039339208497103345,0.0016209462268479498,0.013079944569280445,0.03753621557488221,True,0.0,0.0
2026-08-24 11:10:43.026494,0.037502404024579314,0.07328010623766214,0.1,0.1,0.039339208497103345,0.0016209462268479498,0.013079944569280445,0.03753621557488221,True,0.0,0.0
2026-08-24 11:10:43.043728,0.037502404024579314,0.07328010623766214,0.1,0.1,0.039339208497103345,0.0016209462268479498,0.013079944569280445,0.03753621557488221,True,0.0,0.0
2026-08-24 11:10:43.059286,0.037502404024579314,0.07328010623766214,0.1,0.1,0.039339208497103345,0.0016209462268479498,0.013079944569280445,0.03753621557488221,True,0.0,0.0
2026-08-24 11:10:43.074220,0.037502404024579314,0.07328010623766214,0.1,0.1,0.039339208497103345,0.0016209462268479498,0.013079944569280445,0.03753621557488221,True,0.0,0.0
2026-08-24 11:10:43.090798,0.037502404024579314,0.07328010623766214,0.1,0.1,0.039339208497103345,0.0016209462268479498,0.013079944569280445,0.03753621557488221,True,0.0,0.0
2026-08-24 11:10:43.106673,0.037502404024579314,0.07328010623766214,0.1,0.1,0.039339208497103345,0.0016209462268479498,0.013079944569280445,0.03753621557488221,True,0.0,0.0
2026-08-24 11:10:43.120553,0.037502404024579314,0.07328010623766214,0.1,0.1,0.039339208497103345,0.0016209462268479498,0.013079944569280445,0.03753621557488221,True,0.0,0.0
2026-08-24 11:10:43.139193,0.037502404024579314,0.07328010623766214,0.1,0.1,0.039339208497103345,0.0016209462268479498,0.013079944569280445,0.03753621557488221,True,0.0,0.0
2026-08-24 11:10:43.153322,0.037502404024579314,0.07328010623766214,0.1,0.1,0.039339208497103345,0.0016209462268479498,0.013079944569280445,0.03753621557488221,True,0.0,0.0
2026-08-24 11:10:43.170281,0.037502404024579314,0.07328010623766214,0.1,0.1,0.039339208497103345,0.0016209462268479498,0.013079944569280445,0.03753621557488221,True,0.0,0.0
2026-08-24 11:10:43.186399,0.037502404024579314,0.07328010623766214,0.1,0.1,0.039339208497103345,0.0016209462268479498,0.013079944569280445,0.03753621557488221,True,0.0,0.0
2026-08-24 11:10:43.202051,0.037502404024579314,0.07328010623766214,0.1,0.1,0.039339208497103345,0.0016209462268479498,0.013079944569280445,0.03753621557488221,True,0.0,0.0
2026-08-24 11:10:43.219076,0.037502404024579314,0.07328010623766214,0.1,0.1,0.039339208497103345,0.0016209462268479498,0.013079944569280445,0.03753621557488221,True,0.0,0.0
2026-08-24 11:10:43.231263,0.037502404024579314,0.07328010623766214,0.1,0.1,0.039339208497103345,0.0016209462268479498,0.013079944569280445,0.03753621557488221,True,0.0,0.0
2026-08-24 11:10:43.248997,0.037502404024579314,0.07328010623766214,0.1,0.1,0.039339208497103345,0.0016209462268479498,0.013079944569280445,0.03753621557488221,True,0.0,0.0
2026-08-24 11:10:43.264166,0.037502404024579314,0.07328010623766214,0.1,0.1,0.039339208497103345,0.0016209462268479498,0.013079944569280445,0.03753621557488221,True,0.0,0.0
2026-08-24 11:10:43.307702,0.03863305302196033,0.07483405743371752,0.1,0.1,0.039530024968753234,0.001631728813689585,0.01304088398433384,0.03872656547856976,True,0.0,0.0
2026-08-24 11:10:43.325761,0.03863305302196033,0.07483405743371752,0.1,0.1,0.039530024968753234,0.001631728813689585,0.01304088398433384,0.03872656547856976,True,0.0,0.0
2026-08-24 11:10:43.343947,0.03863305302196033,0.07483405743371752,0.1,0.1,0.039530024968753234,0.001631728813689585,0.01304088398433384,0.03872656547856976,True,10,-10
2026-08-24 11:10:43.364360,0.03863305302196033,0.07483405743371752,0.1,0.1,0.039530024968753234,0.001631728813689585,0.01304088398433384,0.03872656547856976,True,10,-10
2026-08-24 11:10:43.374154,0.03863305302196033,0.07483405743371752,0.1,0.1,0.039530024968753234,0.001631728813689585,0.01304088398433384,0.03872656547856976,True,10,-10
2026-08-24 11:10:43.391571,0.03863305302196033,0.07483405743371752,0.1,0.1,0.039530024968753234,0.001631728813689585,0.01304088398433384,0.03872656547856976,True,10,-10
2026-08-24 11:10:43.405471,0.03863305302196033,0.07483405743371752,0.1,0.1,0.039530024968753234,0.001631728813689585,0.01304088398433384,0.03872656547856976,True,10,-10
2026-08-24 11:10:43.422630,0.03863305302196033,0.07483405743371752,0.1,0.1,0.039530024968753234,0.001631728813689585,0.01304088398433384,0.03872656547856976,True,10,-10
2026-08-24 11:10:43.439008,0.03863305302196033,0.07483405743371752,0.1,0.1,0.039530024968753234,0.001631728813689585,0.01304088398433384,0.03872656547856976,True,10,-10
2026-08-24 11:10:43.452880,0.03863305302196033,0.07483405743371752,0.1,0.1,0.039530024968753234,0.001631728813689585,0.01304088398433384,0.03872656547856976,True,10,-10
2026-08-24 11:10:43.472255,0.03863305302196033,0.07483405743371752,0.1,0.1,0.039530024968753234,0.001631728813689585,0.01304088398433384,0.03872656547856976,True,10,-10
2026-08-24 11:10:43.486860,0.03863305302196033,0.07483405743371752,0.1,0.1,0.039530024968753234,0.001631728813689585,0.01304088398433384,0.03872656547856976,True,10,-10
2026-08-24 11:10:43.503742,0.03863305302196033,0.07483405743371752,0.1,0.1,0.039530024968753234,0.001631728813689585,0.01304088398433384,0.03872656547856976,True,10,-10
2026-08-24 11:10:43.516397,0.03863305302196033,0.07483405743371752,0.1,0.1,0.039530024968753234,0.001631728813689585,0.01304088398433384,0.03872656547856976,True,10,-10
2026-08-24 11:10:43.531934,0.03863305302196033,0.07483405743371752,0.1,0.1,0.039530024968753234,0.001631728813689585,0.01304088398433384,0.03872656547856976,True,10,-10
2026-08-24 11:10:43.550037,0.03863305302196033,0.07483405743371752,0.1,0.1,0.039530024968753234,0.001631728813689585,0.01304088398433384,0.03872656547856976,True,10,-10
2026-08-24 11:10:43.565946,0.03863305302196033,0.07483405743371752,0.1,0.1,0.039530024968753234,0.001631728813689585,0.01304088398433384,0.03872656547856976,True,10,-10
2026-08-24 11:10:43.581898,0.03863305302196033,0.07483405743371752,0.1,0.1,0.039530024968753234,0.001631728813689585,0.01304088398433384,0.03872656547856976,True,10,-10
2026-08-24 11:10:43.597767,0.03863305302196033,0.07483405743371752,0.1,0.1,0.039530024968753234,0.001631728813689585,0.01304088398433384,0.03872656547856976,True,10,-10
2026-08-24 11:10:43.611488,0.03863305302196033,0.07483405743371752,0.1,0.1,0.039530024968753234,0.001631728813689585,0.01304088398433384,0.03872656547856976,True,10,-10
2026-08-24 11:10:43.629291,0.03863305302196033,0.07483405743371752,0.1,0.1,0.039530024968753234,0.001631728813689585,0.01304088398433384,0.03872656547856976,True,10,-10
2026-08-24 11:10:43.644183,0.03863305302196033,0.07483405743371752,0.1,0.1,0.039530024968753234,0.001631728813689585,0.01304088398433384,0.03872656547856976,True,10,-10
2026-08-24 11:10:43.659492,0.03863305302196033,0.07483405743371752,0.1,0.1,0.039530024968753234,0.001631728813689585,0.01304088398433384,0.03872656547856976,True,10,-10
2026-08-24 11:10:43.677520,0.03863305302196033,0.07483405743371752,0.1,0.1,0.039530024968753234,0.001631728813689585,0.01304088398433384,0.03872656547856976,True,10,-10
2026-08-24 11:10:43.693795,0.03863305302196033,0.07483405743371752,0.1,0.1,0.039530024968753234,0.001631728813689585,0.01304088398433384,0.03872656547856976,True,10,-10
2026-08-24 11:10:43.707362,0.03863305302196033,0.07483405743371752,0.1,0.1,0.039530024968753234,0.001631728813689585,0.01304088398433384,0.03872656547856976,True,10,-10
2026-08-24 11:10:43.723814,0.03863305302196033,0.07483405743371752,0.1,0.1,0.039530024968753234,0.001631728813689585,0.01304088398433384,0.03872656547856976,True,10,-10
2026-08-24 11:10:43.739987,0.03863305302196033,0.07483405743371752,0.1,0.1,0.039530024968753234,0.001631728813689585,0.01304088398433384,0.03872656547856976,True,10,-10
2026-08-24 11:10:43.755610,0.03863305302196033,0.07483405743371752,0.1,0.1,0.039530024968753234,0.001631728813689585,0.01304088398433384,0.03872656547856976,True,10,-10
2026-08-24 11:10:43.771255,0.03863305302196033,0.07483405743371752,0.1,0.1,0.039530024968753234,0.001631728813689585,0.01304088398433384,0.03872656547856976,True,10,-10
2026-08-24 11:10:43.787100,0.03863305302196033,0.07483405743371752,0.1,0.1,0.039530024968753234,0.001631728813689585,0.01304088398433384,0.03872656547856976,True,10,-10
2026-08-24 11:10:43.803068,0.03863305302196033,0.07483405743371752,0.1,0.1,0.039530024968753234,0.001631728813689585,0.01304088398433384,0.03872656547856976,True,10,-10
2026-08-24 11:10:43.821246,0.03863305302196033,0.07483405743371752,0.1,0.1,0.039530024968753234,0.001631728813689585,0.01304088398433384,0.03872656547856976,True,10,-10
2026-08-24 11:10:43.834967,0.03863305302196033,0.07483405743371752,0.1,0.1,0.039530024968753234,0.001631728813689585,0.01304088398433384,0.03872656547856976,True,10,-10
2026-08-24 11:10:43.851266,0.03863305302196033,0.07483405743371752,0.1,0.1,0.039530024968753234,0.001631728813689585,0.01304088398433384,0.03872656547856976,True,10,-10
2026-08-24 11:10:43.867514,0.03863305302196033,0.07483405743371752,0.1,0.1,0.039530024968753234,0.001631728813689585,0.01304088398433384,0.03872656547856976,True,10,-10
2026-08-24 11:10:43.883395,0.03863305302196033,0.07483405743371752,0.1,0.1,0.039530024968753234,0.001631728813689585,0.01304088398433384,0.03872656547856976,True,10,-10
2026-08-24 11:10:43.898571,0.03863305302196033,0.07483405743371752,0.1,0.1,0.039530024968753234,0.001631728813689585,0.01304088398433384,0.03872656547856976,True,10,-10
2026-08-24 11:10:43.914924,0.03863305302196033,0.07483405743371752,0.1,0.1,0.039530024968753234,0.001631728813689585,0.01304088398433384,0.03872656547856976,True,10,-10
2026-08-24 11:10:43.930055,0.03863305302196033,0.07483405743371752,0.1,0.1,0.039530024968753234,0.001631728813689585,0.01304088398433384,0.03872656547856976,True,10,-10
2026-08-24 11:10:43.945286,0.03863305302196033,0.07483405743371752,0.1,0.1,0.039530024968753234,0.001631728813689585,0.01304088398433384,0.03872656547856976,True,10,-10
2026-08-24 11:10:43.960590,0.03863305302196033,0.07483405743371752,0.1,0.1,0.039530024968753234,0.001631728813689585,0.01304088398433384,0.03872656547856976,True,10,-10
2026-08-24 11:10:43.977330,0.03863305302196033,0.07483405743371752,0.1,0.1,0.039530024968753234,0.001631728813689585,0.01304088398433384,0.03872656547856976,True,10,-10
2026-08-24 11:10:43.993203,0.03863305302196033,0.07483405743371752,0.1,0.1,0.039530024968753234,0.001631728813689585,0.01304088398433384,0.03872656547856976,True,10,-10
2026-08-24 11:10:44.009062,0.03863305302196033,0.07483405743371752,0.1,0.1,0.039530024968753234,0.001631728813689585,0.01304088398433384,0.03872656547856976,True,10,-10
2026-08-24 11:10:44.024367,0.03863305302196033,0.07483405743371752,0.1,0.1,0.039530024968753234,0.001631728813689585,0.01304088398433384,0.03872656547856976,True,10,-10
2026-08-24 11:10:44.040188,0.03863305302196033,0.07483405743371752,0.1,0.1,0.039530024968753234,0.001631728813689585,0.01304088398433384,0.03872656547856976,True,10,-10
2026-08-24 11:10:44.058111,0.03863305302196033,0.07483405743371752,0.1,0.1,0.039530024968753234,0.001631728813689585,0.01304088398433384,0.03872656547856976,True,10,-10
2026-08-24 11:10:44.071978,0.03863305302196033,0.07483405743371752,0.1,0.1,0.039530024968753234,0.001631728813689585,0.01304088398433384,0.03872656547856976,True,10,-10
2026-08-24 11:10:44.087891,0.03863305302196033,0.07483405743371752,0.1,0.1,0.039530024968753234,0.001631728813689585,0.01304088398433384,0.03872656547856976,True,10,-10
2026-08-24 11:10:44.105802,0.03863305302196033,0.07483405743371752,0.1,0.1,0.039530024968753234,0.001631728813689585,0.01304088398433384,0.03872656547856976,True,10,-10
2026-08-24 11:10:44.119709,0.03863305302196033,0.07483405743371752,0.1,0.1,0.039530024968753234,0.001631728813689585,0.01304088398433384,0.03872656547856976,True,10,-10
2026-08-24 11:10:44.135596,0.03863305302196033,0.07483405743371752,0.1,0.1,0.039530024968753234,0.001631728813689585,0.01304088398433384,0.03872656547856976,True,10,-10
2026-08-24 11:10:44.151492,0.03863305302196033,0.07483405743371752,0.1,0.1,0.039530024968753234,0.001631728813689585,0.01304088398433384,0.03872656547856976,True,10,-10
2026-08-24 11:10:44.167444,0.03863305302196033,0.07483405743371752,0.1,0.1,0.039530024968753234,0.001631728813689585,0.01304088398433384,0.03872656547856976,True,10,-10
2026-08-24 11:10:44.183296,0.03863305302196033,0.07483405743371752,0.1,0.1,0.039530024968753234,0.001631728813689585,0.01304088398433384,0.03872656547856976,True,10,-10
2026-08-24 11:10:44.199280,0.03863305302196033,0.07483405743371752,0.1,0.1,0.039530024968753234,0.001631728813689585,0.01304088398433384,0.03872656547856976,True,10,-10
2026-08-24 11:10:44.215242,0.03863305302196033,0.07483405743371752,0.1,0.1,0.039530024968753234,0.001631728813689585,0.01304088398433384,0.03872656547856976,True,10,-10
2026-08-24 11:10:44.230380,0.03863305302196033,0.07483405743371752,0.1,0.1,0.039530024968753234,0.001631728813689585,0.01304088398433384,0.03872656547856976,True,10,-10
2026-08-24 11:10:44.248579,0.03863305302196033,0.07483405743371752,0.1,0.1,0.039530024968753234,0.001631728813689585,0.01304088398433384,0.03872656547856976,True,10,-10
2026-08-24 11:10:44.262445,0.03863305302196033,0.07483405743371752,0.1,0.1,0.039530024968753234,0.001631728813689585,0.01304088398433384,0.03872656547856976,True,10,-10
2026-08-24 11:10:44.280356,0.03863305302196033,0.07483405743371752,0.1,0.1,0.039530024968753234,0.001631728813689585,0.01304088398433384,0.03872656547856976,True,10,-10
2026-08-24 11:10:44.296247,0.03863305302196033,0.07483405743371752,0.1,0.1,0.039530024968753234,0.001631728813689585,0.01304088398433384,0.03872656547856976,True,10,-10
2026-08-24 11:10:44.309925,0.03863305302196033,0.07483405743371752,0.1,0.1,0.039530024968753234,0.001631728813689585,0.01304088398433384,0.03872656547856976,True,10,-10
2026-08-24 11:10:44.325909,0.03863305302196033,0.07483405743371752,0.1,0.1,0.039530024968753234,0.001631728813689585,0.01304088398433384,0.03872656547856976,True,10,-10
2026-08-24 11:10:44.341841,0.03863305302196033,0.07483405743371752,0.1,0.1,0.039530024968753234,0.001631728813689585,0.01304088398433384,0.03872656547856976,True,10,-10
2026-08-24 11:10:44.429403,0.00684463788427165,0.021710755970368034,0.04110595018175392,0.09134760754628218,0.1,0.1,0.0414158723075028,0.0101748803713433,True,0.0,0.0
2026-08-24 11:10:44.447289,0.00684463788427165,0.021710755970368034,0.04110595018175392,0.09134760754628218,0.1,0.1,0.0414158723075028,0.0101748803713433,True,0.0,0.0
2026-08-24 11:10:44.522987,0.006871412985666456,0.02174633724758011,0.04108558558154588,0.09129823897375311,0.1,0.1,0.041465724757773555,0.010204054902208139,True,0.0,0.0
2026-08-24 11:10:44.532582,0.006871412985666456,0.02174633724758011,0.04108558558154588,0.09129823897375311,0.1,0.1,0.041465724757773555,0.010204054902208139,True,0.0,0.0
2026-08-24 11:10:44.548450,0.006871412985666456,0.02174633724758011,0.04108558558154588,0.09129823897375311,0.1,0.1,0.041465724757773555,0.010204054902208139,True,0.0,0.0
2026-08-24 11:10:44.564342,0.006871412985666456,0.02174633724758011,0.04108558558154588,0.09129823897375311,0.1,0.1,0.041465724757773555,0.010204054902208139,True,0.0,0.0
2026-08-24 11:10:44.580865,0.006871412985666456,0.02174633724758011,0.04108558558154588,0.09129823897375311,0.1,0.1,0.041465724757773555,0.010204054902208139,True,0.0,0.0
2026-08-24 11:10:44.594829,0.006871412985666456,0.02174633724758011,0.04108558558154588,0.09129823897375311,0.1,0.1,0.041465724757773555,0.010204054902208139,True,0.0,0.0
2026-08-24 11:10:44.612897,0.006871412985666456,0.02174633724758011,0.04108558558154588,0.09129823897375311,0.1,0.1,0.041465724757773555,0.010204054902208139,True,0.0,0.0
2026-08-24 11:10:44.628792,0.006871412985666456,0.02174633724758011,0.04108558558154588,0.09129823897375311,0.1,0.1,0.041465724757773555,0.010204054902208139,True,0.0,0.0
2026-08-24 11:10:44.644717,0.006871412985666456,0.02174633724758011,0.04108558558154588,0.09129823897375311,0.1,0.1,0.041465724757773555,0.010204054902208139,True,0.0,0.0
2026-08-24 11:10:44.657690,0.006871412985666456,0.02174633724758011,0.04108558558154588,0.09129823897375311,0.1,0.1,0.041465724757773555,0.010204054902208139,True,0.0,0.0
2026-08-24 11:10:44.675833,0.006871412985666456,0.02174633724758011,0.04108558558154588,0.09129823897375311,0.1,0.1,0.041465724757773555,0.010204054902208139,True,0.0,0.0
2026-08-24 11:10:44.689723,0.006871412985666456,0.02174633724758011,0.04108558558154588,0.09129823897375311,0.1,0.1,0.041465724757773555,0.010204054902208139,True,0.0,0.0
2026-08-24 11:10:44.705710,0.006871412985666456,0.02174633724758011,0.04108558558154588,0.09129823897375311,0.1,0.1,0.041465724757773555,0.010204054902208139,True,0.0,0.0
2026-08-24 11:10:44.723488,0.006871412985666456,0.02174633724758011,0.04108558558154588,0.09129823897375311,0.1,0.1,0.041465724757773555,0.010204054902208139,True,0.0,0.0
2026-08-24 11:10:44.739521,0.006871412985666456,0.02174633724758011,0.04108558558154588,0.09129823897375311,0.1,0.1,0.041465724757773555,0.010204054902208139,True,0.0,0.0
2026-08-24 11:10:44.755455,0.006871412985666456,0.02174633724758011,0.04108558558154588,0.09129823897375311,0.1,0.1,0.041465724757773555,0.010204054902208139,True,0.0,0.0
2026-08-24 11:10:44.768941,0.006871412985666456,0.02174633724758011,0.04108558558154588,0.09129823897375311,0.1,0.1,0.041465724757773555,0.010204054902208139,True,0.0,0.0
2026-08-24 11:10:44.785053,0.006871412985666456,0.02174633724758011,0.04108558558154588,0.09129823897375311,0.1,0.1,0.041465724757773555,0.010204054902208139,True,0.0,0.0
2026-08-24 11:10:44.802274,0.006871412985666456,0.02174633724758011,0.04108558558154588,0.09129823897375311,0.1,0.1,0.041465724757773555,0.010204054902208139,True,0.0,0.0
2026-08-24 11:10:44.816955,0.006871412985666456,0.02174633724758011,0.04108558558154588,0.09129823897375311,0.1,0.1,0.041465724757773555,0.010204054902208139,True,0.0,0.0
2026-08-24 11:10:44.831039,0.006871412985666456,0.02174633724758011,0.04108558558154588,0.09129823897375311,0.1,0.1,0.041465724757773555,0.010204054902208139,True,0.0,0.0
2026-08-24 11:10:44.848266,0.006871412985666456,0.02174633724758011,0.04108558558154588,0.09129823897375311,0.1,0.1,0.041465724757773555,0.010204054902208139,True,0.0,0.0
2026-08-24 11:10:44.864172,0.006871412985666456,0.02174633724758011,0.04108558558154588,0.09129823897375311,0.1,0.1,0.041465724757773555,0.010204054902208139,True,0.0,0.0
2026-08-24 11:10:44.880063,0.006871412985666456,0.02174633724758011,0.04108558558154588,0.09129823897375311,0.1,0.1,0.041465724757773555,0.010204054902208139,True,0.0,0.0
2026-08-24 11:10:44.895941,0.006871412985666456,0.02174633724758011,0.04108558558154588,0.09129823897375311,0.1,0.1,0.041465724757773555,0.010204054902208139,True,0.0,0.0
2026-08-24 11:10:44.911956,0.006871412985666456,0.02174633724758011,0.04108558558154588,0.09129823897375311,0.1,0.1,0.041465724757773555,0.010204054902208139,True,0.0,0.0
2026-08-24 11:10:44.927869,0.006871412985666456,0.02174633724758011,0.04108558558154588,0.09129823897375311,0.1,0.1,0.041465724757773555,0.010204054902208139,True,0.0,0.0
2026-08-24 11:10:44.943785,0.006871412985666456,0.02174633724758011,0.04108558558154588,0.09129823897375311,0.1,0.1,0.041465724757773555,0.010204054902208139,True,0.0,0.0
2026-08-24 11:10:44.957500,0.006871412985666456,0.02174633724758011,0.04108558558154588,0.09129823897375311,0.1,0.1,0.041465724757773555,0.010204054902208139,True,0.0,0.0
2026-08-24 11:10:44.976304,0.006871412985666456,0.02174633724758011,0.04108558558154588,0.09129823897375311,0.1,0.1,0.041465724757773555,0.010204054902208139,True,0.0,0.0
2026-08-24 11:10:45.012479,0.007589830749271995,0.02271472521017803,0.04085970991904183,0.09084045857958223,0.1,0.1,0.04276171672966678,0.010977856927864849,True,0.0,0.0
2026-08-24 11:10:45.023526,0.007589830749271995,0.02271472521017803,0.04085970991904183,0.09084045857958223,0.1,0.1,0.04276171672966678,0.010977856927864849,True,0.0,0.0
2026-08-24 11:10:45.039300,0.007589830749271995,0.02271472521017803,0.04085970991904183,0.09084045857958223,0.1,0.1,0.04276171672966678,0.010977856927864849,True,10,-10
2026-08-24 11:10:45.059223,0.007589830749271995,0.02271472521017803,0.04085970991904183,0.09084045857958223,0.1,0.1,0.04276171672966678,0.010977856927864849,True,10,-10
2026-08-24 11:10:45.070523,0.007589830749271995,0.02271472521017803,0.04085970991904183,0.09084045857958223,0.1,0.1,0.04276171672966678,0.010977856927864849,True,10,-10
2026-08-24 11:10:45.084540,0.007589830749271995,0.02271472521017803,0.04085970991904183,0.09084045857958223,0.1,0.1,0.04276171672966678,0.010977856927864849,True,10,-10
2026-08-24 11:10:45.101723,0.007589830749271995,0.02271472521017803,0.04085970991904183,0.09084045857958223,0.1,0.1,0.04276171672966678,0.010977856927864849,True,10,-10
2026-08-24 11:10:45.117877,0.007589830749271995,0.02271472521017803,0.04085970991904183,0.09084045857958223,0.1,0.1,0.04276171672966678,0.010977856927864849,True,10,-10
2026-08-24 11:10:45.133455,0.007589830749271995,0.02271472521017803,0.04085970991904183,0.09084045857958223,0.1,0.1,0.04276171672966678,0.010977856927864849,True,10,-10
2026-08-24 11:10:45.148385,0.007589830749271995,0.02271472521017803,0.04085970991904183,0.09084045857958223,0.1,0.1,0.04276171672966678,0.010977856927864849,True,10,-10
2026-08-24 11:10:45.164508,0.007589830749271995,0.02271472521017803,0.04085970991904183,0.09084045857958223,0.1,0.1,0.04276171672966678,0.010977856927864849,True,10,-10
2026-08-24 11:10:45.182850,0.007589830749271995,0.02271472521017803,0.04085970991904183,0.09084045857958223,0.1,0.1,0.04276171672966678,0.010977856927864849,True,10,-10
2026-08-24 11:10:45.198455,0.007589830749271995,0.02271472521017803,0.04085970991904183,0.09084045857958223,0.1,0.1,0.04276171672966678,0.010977856927864849,True,10,-10
2026-08-24 11:10:45.214445,0.007589830749271995,0.02271472521017803,0.04085970991904183,0.09084045857958223,0.1,0.1,0.04276171672966678,0.010977856927864849,True,10,-10
2026-08-24 11:10:45.228332,0.007589830749271995,0.02271472521017803,0.04085970991904183,0.09084045857958223,0.1,0.1,0.04276171672966678,0.010977856927864849,True,10,-10
2026-08-24 11:10:45.244979,0.007589830749271995,0.02271472521017803,0.04085970991904183,0.09084045857958223,0.1,0.1,0.04276171672966678,0.010977856927864849,True,10,-10
2026-08-24 11:10:45.261113,0.007589830749271995,0.02271472521017803,0.04085970991904183,0.09084045857958223,0.1,0.1,0.04276171672966678,0.010977856927864849,True,10,-10
2026-08-24 11:10:45.277233,0.007589830749271995,0.02271472521017803,0.04085970991904183,0.09084045857958223,0.1,0.1,0.04276171672966678,0.010977856927864849,True,10,-10
2026-08-24 11:10:45.292466,0.007589830749271995,0.02271472521017803,0.04085970991904183,0.09084045857958223,0.1,0.1,0.04276171672966678,0.010977856927864849,True,10,-10
2026-08-24 11:10:45.307370,0.007589830749271995,0.02271472521017803,0.04085970991904183,0.09084045857958223,0.1,0.1,0.04276171672966678,0.010977856927864849,True,10,-10
2026-08-24 11:10:45.322971,0.007589830749271995,0.02271472521017803,0.04085970991904183,0.09084045857958223,0.1,0.1,0.04276171672966678,0.010977856927864849,True,10,-10
2026-08-24 11:10:45.338183,0.007589830749271995,0.02271472521017803,0.04085970991904183,0.09084045857958223,0.1,0.1,0.04276171672966678,0.010977856927864849,True,10,-10
2026-08-24 11:10:45.354460,0.007589830749271995,0.02271472521017803,0.04085970991904183,0.09084045857958223,0.1,0.1,0.04276171672966678,0.010977856927864849,True,10,-10
2026-08-24 11:10:45.372515,0.007589830749271995,0.02271472521017803,0.04085970991904183,0.09084045857958223,0.1,0.1,0.04276171672966678,0.010977856927864849,True,10,-10
2026-08-24 11:10:45.386837,0.007589830749271995,0.02271472521017803,0.04085970991904183,0.09084045857958223,0.1,0.1,0.04276171672966678,0.010977856927864849,True,10,-10
2026-08-24 11:10:45.401349,0.007589830749271995,0.02271472521017803,0.04085970991904183,0.09084045857958223,0.1,0.1,0.04276171672966678,0.010977856927864849,True,10,-10
2026-08-24 11:10:45.419222,0.007589830749271995,0.02271472521017803,0.04085970991904183,0.09084045857958223,0.1,0.1,0.04276171672966678,0.010977856927864849,True,10,-10
2026-08-24 11:10:45.433220,0.007589830749271995,0.02271472521017803,0.04085970991904183,0.09084045857958223,0.1,0.1,0.04276171672966678,0.010977856927864849,True,10,-10
2026-08-24 11:10:45.450843,0.007589830749271995,0.02271472521017803,0.04085970991904183,0.09084045857958223,0.1,0.1,0.04276171672966678,0.010977856927864849,True,10,-10
2026-08-24 11:10:45.466784,0.007589830749271995,0.02271472521017803,0.04085970991904183,0.09084045857958223,0.1,0.1,0.04276171672966678,0.010977856927864849,True,10,-10
2026-08-24 11:10:45.484369,0.007589830749271995,0.02271472521017803,0.04085970991904183,0.09084045857958223,0.1,0.1,0.04276171672966678,0.010977856927864849,True,10,-10
2026-08-24 11:10:45.498662,0.007589830749271995,0.02271472521017803,0.04085970991904183,0.09084045857958223,0.1,0.1,0.04276171672966678,0.010977856927864849,True,10,-10
2026-08-24 11:10:45.515088,0.007589830749271995,0.02271472521017803,0.04085970991904183,0.09084045857958223,0.1,0.1,0.04276171672966678,0.010977856927864849,True,10,-10
2026-08-24 11:10:45.528990,0.007589830749271995,0.02271472521017803,0.04085970991904183,0.09084045857958223,0.1,0.1,0.04276171672966678,0.010977856927864849,True,10,-10
2026-08-24 11:10:45.544997,0.007589830749271995,0.02271472521017803,0.04085970991904183,0.09084045857958223,0.1,0.1,0.04276171672966678,0.010977856927864849,True,10,-10
2026-08-24 11:10:45.561619,0.007589830749271995,0.02271472521017803,0.04085970991904183,0.09084045857958223,0.1,0.1,0.04276171672966678,0.010977856927864849,True,10,-10
2026-08-24 11:10:45.578400,0.007589830749271995,0.02271472521017803,0.04085970991904183,0.09084045857958223,0.1,0.1,0.04276171672966678,0.010977856927864849,True,10,-10
2026-08-24 11:10:45.594357,0.007589830749271995,0.02271472521017803,0.04085970991904183,0.09084045857958223,0.1,0.1,0.04276171672966678,0.010977856927864849,True,10,-10
2026-08-24 11:10:45.609423,0.007589830749271995,0.02271472521017803,0.04085970991904183,0.09084045857958223,0.1,0.1,0.04276171672966678,0.010977856927864849,True,10,-10
2026-08-24 11:10:45.627087,0.007589830749271995,0.02271472521017803,0.04085970991904183,0.09084045857958223,0.1,0.1,0.04276171672966678,0.010977856927864849,True,10,-10
2026-08-24 11:10:45.640050,0.007589830749271995,0.02271472521017803,0.04085970991904183,0.09084045857958223,0.1,0.1,0.04276171672966678,0.010977856927864849,True,10,-10
2026-08-24 11:10:45.657521,0.007589830749271995,0.02271472521017803,0.04085970991904183,0.09084045857958223,0.1,0.1,0.04276171672966678,0.010977856927864849,True,10,-10
2026-08-24 11:10:45.672294,0.007589830749271995,0.02271472521017803,0.04085970991904183,0.09084045857958223,0.1,0.1,0.04276171672966678,0.010977856927864849,True,10,-10
2026-08-24 11:10:45.688634,0.007589830749271995,0.02271472521017803,0.04085970991904183,0.09084045857958223,0.1,0.1,0.04276171672966678,0.010977856927864849,True,10,-10
2026-08-24 11:10:45.704483,0.007589830749271995,0.02271472521017803,0.04085970991904183,0.09084045857958223,0.1,0.1,0.04276171672966678,0.010977856927864849,True,10,-10
2026-08-24 11:10:45.720910,0.007589830749271995,0.02271472521017803,0.04085970991904183,0.09084045857958223,0.1,0.1,0.04276171672966678,0.010977856927864849,True,10,-10
2026-08-24 11:10:45.737011,0.007589830749271995,0.02271472521017803,0.04085970991904183,0.09084045857958223,0.1,0.1,0.04276171672966678,0.010977856927864849,True,10,-10
2026-08-24 11:10:45.752337,0.007589830749271995,0.02271472521017803,0.04085970991904183,0.09084045857958223,0.1,0.1,0.04276171672966678,0.010977856927864849,True,10,-10
2026-08-24 11:10:45.768208,0.007589830749271995,0.02271472521017803,0.04085970991904183,0.09084045857958223,0.1,0.1,0.04276171672966678,0.010977856927864849,True,10,-10
2026-08-24 11:10:45.783260,0.007589830749271995,0.02271472521017803,0.04085970991904183,0.09084045857958223,0.1,0.1,0.04276171672966678,0.010977856927864849,True,10,-10
2026-08-24 11:10:45.798028,0.007589830749271995,0.02271472521017803,0.04085970991904183,0.09084045857958223,0.1,0.1,0.04276171672966678,0.010977856927864849,True,10,-10
2026-08-24 11:10:45.814837,0.007589830749271995,0.02271472521017803,0.04085970991904183,0.09084045857958223,0.1,0.1,0.04276171672966678,0.010977856927864849,True,10,-10
2026-08-24 11:10:45.829365,0.007589830749271995,0.02271472521017803,0.04085970991904183,0.09084045857958223,0.1,0.1,0.04276171672966678,0.010977856927864849,True,10,-10
2026-08-24 11:10:45.844556,0.007589830749271995,0.02271472521017803,0.04085970991904183,0.09084045857958223,0.1,0.1,0.04276171672966678,0.010977856927864849,True,10,-10
2026-08-24 11:10:45.862840,0.007589830749271995,0.02271472521017803,0.04085970991904183,0.09084045857958223,0.1,0.1,0.04276171672966678,0.010977856927864849,True,10,-10
2026-08-24 11:10:45.876495,0.007589830749271995,0.02271472521017803,0.04085970991904183,0.09084045857958223,0.1,0.1,0.04276171672966678,0.010977856927864849,True,10,-10
2026-08-24 11:10:45.894866,0.007589830749271995,0.02271472521017803,0.04085970991904183,0.09084045857958223,0.1,0.1,0.04276171672966678,0.010977856927864849,True,10,-10
2026-08-24 11:10:45.908891,0.007589830749271995,0.02271472521017803,0.04085970991904183,0.09084045857958223,0.1,0.1,0.04276171672966678,0.010977856927864849,True,10,-10
2026-08-24 11:10:45.925512,0.007589830749271995,0.02271472521017803,0.04085970991904183,0.09084045857958223,0.1,0.1,0.04276171672966678,0.010977856927864849,True,10,-10
2026-08-24 11:10:45.942454,0.007589830749271995,0.02271472521017803,0.04085970991904183,0.09084045857958223,0.1,0.1,0.04276171672966678,0.010977856927864849,True,10,-10
2026-08-24 11:10:45.958333,0.007589830749271995,0.02271472521017803,0.04085970991904183,0.09084045857958223,0.1,0.1,0.04276171672966678,0.010977856927864849,True,10,-10
2026-08-24 11:10:45.974243,0.007589830749271995,0.02271472521017803,0.04085970991904183,0.09084045857958223,0.1,0.1,0.04276171672966678,0.010977856927864849,True,10,-10
2026-08-24 11:10:45.989409,0.007589830749271995,0.02271472521017803,0.04085970991904183,0.09084045857958223,0.1,0.1,0.04276171672966678,0.010977856927864849,True,10,-10
2026-08-24 11:10:46.005415,0.007589830749271995,0.02271472521017803,0.04085970991904183,0.09084045857958223,0.1,0.1,0.04276171672966678,0.010977856927864849,True,10,-10
2026-08-24 11:10:46.020951,0.007589830749271995,0.02271472521017803,0.04085970991904183,0.09084045857958223,0.1,0.1,0.04276171672966678,0.010977856927864849,True,10,-10
2026-08-24 11:10:46.037296,0.007589830749271995,0.02271472521017803,0.04085970991904183,0.09084045857958223,0.1,0.1,0.04276171672966678,0.010977856927864849,True,10,-10
2026-08-24 11:10:46.094594,0.1,0.1,0.015918837460847997,0.01196517252477771,0.039414744246190875,0.09881291907592653,0.1,0.1,True,0.0,0.0
2026-08-24 11:10:46.137350,0.1,0.1,0.01611200594106538,0.011912158828645047,0.03953623593832449,0.09816911772466493,0.1,0.1,True,0.0,0.0
2026-08-24 11:10:46.151340,0.1,0.1,0.01611200594106538,0.011912158828645047,0.03953623593832449,0.09816911772466493,0.1,0.1,True,0.0,0.0
2026-08-24 11:10:46.163849,0.1,0.1,0.01611200594106538,0.011912158828645047,0.03953623593832449,0.09816911772466493,0.1,0.1,True,0.0,0.0
2026-08-24 11:10:46.179735,0.1,0.1,0.01611200594106538,0.011912158828645047,0.03953623593832449,0.09816911772466493,0.1,0.1,True,0.0,0.0
2026-08-24 11:10:46.194830,0.1,0.1,0.01611200594106538,0.011912158828645047,0.03953623593832449,0.09816911772466493,0.1,0.1,True,0.0,0.0
2026-08-24 11:10:46.211324,0.1,0.1,0.01611200594106538,0.011912158828645047,0.03953623593832449,0.09816911772466493,0.1,0.1,True,0.0,0.0
2026-08-24 11:10:46.227253,0.1,0.1,0.01611200594106538,0.011912158828645047,0.03953623593832449,0.09816911772466493,0.1,0.1,True,0.0,0.0
2026-08-24 11:10:46.242730,0.1,0.1,0.01611200594106538,0.011912158828645047,0.03953623593832449,0.09816911772466493,0.1,0.1,True,0.0,0.0
2026-08-24 11:10:46.258599,0.1,0.1,0.01611200594106538,0.011912158828645047,0.03953623593832449,0.09816911772466493,0.1,0.1,True,0.0,0.0
2026-08-24 11:10:46.272707,0.1,0.1,0.01611200594106538,0.011912158828645047,0.03953623593832449,0.09816911772466493,0.1,0.1,True,0.0,0.0
2026-08-24 11:10:46.287527,0.1,0.1,0.01611200594106538,0.011912158828645047,0.03953623593832449,0.09816911772466493,0.1,0.1,True,0.0,0.0
2026-08-24 11:10:46.305507,0.1,0.1,0.01611200594106538,0.011912158828645047,0.03953623593832449,0.09816911772466493,0.1,0.1,True,0.0,0.0
2026-08-24 11:10:46.320394,0.1,0.1,0.01611200594106538,0.011912158828645047,0.03953623593832449,0.09816911772466493,0.1,0.1,True,0.0,0.0
2026-08-24 11:10:46.335177,0.1,0.1,0.01611200594106538,0.011912158828645047,0.03953623593832449,0.09816911772466493,0.1,0.1,True,0.0,0.0
2026-08-24 11:10:46.355008,0.1,0.1,0.01611200594106538,0.011912158828645047,0.03953623593832449,0.09816911772466493,0.1,0.1,True,0.0,0.0
2026-08-24 11:10:46.370891,0.1,0.1,0.01611200594106538,0.011912158828645047,0.03953623593832449,0.09816911772466493,0.1,0.1,True,0.0,0.0
2026-08-24 11:10:46.384684,0.1,0.1,0.01611200594106538,0.011912158828645047,0.03953623593832449,0.09816911772466493,0.1,0.1,True,0.0,0.0
2026-08-24 11:10:46.397953,0.1,0.1,0.01611200594106538,0.011912158828645047,0.03953623593832449,0.09816911772466493,0.1,0.1,True,0.0,0.0
2026-08-24 11:10:46.413860,0.1,0.1,0.01611200594106538,0.011912158828645047,0.03953623593832449,0.09816911772466493,0.1,0.1,True,0.0,0.0
2026-08-24 11:10:46.431764,0.1,0.1,0.01611200594106538,0.011912158828645047,0.03953623593832449,0.09816911772466493,0.1,0.1,True,0.0,0.0
2026-08-24 11:10:46.447667,0.1,0.1,0.01611200594106538,0.011912158828645047,0.03953623593832449,0.09816911772466493,0.1,0.1,True,0.0,0.0
2026-08-24 11:10:46.463668,0.1,0.1,0.01611200594106538,0.011912158828645047,0.03953623593832449,0.09816911772466493,0.1,0.1,True,0.0,0.0
2026-08-24 11:10:46.479791,0.1,0.1,0.01611200594106538,0.011912158828645047,0.03953623593832449,0.09816911772466493,0.1,0.1,True,0.0,0.0
2026-08-24 11:10:46.493580,0.1,0.1,0.01611200594106538,0.011912158828645047,0.03953623593832449,0.09816911772466493,0.1,0.1,True,0.0,0.0
2026-08-24 11:10:46.512804,0.1,0.1,0.01611200594106538,0.011912158828645047,0.03953623593832449,0.09816911772466493,0.1,0.1,True,0.0,0.0
2026-08-24 11:10:46.557154,0.1,0.1,0.016101014325296103,0.011930638723327362,0.03954531539305453,0.09829146023095434,0.1,0.1,True,0.0,0.0
2026-08-24 11:10:46.575126,0.1,0.1,0.016101014325296103,0.011930638723327362,0.03954531539305453,0.09829146023095434,0.1,0.1,True,0.0,0.0
2026-08-24 11:10:46.591223,0.1,0.1,0.016101014325296103,0.011930638723327362,0.03954531539305453,0.09829146023095434,0.1,0.1,True,0.0,0.0
2026-08-24 11:10:46.607089,0.1,0.1,0.016101014325296103,0.011930638723327362,0.03954531539305453,0.09829146023095434,0.1,0.1,True,-10,10
2026-08-24 11:10:46.627842,0.1,0.1,0.016101014325296103,0.011930638723327362,0.03954531539305453,0.09829146023095434,0.1,0.1,True,-10,10
2026-08-24 11:10:46.638919,0.1,0.1,0.016101014325296103,0.011930638723327362,0.03954531539305453,0.09829146023095434,0.1,0.1,True,-10,10
2026-08-24 11:10:46.655549,0.1,0.1,0.016101014325296103,0.011930638723327362,0.03954531539305453,0.09829146023095434,0.1,0.1,True,-10,10
2026-08-24 11:10:46.670644,0.1,0.1,0.016101014325296103,0.011930638723327362,0.03954531539305453,0.09829146023095434,0.1,0.1,True,-10,10
2026-08-24 11:10:46.684545,0.1,0.1,0.016101014325296103,0.011930638723327362,0.03954531539305453,0.09829146023095434,0.1,0.1,True,-10,10
2026-08-24 11:10:46.702667,0.1,0.1,0.016101014325296103,0.011930638723327362,0.03954531539305453,0.09829146023095434,0.1,0.1,True,-10,10
2026-08-24 11:10:46.716633,0.1,0.1,0.016101014325296103,0.011930638723327362,0.03954531539305453,0.09829146023095434,0.1,0.1,True,-10,10
2026-08-24 11:10:46.733798,0.1,0.1,0.016101014325296103,0.011930638723327362,0.03954531539305453,0.09829146023095434,0.1,0.1,True,-10,10
2026-08-24 11:10:46.749738,0.1,0.1,0.016101014325296103,0.011930638723327362,0.03954531539305453,0.09829146023095434,0.1,0.1,True,-10,10
2026-08-24 11:10:46.763947,0.1,0.1,0.016101014325296103,0.011930638723327362,0.03954531539305453,0.09829146023095434,0.1,0.1,True,-10,10
2026-08-24 11:10:46.782438,0.1,0.1,0.016101014325296103,0.011930638723327362,0.03954531539305453,0.09829146023095434,0.1,0.1,True,-10,10
2026-08-24 11:10:46.796643,0.1,0.1,0.016101014325296103,0.011930638723327362,0.03954531539305453,0.09829146023095434,0.1,0.1,True,-10,10
2026-08-24 11:10:46.813379,0.1,0.1,0.016101014325296103,0.011930638723327362,0.03954531539305453,0.09829146023095434,0.1,0.1,True,-10,10
2026-08-24 11:10:46.828397,0.1,0.1,0.016101014325296103,0.011930638723327362,0.03954531539305453,0.09829146023095434,0.1,0.1,True,-10,10
2026-08-24 11:10:46.842606,0.1,0.1,0.016101014325296103,0.011930638723327362,0.03954531539305453,0.09829146023095434,0.1,0.1,True,-10,10
2026-08-24 11:10:46.860555,0.1,0.1,0.016101014325296103,0.011930638723327362,0.03954531539305453,0.09829146023095434,0.1,0.1,True,-10,10
2026-08-24 11:10:46.874414,0.1,0.1,0.016101014325296103,0.011930638723327362,0.03954531539305453,0.09829146023095434,0.1,0.1,True,-10,10
2026-08-24 11:10:46.891695,0.1,0.1,0.016101014325296103,0.011930638723327362,0.03954531539305453,0.09829146023095434,0.1,0.1,True,-10,10
2026-08-24 11:10:46.908040,0.1,0.1,0.016101014325296103,0.011930638723327362,0.03954531539305453,0.09829146023095434,0.1,0.1,True,-10,10
2026-08-24 11:10:46.922135,0.1,0.1,0.016101014325296103,0.011930638723327362,0.03954531539305453,0.09829146023095434,0.1,0.1,True,-10,10
2026-08-24 11:10:46.939096,0.1,0.1,0.016101014325296103,0.011930638723327362,0.03954531539305453,0.09829146023095434,0.1,0.1,True,-10,10
2026-08-24 11:10:46.952682,0.1,0.1,0.016101014325296103,0.011930638723327362,0.03954531539305453,0.09829146023095434,0.1,0.1,True,-10,10
2026-08-24 11:10:46.972680,0.1,0.1,0.016101014325296103,0.011930638723327362,0.03954531539305453,0.09829146023095434,0.1,0.1,True,-10,10
2026-08-24 11:10:46.987049,0.1,0.1,0.016101014325296103,0.011930638723327362,0.03954531539305453,0.09829146023095434,0.1,0.1,True,-10,10
2026-08-24 11:10:47.002188,0.1,0.1,0.016101014325296103,0.011930638723327362,0.03954531539305453,0.09829146023095434,0.1,0.1,True,-10,10
2026-08-24 11:10:47.017870,0.1,0.1,0.016101014325296103,0.011930638723327362,0.03954531539305453,0.09829146023095434,0.1,0.1,True,-10,10
2026-08-24 11:10:47.033946,0.1,0.1,0.016101014325296103,0.011930638723327362,0.03954531539305453,0.09829146023095434,0.1,0.1,True,-10,10
2026-08-24 11:10:47.047703,0.1,0.1,0.016101014325296103,0.011930638723327362,0.03954531539305453,0.09829146023095434,0.1,0.1,True,-10,10
2026-08-24 11:10:47.065088,0.1,0.1,0.016101014325296103,0.011930638723327362,0.03954531539305453,0.09829146023095434,0.1,0.1,True,-10,10
2026-08-24 11:10:47.081510,0.1,0.1,0.016101014325296103,0.011930638723327362,0.03954531539305453,0.09829146023095434,0.1,0.1,True,-10,10
2026-08-24 11:10:47.097371,0.1,0.1,0.016101014325296103,0.011930638723327362,0.03954531539305453,0.09829146023095434,0.1,0.1,True,-10,10
2026-08-24 11:10:47.112835,0.1,0.1,0.016101014325296103,0.011930638723327362,0.03954531539305453,0.09829146023095434,0.1,0.1,True,-10,10
2026-08-24 11:10:47.127195,0.1,0.1,0.016101014325296103,0.011930638723327362,0.03954531539305453,0.09829146023095434,0.1,0.1,True,-10,10
2026-08-24 11:10:47.142467,0.1,0.1,0.016101014325296103,0.011930638723327362,0.03954531539305453,0.09829146023095434,0.1,0.1,True,-10,10
2026-08-24 11:10:47.160605,0.1,0.1,0.016101014325296103,0.011930638723327362,0.03954531539305453,0.09829146023095434,0.1,0.1,True,-10,10
2026-08-24 11:10:47.176398,0.1,0.1,0.016101014325296103,0.011930638723327362,0.03954531539305453,0.09829146023095434,0.1,0.1,True,-10,10
2026-08-24 11:10:47.190496,0.1,0.1,0.016101014325296103,0.011930638723327362,0.03954531539305453,0.09829146023095434,0.1,0.1,True,-10,10
2026-08-24 11:10:47.206241,0.1,0.1,0.016101014325296103,0.011930638723327362,0.03954531539305453,0.09829146023095434,0.1,0.1,True,-10,10
2026-08-24 11:10:47.221948,0.1,0.1,0.016101014325296103,0.011930638723327362,0.03954531539305453,0.09829146023095434,0.1,0.1,True,-10,10
2026-08-24 11:10:47.239049,0.1,0.1,0.016101014325296103,0.011930638723327362,0.03954531539305453,0.09829146023095434,0.1,0.1,True,-10,10
2026-08-24 11:10:47.254134,0.1,0.1,0.016101014325296103,0.011930638723327362,0.03954531539305453,0.09829146023095434,0.1,0.1,True,-10,10
2026-08-24 11:10:47.272410,0.1,0.1,0.016101014325296103,0.011930638723327362,0.03954531539305453,0.09829146023095434,0.1,0.1,True,-10,10
2026-08-24 11:10:47.287538,0.1,0.1,0.016101014325296103,0.011930638723327362,0.03954531539305453,0.09829146023095434,0.1,0.1,True,-10,10
2026-08-24 11:10:47.303484,0.1,0.1,0.016101014325296103,0.011930638723327362,0.03954531539305453,0.09829146023095434,0.1,0.1,True,-10,10
2026-08-24 11:10:47.320302,0.1,0.1,0.016101014325296103,0.011930638723327362,0.03954531539305453,0.09829146023095434,0.1,0.1,True,-10,10
2026-08-24 11:10:47.333339,0.1,0.1,0.016101014325296103,0.011930638723327362,0.03954531539305453,0.09829146023095434,0.1,0.1,True,-10,10
2026-08-24 11:10:47.349876,0.1,0.1,0.016101014325296103,0.011930638723327362,0.03954531539305453,0.09829146023095434,0.1,0.1,True,-10,10
2026-08-24 11:10:47.364808,0.1,0.1,0.016101014325296103,0.011930638723327362,0.03954531539305453,0.09829146023095434,0.1,0.1,True,-10,10
2026-08-24 11:10:47.382776,0.1,0.1,0.016101014325296103,0.011930638723327362,0.03954531539305453,0.09829146023095434,0.1,0.1,True,-10,10
2026-08-24 11:10:47.396422,0.1,0.1,0.016101014325296103,0.011930638723327362,0.03954531539305453,0.09829146023095434,0.1,0.1,True,-10,10
2026-08-24 11:10:47.412584,0.1,0.1,0.016101014325296103,0.011930638723327362,0.03954531539305453,0.09829146023095434,0.1,0.1,True,-10,10
2026-08-24 11:10:47.428873,0.1,0.1,0.016101014325296103,0.011930638723327362,0.03954531539305453,0.09829146023095434,0.1,0.1,True,-10,10
2026-08-24 11:10:47.446519,0.1,0.1,0.016101014325296103,0.011930638723327362,0.03954531539305453,0.09829146023095434,0.1,0.1,True,-10,10
2026-08-24 11:10:47.463047,0.1,0.1,0.016101014325296103,0.011930638723327362,0.03954531539305453,0.09829146023095434,0.1,0.1,True,-10,10
2026-08-24 11:10:47.476402,0.1,0.1,0.016101014325296103,0.011930638723327362,0.03954531539305453,0.09829146023095434,0.1,0.1,True,-10,10
2026-08-24 11:10:47.492368,0.1,0.1,0.016101014325296103,0.011930638723327362,0.03954531539305453,0.09829146023095434,0.1,0.1,True,-10,10
2026-08-24 11:10:47.509744,0.1,0.1,0.016101014325296103,0.011930638723327362,0.03954531539305453,0.09829146023095434,0.1,0.1,True,-10,10
2026-08-24 11:10:47.526127,0.1,0.1,0.016101014325296103,0.011930638723327362,0.03954531539305453,0.09829146023095434,0.1,0.1,True,-10,10
2026-08-24 11:10:47.542792,0.1,0.1,0.016101014325296103,0.011930638723327362,0.03954531539305453,0.09829146023095434,0.1,0.1,True,-10,10
2026-08-24 11:10:47.557754,0.1,0.1,0.016101014325296103,0.011930638723327362,0.03954531539305453,0.09829146023095434,0.1,0.1,True,-10,10
2026-08-24 11:10:47.570882,0.1,0.1,0.016101014325296103,0.011930638723327362,0.03954531539305453,0.09829146023095434,0.1,0.1,True,-10,10
2026-08-24 11:10:47.586536,0.1,0.1,0.016101014325296103,0.011930638723327362,0.03954531539305453,0.09829146023095434,0.1,0.1,True,-10,10
2026-08-24 11:10:47.604524,0.1,0.1,0.016101014325296103,0.011930638723327362,0.03954531539305453,0.09829146023095434,0.1,0.1,True,-10,10
2026-08-24 11:10:47.654658,0.005436805383320414,0.01807674736066936,0.043511027750138154,0.08750702524102365,0.1,0.1,0.044755402967932074,0.009868433826994937,True,0.0,0.0
2026-08-24 11:10:47.668516,0.005436805383320414,0.01807674736066936,0.043511027750138154,0.08750702524102365,0.1,0.1,0.044755402967932074,0.009868433826994937,True,0.0,0.0
2026-08-24 11:10:47.717530,0.005334417265353514,0.018059982122501695,0.043491809416117494,0.08798959133502839,0.1,0.1,0.044118755694711506,0.009669124355616746,True,0.0,0.0
2026-08-24 11:10:47.730240,0.005334417265353514,0.018059982122501695,0.043491809416117494,0.08798959133502839,0.1,0.1,0.044118755694711506,0.009669124355616746,True,0.0,0.0
2026-08-24 11:10:47.747902,0.005334417265353514,0.018059982122501695,0.043491809416117494,0.08798959133502839,0.1,0.1,0.044118755694711506,0.009669124355616746,True,0.0,0.0
2026-08-24 11:10:47.762858,0.005334417265353514,0.018059982122501695,0.043491809416117494,0.08798959133502839,0.1,0.1,0.044118755694711506,0.009669124355616746,True,0.0,0.0
2026-08-24 11:10:47.780506,0.005334417265353514,0.018059982122501695,0.043491809416117494,0.08798959133502839,0.1,0.1,0.044118755694711506,0.009669124355616746,True,0.0,0.0
2026-08-24 11:10:47.796881,0.005334417265353514,0.018059982122501695,0.043491809416117494,0.08798959133502839,0.1,0.1,0.044118755694711506,0.009669124355616746,True,0.0,0.0
2026-08-24 11:10:47.810059,0.005334417265353514,0.018059982122501695,0.043491809416117494,0.08798959133502839,0.1,0.1,0.044118755694711506,0.009669124355616746,True,0.0,0.0
2026-08-24 11:10:47.826713,0.005334417265353514,0.018059982122501695,0.043491809416117494,0.08798959133502839,0.1,0.1,0.044118755694711506,0.009669124355616746,True,0.0,0.0
2026-08-24 11:10:47.840175,0.005334417265353514,0.018059982122501695,0.043491809416117494,0.08798959133502839,0.1,0.1,0.044118755694711506,0.009669124355616746,True,0.0,0.0
2026-08-24 11:10:47.858176,0.005334417265353514,0.018059982122501695,0.043491809416117494,0.08798959133502839,0.1,0.1,0.044118755694711506,0.009669124355616746,True,0.0,0.0
2026-08-24 11:10:47.874259,0.005334417265353514,0.018059982122501695,0.043491809416117494,0.08798959133502839,0.1,0.1,0.044118755694711506,0.009669124355616746,True,0.0,0.0
2026-08-24 11:10:47.888620,0.005334417265353514,0.018059982122501695,0.043491809416117494,0.08798959133502839,0.1,0.1,0.044118755694711506,0.009669124355616746,True,0.0,0.0
2026-08-24 11:10:47.905839,0.005334417265353514,0.018059982122501695,0.043491809416117494,0.08798959133502839,0.1,0.1,0.044118755694711506,0.009669124355616746,True,0.0,0.0
2026-08-24 11:10:47.920928,0.005334417265353514,0.018059982122501695,0.043491809416117494,0.08798959133502839,0.1,0.1,0.044118755694711506,0.009669124355616746,True,0.0,0.0
2026-08-24 11:10:47.935800,0.005334417265353514,0.018059982122501695,0.043491809416117494,0.08798959133502839,0.1,0.1,0.044118755694711506,0.009669124355616746,True,0.0,0.0
2026-08-24 11:10:47.953864,0.005334417265353514,0.018059982122501695,0.043491809416117494,0.08798959133502839,0.1,0.1,0.044118755694711506,0.009669124355616746,True,0.0,0.0
2026-08-24 11:10:47.969849,0.005334417265353514,0.018059982122501695,0.043491809416117494,0.08798959133502839,0.1,0.1,0.044118755694711506,0.009669124355616746,True,0.0,0.0
2026-08-24 11:10:47.985757,0.005334417265353514,0.018059982122501695,0.043491809416117494,0.08798959133502839,0.1,0.1,0.044118755694711506,0.009669124355616746,True,0.0,0.0
2026-08-24 11:10:48.001698,0.005334417265353514,0.018059982122501695,0.043491809416117494,0.08798959133502839,0.1,0.1,0.044118755694711506,0.009669124355616746,True,0.0,0.0
2026-08-24 11:10:48.019652,0.005334417265353514,0.018059982122501695,0.043491809416117494,0.08798959133502839,0.1,0.1,0.044118755694711506,0.009669124355616746,True,0.0,0.0
2026-08-24 11:10:48.033092,0.005334417265353514,0.018059982122501695,0.043491809416117494,0.08798959133502839,0.1,0.1,0.044118755694711506,0.009669124355616746,True,0.0,0.0
2026-08-24 11:10:48.049323,0.005334417265353514,0.018059982122501695,0.043491809416117494,0.08798959133502839,0.1,0.1,0.044118755694711506,0.009669124355616746,True,0.0,0.0
2026-08-24 11:10:48.063974,0.005334417265353514,0.018059982122501695,0.043491809416117494,0.08798959133502839,0.1,0.1,0.044118755694711506,0.009669124355616746,True,0.0,0.0
2026-08-24 11:10:48.121194,0.005166329363202912,0.017839890691431413,0.04351031276899781,0.0880242139137139,0.1,0.1,0.04379389487467685,0.009483595736374063,True,0.0,0.0
2026-08-24 11:10:48.143477,0.005166329363202912,0.017839890691431413,0.04351031276899781,0.0880242139137139,0.1,0.1,0.04379389487467685,0.009483595736374063,True,0.0,0.0
2026-08-24 11:10:48.159282,0.005166329363202912,0.017839890691431413,0.04351031276899781,0.0880242139137139,0.1,0.1,0.04379389487467685,0.009483595736374063,True,10,-10
2026-08-24 11:10:48.178484,0.005166329363202912,0.017839890691431413,0.04351031276899781,0.0880242139137139,0.1,0.1,0.04379389487467685,0.009483595736374063,True,10,-10
2026-08-24 11:10:48.188623,0.005166329363202912,0.017839890691431413,0.04351031276899781,0.0880242139137139,0.1,0.1,0.04379389487467685,0.009483595736374063,True,10,-10
2026-08-24 11:10:48.206860,0.005166329363202912,0.017839890691431413,0.04351031276899781,0.0880242139137139,0.1,0.1,0.04379389487467685,0.009483595736374063,True,10,-10
2026-08-24 11:10:48.222610,0.005166329363202912,0.017839890691431413,0.04351031276899781,0.0880242139137139,0.1,0.1,0.04379389487467685,0.009483595736374063,True,10,-10
2026-08-24 11:10:48.240213,0.005166329363202912,0.017839890691431413,0.04351031276899781,0.0880242139137139,0.1,0.1,0.04379389487467685,0.009483595736374063,True,10,-10
2026-08-24 11:10:48.254490,0.005166329363202912,0.017839890691431413,0.04351031276899781,0.0880242139137139,0.1,0.1,0.04379389487467685,0.009483595736374063,True,10,-10
2026-08-24 11:10:48.270923,0.005166329363202912,0.017839890691431413,0.04351031276899781,0.0880242139137139,0.1,0.1,0.04379389487467685,0.009483595736374063,True,10,-10
2026-08-24 11:10:48.286623,0.005166329363202912,0.017839890691431413,0.04351031276899781,0.0880242139137139,0.1,0.1,0.04379389487467685,0.009483595736374063,True,10,-10
2026-08-24 11:10:48.302432,0.005166329363202912,0.017839890691431413,0.04351031276899781,0.0880242139137139,0.1,0.1,0.04379389487467685,0.009483595736374063,True,10,-10
2026-08-24 11:10:48.319448,0.005166329363202912,0.017839890691431413,0.04351031276899781,0.0880242139137139,0.1,0.1,0.04379389487467685,0.009483595736374063,True,10,-10
2026-08-24 11:10:48.334297,0.005166329363202912,0.017839890691431413,0.04351031276899781,0.0880242139137139,0.1,0.1,0.04379389487467685,0.009483595736374063,True,10,-10
2026-08-24 11:10:48.350086,0.005166329363202912,0.017839890691431413,0.04351031276899781,0.0880242139137139,0.1,0.1,0.04379389487467685,0.009483595736374063,True,10,-10
2026-08-24 11:10:48.365770,0.005166329363202912,0.017839890691431413,0.04351031276899781,0.0880242139137139,0.1,0.1,0.04379389487467685,0.009483595736374063,True,10,-10
2026-08-24 11:10:48.381694,0.005166329363202912,0.017839890691431413,0.04351031276899781,0.0880242139137139,0.1,0.1,0.04379389487467685,0.009483595736374063,True,10,-10
2026-08-24 11:10:48.396736,0.005166329363202912,0.017839890691431413,0.04351031276899781,0.0880242139137139,0.1,0.1,0.04379389487467685,0.009483595736374063,True,10,-10
2026-08-24 11:10:48.413252,0.005166329363202912,0.017839890691431413,0.04351031276899781,0.0880242139137139,0.1,0.1,0.04379389487467685,0.009483595736374063,True,10,-10
2026-08-24 11:10:48.427516,0.005166329363202912,0.017839890691431413,0.04351031276899781,0.0880242139137139,0.1,0.1,0.04379389487467685,0.009483595736374063,True,10,-10
2026-08-24 11:10:48.441700,0.005166329363202912,0.017839890691431413,0.04351031276899781,0.0880242139137139,0.1,0.1,0.04379389487467685,0.009483595736374063,True,10,-10
2026-08-24 11:10:48.459682,0.005166329363202912,0.017839890691431413,0.04351031276899781,0.0880242139137139,0.1,0.1,0.04379389487467685,0.009483595736374063,True,10,-10
2026-08-24 11:10:48.474838,0.005166329363202912,0.017839890691431413,0.04351031276899781,0.0880242139137139,0.1,0.1,0.04379389487467685,0.009483595736374063,True,10,-10
2026-08-24 11:10:48.491591,0.005166329363202912,0.017839890691431413,0.04351031276899781,0.0880242139137139,0.1,0.1,0.04379389487467685,0.009483595736374063,True,10,-10
2026-08-24 11:10:48.508865,0.005166329363202912,0.017839890691431413,0.04351031276899781,0.0880242139137139,0.1,0.1,0.04379389487467685,0.009483595736374063,True,10,-10
2026-08-24 11:10:48.522672,0.005166329363202912,0.017839890691431413,0.04351031276899781,0.0880242139137139,0.1,0.1,0.04379389487467685,0.009483595736374063,True,10,-10
2026-08-24 11:10:48.538401,0.005166329363202912,0.017839890691431413,0.04351031276899781,0.0880242139137139,0.1,0.1,0.04379389487467685,0.009483595736374063,True,10,-10
2026-08-24 11:10:48.554982,0.005166329363202912,0.017839890691431413,0.04351031276899781,0.0880242139137139,0.1,0.1,0.04379389487467685,0.009483595736374063,True,10,-10
2026-08-24 11:10:48.570264,0.005166329363202912,0.017839890691431413,0.04351031276899781,0.0880242139137139,0.1,0.1,0.04379389487467685,0.009483595736374063,True,10,-10
2026-08-24 11:10:48.585676,0.005166329363202912,0.017839890691431413,0.04351031276899781,0.0880242139137139,0.1,0.1,0.04379389487467685,0.009483595736374063,True,10,-10
2026-08-24 11:10:48.602022,0.005166329363202912,0.017839890691431413,0.04351031276899781,0.0880242139137139,0.1,0.1,0.04379389487467685,0.009483595736374063,True,10,-10
2026-08-24 11:10:48.617268,0.005166329363202912,0.017839890691431413,0.04351031276899781,0.0880242139137139,0.1,0.1,0.04379389487467685,0.009483595736374063,True,10,-10
2026-08-24 11:10:48.633206,0.005166329363202912,0.017839890691431413,0.04351031276899781,0.0880242139137139,0.1,0.1,0.04379389487467685,0.009483595736374063,True,10,-10
2026-08-24 11:10:48.648865,0.005166329363202912,0.017839890691431413,0.04351031276899781,0.0880242139137139,0.1,0.1,0.04379389487467685,0.009483595736374063,True,10,-10
2026-08-24 11:10:48.664868,0.005166329363202912,0.017839890691431413,0.04351031276899781,0.0880242139137139,0.1,0.1,0.04379389487467685,0.009483595736374063,True,10,-10
2026-08-24 11:10:48.679920,0.005166329363202912,0.017839890691431413,0.04351031276899781,0.0880242139137139,0.1,0.1,0.04379389487467685,0.009483595736374063,True,10,-10
2026-08-24 11:10:48.696147,0.005166329363202912,0.017839890691431413,0.04351031276899781,0.0880242139137139,0.1,0.1,0.04379389487467685,0.009483595736374063,True,10,-10
2026-08-24 11:10:48.710082,0.005166329363202912,0.017839890691431413,0.04351031276899781,0.0880242139137139,0.1,0.1,0.04379389487467685,0.009483595736374063,True,10,-10
2026-08-24 11:10:48.728094,0.005166329363202912,0.017839890691431413,0.04351031276899781,0.0880242139137139,0.1,0.1,0.04379389487467685,0.009483595736374063,True,10,-10
2026-08-24 11:10:48.743421,0.005166329363202912,0.017839890691431413,0.04351031276899781,0.0880242139137139,0.1,0.1,0.04379389487467685,0.009483595736374063,True,10,-10
2026-08-24 11:10:48.759377,0.005166329363202912,0.017839890691431413,0.04351031276899781,0.0880242139137139,0.1,0.1,0.04379389487467685,0.009483595736374063,True,10,-10
2026-08-24 11:10:48.775252,0.005166329363202912,0.017839890691431413,0.04351031276899781,0.0880242139137139,0.1,0.1,0.04379389487467685,0.009483595736374063,True,10,-10
2026-08-24 11:10:48.790804,0.005166329363202912,0.017839890691431413,0.04351031276899781,0.0880242139137139,0.1,0.1,0.04379389487467685,0.009483595736374063,True,10,-10
2026-08-24 11:10:48.806060,0.005166329363202912,0.017839890691431413,0.04351031276899781,0.0880242139137139,0.1,0.1,0.04379389487467685,0.009483595736374063,True,10,-10
2026-08-24 11:10:48.821978,0.005166329363202912,0.017839890691431413,0.04351031276899781,0.0880242139137139,0.1,0.1,0.04379389487467685,0.009483595736374063,True,10,-10
2026-08-24 11:10:48.838917,0.005166329363202912,0.017839890691431413,0.04351031276899781,0.0880242139137139,0.1,0.1,0.04379389487467685,0.009483595736374063,True,10,-10
2026-08-24 11:10:48.854428,0.005166329363202912,0.017839890691431413,0.04351031276899781,0.0880242139137139,0.1,0.1,0.04379389487467685,0.009483595736374063,True,10,-10
2026-08-24 11:10:48.868856,0.005166329363202912,0.017839890691431413,0.04351031276899781,0.0880242139137139,0.1,0.1,0.04379389487467685,0.009483595736374063,True,10,-10
2026-08-24 11:10:48.883951,0.005166329363202912,0.017839890691431413,0.04351031276899781,0.0880242139137139,0.1,0.1,0.04379389487467685,0.009483595736374063,True,10,-10
2026-08-24 11:10:48.900042,0.005166329363202912,0.017839890691431413,0.04351031276899781,0.0880242139137139,0.1,0.1,0.04379389487467685,0.009483595736374063,True,10,-10
2026-08-24 11:10:48.915672,0.005166329363202912,0.017839890691431413,0.04351031276899781,0.0880242139137139,0.1,0.1,0.04379389487467685,0.009483595736374063,True,10,-10
2026-08-24 11:10:48.930566,0.005166329363202912,0.017839890691431413,0.04351031276899781,0.0880242139137139,0.1,0.1,0.04379389487467685,0.009483595736374063,True,10,-10
2026-08-24 11:10:48.947523,0.005166329363202912,0.017839890691431413,0.04351031276899781,0.0880242139137139,0.1,0.1,0.04379389487467685,0.009483595736374063,True,10,-10
2026-08-24 11:10:48.963993,0.005166329363202912,0.017839890691431413,0.04351031276899781,0.0880242139137139,0.1,0.1,0.04379389487467685,0.009483595736374063,True,10,-10
2026-08-24 11:10:48.978134,0.005166329363202912,0.017839890691431413,0.04351031276899781,0.0880242139137139,0.1,0.1,0.04379389487467685,0.009483595736374063,True,10,-10
2026-08-24 11:10:48.994058,0.005166329363202912,0.017839890691431413,0.04351031276899781,0.0880242139137139,0.1,0.1,0.04379389487467685,0.009483595736374063,True,10,-10
2026-08-24 11:10:49.011754,0.005166329363202912,0.017839890691431413,0.04351031276899781,0.0880242139137139,0.1,0.1,0.04379389487467685,0.009483595736374063,True,10,-10
2026-08-24 11:10:49.028537,0.005166329363202912,0.017839890691431413,0.04351031276899781,0.0880242139137139,0.1,0.1,0.04379389487467685,0.009483595736374063,True,10,-10
2026-08-24 11:10:49.043633,0.005166329363202912,0.017839890691431413,0.04351031276899781,0.0880242139137139,0.1,0.1,0.04379389487467685,0.009483595736374063,True,10,-10
2026-08-24 11:10:49.059600,0.005166329363202912,0.017839890691431413,0.04351031276899781,0.0880242139137139,0.1,0.1,0.04379389487467685,0.009483595736374063,True,10,-10
2026-08-24 11:10:49.075810,0.005166329363202912,0.017839890691431413,0.04351031276899781,0.0880242139137139,0.1,0.1,0.04379389487467685,0.009483595736374063,True,10,-10
2026-08-24 11:10:49.090114,0.005166329363202912,0.017839890691431413,0.04351031276899781,0.0880242139137139,0.1,0.1,0.04379389487467685,0.009483595736374063,True,10,-10
2026-08-24 11:10:49.107027,0.005166329363202912,0.017839890691431413,0.04351031276899781,0.0880242139137139,0.1,0.1,0.04379389487467685,0.009483595736374063,True,10,-10
2026-08-24 11:10:49.121955,0.005166329363202912,0.017839890691431413,0.04351031276899781,0.0880242139137139,0.1,0.1,0.04379389487467685,0.009483595736374063,True,10,-10
2026-08-24 11:10:49.136098,0.005166329363202912,0.017839890691431413,0.04351031276899781,0.0880242139137139,0.1,0.1,0.04379389487467685,0.009483595736374063,True,10,-10
2026-08-24 11:10:49.153785,0.005166329363202912,0.017839890691431413,0.04351031276899781,0.0880242139137139,0.1,0.1,0.04379389487467685,0.009483595736374063,True,10,-10
2026-08-24 11:10:49.203644,0.1,0.1,0.015585033438827592,0.008536345442811406,0.04518882839158687,0.09703882031876479,0.1,0.1,True,0.0,0.0
2026-08-24 11:10:49.223775,0.1,0.1,0.015585033438827592,0.008536345442811406,0.04518882839158687,0.09703882031876479,0.1,0.1,True,0.0,0.0
2026-08-24 11:10:49.235578,0.1,0.1,0.015585033438827592,0.008536345442811406,0.04518882839158687,0.09703882031876479,0.1,0.1,True,0.0,0.0
2026-08-24 11:10:49.291431,0.1,0.1,0.015630267477933044,0.008575529016245241,0.04523260191175549,0.09712764089281802,0.1,0.1,True,0.0,0.0
2026-08-24 11:10:49.311060,0.1,0.1,0.015630267477933044,0.008575529016245241,0.04523260191175549,0.09712764089281802,0.1,0.1,True,0.0,0.0
2026-08-24 11:10:49.330385,0.1,0.1,0.015630267477933044,0.008575529016245241,0.04523260191175549,0.09712764089281802,0.1,0.1,True,0.0,0.0
2026-08-24 11:10:49.344053,0.1,0.1,0.015630267477933044,0.008575529016245241,0.04523260191175549,0.09712764089281802,0.1,0.1,True,0.0,0.0
2026-08-24 11:10:49.360035,0.1,0.1,0.015630267477933044,0.008575529016245241,0.04523260191175549,0.09712764089281802,0.1,0.1,True,0.0,0.0
2026-08-24 11:10:49.373562,0.1,0.1,0.015630267477933044,0.008575529016245241,0.04523260191175549,0.09712764089281802,0.1,0.1,True,0.0,0.0
2026-08-24 11:10:49.392070,0.1,0.1,0.015630267477933044,0.008575529016245241,0.04523260191175549,0.09712764089281802,0.1,0.1,True,0.0,0.0
2026-08-24 11:10:49.405424,0.1,0.1,0.015630267477933044,0.008575529016245241,0.04523260191175549,0.09712764089281802,0.1,0.1,True,0.0,0.0
2026-08-24 11:10:49.423054,0.1,0.1,0.015630267477933044,0.008575529016245241,0.04523260191175549,0.09712764089281802,0.1,0.1,True,0.0,0.0
2026-08-24 11:10:49.438965,0.1,0.1,0.015630267477933044,0.008575529016245241,0.04523260191175549,0.09712764089281802,0.1,0.1,True,0.0,0.0
2026-08-24 11:10:49.454236,0.1,0.1,0.015630267477933044,0.008575529016245241,0.04523260191175549,0.09712764089281802,0.1,0.1,True,0.0,0.0
2026-08-24 11:10:49.471504,0.1,0.1,0.015630267477933044,0.008575529016245241,0.04523260191175549,0.09712764089281802,0.1,0.1,True,0.0,0.0
2026-08-24 11:10:49.485928,0.1,0.1,0.015630267477933044,0.008575529016245241,0.04523260191175549,0.09712764089281802,0.1,0.1,True,0.0,0.0
2026-08-24 11:10:49.502866,0.1,0.1,0.015630267477933044,0.008575529016245241,0.04523260191175549,0.09712764089281802,0.1,0.1,True,0.0,0.0
2026-08-24 11:10:49.517402,0.1,0.1,0.015630267477933044,0.008575529016245241,0.04523260191175549,0.09712764089281802,0.1,0.1,True,0.0,0.0
2026-08-24 11:10:49.533076,0.1,0.1,0.015630267477933044,0.008575529016245241,0.04523260191175549,0.09712764089281802,0.1,0.1,True,0.0,0.0
2026-08-24 11:10:49.549070,0.1,0.1,0.015630267477933044,0.008575529016245241,0.04523260191175549,0.09712764089281802,0.1,0.1,True,0.0,0.0
2026-08-24 11:10:49.564973,0.1,0.1,0.015630267477933044,0.008575529016245241,0.04523260191175549,0.09712764089281802,0.1,0.1,True,0.0,0.0
2026-08-24 11:10:49.580649,0.1,0.1,0.015630267477933044,0.008575529016245241,0.04523260191175549,0.09712764089281802,0.1,0.1,True,0.0,0.0
2026-08-24 11:10:49.596158,0.1,0.1,0.015630267477933044,0.008575529016245241,0.04523260191175549,0.09712764089281802,0.1,0.1,True,0.0,0.0
2026-08-24 11:10:49.611079,0.1,0.1,0.015630267477933044,0.008575529016245241,0.04523260191175549,0.09712764089281802,0.1,0.1,True,0.0,0.0
2026-08-24 11:10:49.627713,0.1,0.1,0.015630267477933044,0.008575529016245241,0.04523260191175549,0.09712764089281802,0.1,0.1,True,0.0,0.0
2026-08-24 11:10:49.642762,0.1,0.1,0.015630267477933044,0.008575529016245241,0.04523260191175549,0.09712764089281802,0.1,0.1,True,0.0,0.0
2026-08-24 11:10:49.660054,0.1,0.1,0.015630267477933044,0.008575529016245241,0.04523260191175549,0.09712764089281802,0.1,0.1,True,0.0,0.0
2026-08-24 11:10:49.675214,0.1,0.1,0.015630267477933044,0.008575529016245241,0.04523260191175549,0.09712764089281802,0.1,0.1,True,0.0,0.0
2026-08-24 11:10:49.692543,0.1,0.1,0.015630267477933044,0.008575529016245241,0.04523260191175549,0.09712764089281802,0.1,0.1,True,0.0,0.0
2026-08-24 11:10:49.708023,0.1,0.1,0.015630267477933044,0.008575529016245241,0.04523260191175549,0.09712764089281802,0.1,0.1,True,0.0,0.0
2026-08-24 11:10:49.721365,0.1,0.1,0.015630267477933044,0.008575529016245241,0.04523260191175549,0.09712764089281802,0.1,0.1,True,0.0,0.0
2026-08-24 11:10:49.775325,0.1,0.1,0.01654800253968043,0.00936546831873331,0.046222289396065624,0.09858828404390535,0.1,0.1,True,0.0,0.0
2026-08-24 11:10:49.803690,0.1,0.1,0.01654800253968043,0.00936546831873331,0.046222289396065624,0.09858828404390535,0.1,0.1,True,0.0,0.0
2026-08-24 11:10:49.846848,0.1,0.1,0.016534207410321272,0.009352772970373057,0.04620751434032935,0.09857006864652798,0.1,0.1,True,10,10
2026-08-24 11:10:49.869720,0.1,0.1,0.016534207410321272,0.009352772970373057,0.04620751434032935,0.09857006864652798,0.1,0.1,True,10,10
2026-08-24 11:10:49.877818,0.1,0.1,0.016534207410321272,0.009352772970373057,0.04620751434032935,0.09857006864652798,0.1,0.1,True,10,-10
2026-08-24 11:10:49.896957,0.1,0.1,0.016534207410321272,0.009352772970373057,0.04620751434032935,0.09857006864652798,0.1,0.1,True,10,-10
2026-08-24 11:10:49.908823,0.1,0.1,0.016534207410321272,0.009352772970373057,0.04620751434032935,0.09857006864652798,0.1,0.1,True,10,-10
2026-08-24 11:10:49.924856,0.1,0.1,0.016534207410321272,0.009352772970373057,0.04620751434032935,0.09857006864652798,0.1,0.1,True,10,-10
2026-08-24 11:10:49.940912,0.1,0.1,0.016534207410321272,0.009352772970373057,0.04620751434032935,0.09857006864652798,0.1,0.1,True,10,-10
2026-08-24 11:10:49.957928,0.1,0.1,0.016534207410321272,0.009352772970373057,0.04620751434032935,0.09857006864652798,0.1,0.1,True,10,-10
2026-08-24 11:10:49.974101,0.1,0.1,0.016534207410321272,0.009352772970373057,0.04620751434032935,0.09857006864652798,0.1,0.1,True,10,-10
2026-08-24 11:10:49.987972,0.1,0.1,0.016534207410321272,0.009352772970373057,0.04620751434032935,0.09857006864652798,0.1,0.1,True,10,-10
2026-08-24 11:10:50.005788,0.1,0.1,0.016534207410321272,0.009352772970373057,0.04620751434032935,0.09857006864652798,0.1,0.1,True,10,-10
2026-08-24 11:10:50.019437,0.1,0.1,0.016534207410321272,0.009352772970373057,0.04620751434032935,0.09857006864652798,0.1,0.1,True,10,-10
2026-08-24 11:10:50.037076,0.1,0.1,0.016534207410321272,0.009352772970373057,0.04620751434032935,0.09857006864652798,0.1,0.1,True,10,-10
2026-08-24 11:10:50.053217,0.1,0.1,0.016534207410321272,0.009352772970373057,0.04620751434032935,0.09857006864652798,0.1,0.1,True,10,-10
2026-08-24 11:10:50.067628,0.1,0.1,0.016534207410321272,0.009352772970373057,0.04620751434032935,0.09857006864652798,0.1,0.1,True,10,-10
2026-08-24 11:10:50.086615,0.1,0.1,0.016534207410321272,0.009352772970373057,0.04620751434032935,0.09857006864652798,0.1,0.1,True,10,-10
2026-08-24 11:10:50.100756,0.1,0.1,0.016534207410321272,0.009352772970373057,0.04620751434032935,0.09857006864652798,0.1,0.1,True,10,-10
2026-08-24 11:10:50.116076,0.1,0.1,0.016534207410321272,0.009352772970373057,0.04620751434032935,0.09857006864652798,0.1,0.1,True,10,-10
2026-08-24 11:10:50.130158,0.1,0.1,0.016534207410321272,0.009352772970373057,0.04620751434032935,0.09857006864652798,0.1,0.1,True,10,-10
2026-08-24 11:10:50.148242,0.1,0.1,0.016534207410321272,0.009352772970373057,0.04620751434032935,0.09857006864652798,0.1,0.1,True,10,-10
2026-08-24 11:10:50.164080,0.1,0.1,0.016534207410321272,0.009352772970373057,0.04620751434032935,0.09857006864652798,0.1,0.1,True,10,-10
2026-08-24 11:10:50.179208,0.1,0.1,0.016534207410321272,0.009352772970373057,0.04620751434032935,0.09857006864652798,0.1,0.1,True,10,-10
2026-08-24 11:10:50.196267,0.1,0.1,0.016534207410321272,0.009352772970373057,0.04620751434032935,0.09857006864652798,0.1,0.1,True,10,-10
2026-08-24 11:10:50.210827,0.1,0.1,0.016534207410321272,0.009352772970373057,0.04620751434032935,0.09857006864652798,0.1,0.1,True,10,-10
2026-08-24 11:10:50.224936,0.1,0.1,0.016534207410321272,0.009352772970373057,0.04620751434032935,0.09857006864652798,0.1,0.1,True,10,-10
2026-08-24 11:10:50.240727,0.1,0.1,0.016534207410321272,0.009352772970373057,0.04620751434032935,0.09857006864652798,0.1,0.1,True,10,-10
2026-08-24 11:10:50.259254,0.1,0.1,0.016534207410321272,0.009352772970373057,0.04620751434032935,0.09857006864652798,0.1,0.1,True,10,-10
2026-08-24 11:10:50.273836,0.1,0.1,0.016534207410321272,0.009352772970373057,0.04620751434032935,0.09857006864652798,0.1,0.1,True,10,-10
2026-08-24 11:10:50.288878,0.1,0.1,0.016534207410321272,0.009352772970373057,0.04620751434032935,0.09857006864652798,0.1,0.1,True,10,-10
2026-08-24 11:10:50.304873,0.1,0.1,0.016534207410321272,0.009352772970373057,0.04620751434032935,0.09857006864652798,0.1,0.1,True,10,-10
2026-08-24 11:10:50.320414,0.1,0.1,0.016534207410321272,0.009352772970373057,0.04620751434032935,0.09857006864652798,0.1,0.1,True,10,-10
2026-08-24 11:10:50.334717,0.1,0.1,0.016534207410321272,0.009352772970373057,0.04620751434032935,0.09857006864652798,0.1,0.1,True,10,-10
2026-08-24 11:10:50.350698,0.1,0.1,0.016534207410321272,0.009352772970373057,0.04620751434032935,0.09857006864652798,0.1,0.1,True,10,-10
2026-08-24 11:10:50.370451,0.1,0.1,0.016534207410321272,0.009352772970373057,0.04620751434032935,0.09857006864652798,0.1,0.1,True,10,-10
2026-08-24 11:10:50.383506,0.1,0.1,0.016534207410321272,0.009352772970373057,0.04620751434032935,0.09857006864652798,0.1,0.1,True,10,-10
2026-08-24 11:10:50.399898,0.1,0.1,0.016534207410321272,0.009352772970373057,0.04620751434032935,0.09857006864652798,0.1,0.1,True,10,-10
2026-08-24 11:10:50.413721,0.1,0.1,0.016534207410321272,0.009352772970373057,0.04620751434032935,0.09857006864652798,0.1,0.1,True,10,-10
2026-08-24 11:10:50.431902,0.1,0.1,0.016534207410321272,0.009352772970373057,0.04620751434032935,0.09857006864652798,0.1,0.1,True,10,-10
2026-08-24 11:10:50.446986,0.1,0.1,0.016534207410321272,0.009352772970373057,0.04620751434032935,0.09857006864652798,0.1,0.1,True,10,-10
2026-08-24 11:10:50.462945,0.1,0.1,0.016534207410321272,0.009352772970373057,0.04620751434032935,0.09857006864652798,0.1,0.1,True,10,-10
2026-08-24 11:10:50.476990,0.1,0.1,0.016534207410321272,0.009352772970373057,0.04620751434032935,0.09857006864652798,0.1,0.1,True,10,-10
2026-08-24 11:10:50.495019,0.1,0.1,0.016534207410321272,0.009352772970373057,0.04620751434032935,0.09857006864652798,0.1,0.1,True,10,-10
2026-08-24 11:10:50.510822,0.1,0.1,0.016534207410321272,0.009352772970373057,0.04620751434032935,0.09857006864652798,0.1,0.1,True,10,-10
2026-08-24 11:10:50.524580,0.1,0.1,0.016534207410321272,0.009352772970373057,0.04620751434032935,0.09857006864652798,0.1,0.1,True,10,-10
2026-08-24 11:10:50.541859,0.1,0.1,0.016534207410321272,0.009352772970373057,0.04620751434032935,0.09857006864652798,0.1,0.1,True,10,-10
2026-08-24 11:10:50.558373,0.1,0.1,0.016534207410321272,0.009352772970373057,0.04620751434032935,0.09857006864652798,0.1,0.1,True,10,-10
2026-08-24 11:10:50.573303,0.1,0.1,0.016534207410321272,0.009352772970373057,0.04620751434032935,0.09857006864652798,0.1,0.1,True,10,-10
2026-08-24 11:10:50.590185,0.1,0.1,0.016534207410321272,0.009352772970373057,0.04620751434032935,0.09857006864652798,0.1,0.1,True,10,-10
2026-08-24 11:10:50.605774,0.1,0.1,0.016534207410321272,0.009352772970373057,0.04620751434032935,0.09857006864652798,0.1,0.1,True,10,-10
2026-08-24 11:10:50.622567,0.1,0.1,0.016534207410321272,0.009352772970373057,0.04620751434032935,0.09857006864652798,0.1,0.1,True,10,-10
2026-08-24 11:10:50.636954,0.1,0.1,0.016534207410321272,0.009352772970373057,0.04620751434032935,0.09857006864652798,0.1,0.1,True,10,-10
2026-08-24 11:10:50.652543,0.1,0.1,0.016534207410321272,0.009352772970373057,0.04620751434032935,0.09857006864652798,0.1,0.1,True,10,-10
2026-08-24 11:10:50.667141,0.1,0.1,0.016534207410321272,0.009352772970373057,0.04620751434032935,0.09857006864652798,0.1,0.1,True,10,-10
2026-08-24 11:10:50.684958,0.1,0.1,0.016534207410321272,0.009352772970373057,0.04620751434032935,0.09857006864652798,0.1,0.1,True,10,-10
2026-08-24 11:10:50.701232,0.1,0.1,0.016534207410321272,0.009352772970373057,0.04620751434032935,0.09857006864652798,0.1,0.1,True,10,-10
2026-08-24 11:10:50.716527,0.1,0.1,0.016534207410321272,0.009352772970373057,0.04620751434032935,0.09857006864652798,0.1,0.1,True,10,-10
2026-08-24 11:10:50.734317,0.1,0.1,0.016534207410321272,0.009352772970373057,0.04620751434032935,0.09857006864652798,0.1,0.1,True,10,-10
2026-08-24 11:10:50.751696,0.1,0.1,0.016534207410321272,0.009352772970373057,0.04620751434032935,0.09857006864652798,0.1,0.1,True,10,-10
2026-08-24 11:10:50.765865,0.1,0.1,0.016534207410321272,0.009352772970373057,0.04620751434032935,0.09857006864652798,0.1,0.1,True,10,-10
2026-08-24 11:10:50.779311,0.1,0.1,0.016534207410321272,0.009352772970373057,0.04620751434032935,0.09857006864652798,0.1,0.1,True,10,-10
2026-08-24 11:10:50.796241,0.1,0.1,0.016534207410321272,0.009352772970373057,0.04620751434032935,0.09857006864652798,0.1,0.1,True,10,-10
2026-08-24 11:10:50.811617,0.1,0.1,0.016534207410321272,0.009352772970373057,0.04620751434032935,0.09857006864652798,0.1,0.1,True,10,-10
2026-08-24 11:10:50.826054,0.1,0.1,0.016534207410321272,0.009352772970373057,0.04620751434032935,0.09857006864652798,0.1,0.1,True,10,-10
2026-08-24 11:10:50.842664,0.1,0.1,0.016534207410321272,0.009352772970373057,0.04620751434032935,0.09857006864652798,0.1,0.1,True,10,-10
2026-08-24 11:10:50.859862,0.1,0.1,0.016534207410321272,0.009352772970373057,0.04620751434032935,0.09857006864652798,0.1,0.1,True,10,-10
2026-08-24 11:10:50.873944,0.1,0.1,0.016534207410321272,0.009352772970373057,0.04620751434032935,0.09857006864652798,0.1,0.1,True,10,-10
2026-08-24 11:10:50.920954,0.07655503849044339,0.1,0.1,0.1,0.016213394929103876,0.011384128829739259,0.05581918326694653,0.048225730845308075,True,0.0,0.0
2026-08-24 11:10:50.947386,0.07655503849044339,0.1,0.1,0.1,0.016213394929103876,0.011384128829739259,0.05581918326694653,0.048225730845308075,True,0.0,0.0
